share_high_consequence,attack_share,human_detect_text,human_detect_media,act_on_doubt,challenge_uplift,training_effect,false_refusal_legit,check_error,provenance_coverage,poison_success,callback_catch,callback_catch_insider,dual_catch,post_hoc_detection,harm|ZT baseline,delay|ZT baseline,harm|Awareness training,delay|Awareness training,harm|Uniform callback,delay|Uniform callback,harm|CZT (full),delay|CZT (full),harm|CZT - friction,delay|CZT - friction
0.13532825455927383,0.022439860377701487,0.2236862644399453,0.19940010298509697,0.6975965290817187,0.3567401745952869,0.06980708627583831,0.015458322341735806,0.056389172322770534,0.20653863315408555,0.6541472165535346,0.888326087297015,0.09262172232843095,0.3535031210991418,0.3708001850657944,181.00000000000003,137.0,168.99999999999997,137.0,41.0,1463.0000000000002,27.0,1500.0,108.0,188.0
0.2155334063158016,0.02016031269628723,0.24590799420831633,0.06530622929344379,0.21579353425313763,0.052286495513050917,0.3507502883779967,0.02546664540362217,0.025733951743559892,0.8546580860659105,0.6918843404918944,0.5215975888984254,0.49062311539827186,0.2415793906470898,0.8553849299693641,176.0,272.0,171.0,272.0,84.0,2323.0,38.0,1830.0,102.00000000000001,317.0
0.25916129281164596,0.024187019082217036,0.2828601012971341,0.15362467105889016,0.35462213770062995,0.32480085804342795,0.033583970023751276,0.021779079559541746,0.29240911482960696,0.9721265365738505,0.6386420957648071,0.8648796887022513,0.200875575694428,0.5033171474479187,0.6706450332862564,224.0,223.0,223.0,223.0,44.0,2679.0000000000005,23.0,3185.0,125.0,895.0
0.14033061016202164,0.005213956580672497,0.3126557462880875,0.22934975290147785,0.4259777009808831,0.19432527671992933,0.14706785304050393,0.005156023729501483,0.19162973505055006,0.6172110182334443,0.5814927314836889,0.7260134899788052,0.3812003614702478,0.7718362975507549,0.8408867057635638,50.0,54.0,50.0,54.0,15.0,1377.0,5.999999999999999,2157.0,34.0,248.0
0.2841741426859203,0.009815355785650662,0.5208430622483435,0.08904554699833754,0.23972003915914308,0.10208429908769434,0.035245354499796766,0.012658921518586436,0.287775910652244,0.6696582377192868,0.05511997788114599,0.5939947672514345,0.15211092146826444,0.765793255963898,0.3495858032883543,75.0,104.0,75.0,104.0,43.0,2827.0,16.0,3351.0,40.0,721.0
0.2669903722181845,0.011894121949253364,0.269577831615627,0.19087778926695448,0.38020872072325484,0.16974985657984742,0.3874141155731303,0.008982280291528852,0.03414678382931425,0.24527784160298022,0.5111637601164534,0.5718184265886083,0.08967180269995778,0.6085016835228552,0.687894254640688,121.0,97.0,115.0,97.0,61.00000000000001,2643.0,23.999999999999996,2038.0,69.0,168.99999999999997
0.09877077039655806,0.029111726922213352,0.5446628504898025,0.3960142956282277,0.7008428361506451,0.0798870268257679,0.050653919943060594,0.01611279787879008,0.0020190796965348884,0.2087132193714041,0.319073532056255,0.6529603872552593,0.13113166130564113,0.45043588744005697,0.24309114520325117,217.0,196.0,214.99999999999997,196.0,112.99999999999999,1155.0,50.0,868.0,125.0,196.0
0.20359833919346193,0.007628346704757372,0.5069865567322405,0.311542388445486,0.43816844837957414,0.024578824348338017,0.1332160060466659,0.026892319718743663,0.19458794103997556,0.4926748800275669,0.2657321683993142,0.6258885746294156,0.37671036440472255,0.5653497682246511,0.7260200751376729,64.0,287.0,62.0,287.0,32.0,2229.0,11.999999999999998,2604.0,36.0,557.0
0.1730862312984275,0.010180055021622716,0.15864204179976962,0.2874534761009417,0.8116323532483081,0.3902766253723501,0.1431896638234673,0.02262690408169331,0.03978068932570601,0.4343087248808566,0.5869547731733677,0.7881344925035678,0.4107885005920981,0.39536588784151294,0.5736766475473134,86.0,212.0,78.0,212.0,26.0,1860.9999999999998,10.0,1404.0,41.0,248.0
0.15509940190326382,0.008390625759185723,0.2791806297786159,0.056394248751907225,0.259205302408747,0.009095167714897703,0.3317347192335289,0.007590689785065643,0.24471179524689396,0.708143837208042,0.3299158022272212,0.7393615146982321,0.07270025345560692,0.4109916605625916,0.6953316112702,95.99999999999999,56.0,94.0,56.0,33.0,1571.0,16.0,2371.0,53.0,331.0
0.22312925589947952,0.007407390182990154,0.3570555398724966,0.19749710950107313,0.7434124424734707,0.11634208627354617,0.27624475930616293,0.0036712984853802975,0.13946209694843034,0.8683733420289199,0.4494984369884255,0.8939057065732109,0.08356787901459109,0.36193637102206294,0.3834185061314741,68.0,33.0,59.0,33.0,14.0,2209.0,8.0,1942.0000000000002,42.0,291.0
0.24849569110672148,0.021599963333240955,0.3593784532266239,0.07996612239958234,0.47860329656965495,0.12782635947619872,0.36230832399578183,0.0054862120685831225,0.03954974763616679,0.6228404890275603,0.5463705238622827,0.6889981124993166,0.47856069105803867,0.42982774437592763,0.7747801344972862,196.0,59.0,175.00000000000003,59.0,68.0,2471.0,34.0,1902.0,120.0,110.0
0.07051536289862362,0.029246228326555476,0.45571280168912565,0.3054596122821937,0.5455112706703313,0.0570057453550967,0.32436009440513636,0.028519825203916306,0.10176983300331228,0.672956272780775,0.06483596058697302,0.8123842045720991,0.09073266594520249,0.5952873990276032,0.7909032081643679,235.0,277.0,213.0,277.0,71.0,971.0000000000001,31.0,1434.0,138.0,327.0
0.08845806442189445,0.010954999717807697,0.16946523142200196,0.25599154535126734,0.7885571713594282,0.08983493608435765,0.18432020084545692,0.02254466589000151,0.17227172490089523,0.8675248449226978,0.21664054466409666,0.7426079106320217,0.0710353855681033,0.340147849861571,0.3374969526349276,100.0,225.99999999999997,91.0,225.99999999999997,38.0,1100.0,23.999999999999996,1540.9999999999998,57.0,349.0
0.26798027402576374,0.017939489771253495,0.2885591614465153,0.13783240228646573,0.7000889653209241,0.039045981734532983,0.3975586344873796,0.006808502954802301,0.23455442871828602,0.3115942134524905,0.47020956414710996,0.6786492087928985,0.4838089197237531,0.5259865058911737,0.2566341304006863,182.0,76.0,161.0,76.0,76.0,2716.0,33.0,3047.0000000000005,107.0,500.0
0.07606774205542277,0.025385945462308858,0.5075876897234024,0.13133500162033523,0.6700215858693812,0.37940439896805944,0.005498042254870241,0.022823915580011886,0.1335488689742622,0.2991514513059291,0.05757494123774202,0.8022308762657269,0.2087418777483785,0.3941286526050418,0.2001873029729448,191.0,225.99999999999997,191.0,225.99999999999997,59.0,983.0,31.0,1460.0,91.0,282.0
0.17024145302229968,0.0026999691540287103,0.17568176805609292,0.296327275553448,0.22378426472034957,0.07899893912909682,0.17834012832344662,0.02136477951562292,0.18773838179526137,0.8753380528173993,0.6859073522006846,0.7525832734281933,0.31645824736654987,0.5986143149950693,0.8697908834926074,28.0,218.0,28.0,218.0,14.0,1809.0,10.0,2562.9999999999995,16.0,446.0
0.16243880424385707,0.015657209252410972,0.3291325281137077,0.12421501001609797,0.6024438405517443,0.09191863322165891,0.09942591211472313,0.02224669334190368,0.01962845213135439,0.40386514646860094,0.06081198722605335,0.8274422171874085,0.1932637565643036,0.735446027085733,0.7773037240813245,131.0,208.99999999999997,126.0,208.99999999999997,35.0,1802.9999999999998,14.0,1438.0,80.0,224.0
0.24101426045467073,0.02872119854291373,0.3727520268221005,0.25974846328243995,0.5397872312852666,0.29757809060046364,0.24141322574973342,0.003932612060898956,0.0721732990616299,0.8881058951326575,0.1537723880455513,0.5839331363120613,0.2756160136437123,0.3151287809066235,0.5542533367363586,277.0,46.0,264.0,46.0,150.0,2302.0,78.0,1936.0,155.0,148.0
0.12912071934028443,0.002607619810728153,0.5533803667373072,0.05794452672359631,0.6633963697243419,0.10043421397791959,0.3830489133623214,0.02421735935675422,0.10596483983880316,0.26806128600491147,0.12956051364508336,0.5844962566703238,0.48207177597284584,0.6145027555774076,0.47012101673384515,27.0,268.0,22.0,268.0,11.999999999999998,1525.0,2.0,1754.0,15.0,328.0
0.29724381193006133,0.028836837203891748,0.5385920740696386,0.25533775786913,0.8848399442347217,0.2025857148167136,0.11146118864496615,0.011175856882690457,0.23653470416027983,0.2511077738460239,0.12040521249329936,0.7639794913306133,0.4742280173056506,0.5537543404790675,0.7342995862608723,195.0,103.0,181.00000000000003,103.0,73.0,2958.0,37.0,3269.0000000000005,112.99999999999999,541.0
0.1978647079192702,0.019122020901831717,0.3683385992845333,0.3074059122250486,0.3185903660997546,0.21802854256793208,0.2342013916682021,0.006624815108441718,0.00019896388658769874,0.5632490049551191,0.4720487245353854,0.9036728438346135,0.25751215151049806,0.4717354350790794,0.5202872156511539,170.0,71.0,168.0,71.0,36.0,1986.9999999999998,20.0,1260.0,88.0,74.0
0.14820644274090633,0.006545209418679637,0.37611501283832716,0.2583181891547003,0.4852018714618589,0.03693750690713589,0.2629269138052985,0.010281226547329913,0.09084619504748197,0.6272518103575974,0.16925873471335134,0.7810866785402255,0.44272628958704224,0.20037399784101817,0.5827038006077868,72.0,84.0,68.0,84.0,23.999999999999996,1534.0,17.0,1706.0,42.0,201.0
0.18028827803944703,0.017466588149140275,0.13505109243093683,0.23878951192734837,0.5342975067442489,0.3194047523386284,0.16756159812048682,0.028852525203114248,0.007816246589831531,0.39863651011172546,0.5445819411694546,0.7297220703349967,0.276921433970956,0.6888043590729305,0.7307973605438174,165.0,312.0,157.0,312.0,49.0,2013.0,16.0,1513.0,79.00000000000001,315.0
0.16128730362650562,0.015295685429991166,0.3586444605230914,0.3550218167802576,0.5602744118402072,0.3940924792367497,0.33649623158012304,0.0006606895450829879,0.08759418337859025,0.6999283650831486,0.20011479104077023,0.5395708154976245,0.19906095746982327,0.47358049129141455,0.49389956519080047,156.0,7.0,148.0,7.0,82.0,1708.0,25.0,1545.9999999999998,73.0,106.0
0.08260952906609717,0.020297675337362646,0.45173608645906893,0.20890204292808112,0.4697997508025407,0.10690007434164672,0.07214882506843875,0.0010267074254125125,0.06848690369116703,0.4160433287819165,0.4974055186309736,0.7324876524429902,0.4790261081814374,0.6344635583824543,0.26734965096337066,168.99999999999997,9.0,167.0,9.0,47.99999999999999,835.0,22.0,876.0,92.99999999999999,36.0
0.2746029809319962,0.02653850636455534,0.260235788236182,0.27046640903934116,0.791958033110302,0.2798937265144035,0.20441608714657336,0.02369251870053079,0.07794243116453514,0.2760586787519432,0.44138159088621,0.6912837671981696,0.378289534030086,0.6072307020365852,0.426833433383791,212.0,242.0,191.99999999999997,242.0,77.0,2950.0,32.0,2289.0,115.99999999999999,388.0
0.08164477531004541,0.02037726156366447,0.5455865675011278,0.07064429097276657,0.6758741123142051,0.13018591319673112,0.0730409853566794,0.016810291800048827,0.22495304115075693,0.35593552792092537,0.22355981837025185,0.5806765830579765,0.4549715730555017,0.5747800463002521,0.3423527522341493,150.0,153.0,149.0,153.0,83.0,956.0,36.0,1969.0,85.0,263.0
0.2645292232969185,0.013240303548419163,0.20811659633759766,0.3508303266510664,0.39962014388686395,0.3201299503965014,0.1602269372033827,0.007137965142844495,0.14378675215844566,0.5506111908396758,0.6680952100812745,0.8427197486144682,0.2891150756753172,0.7755607986880322,0.5453621999123903,147.0,89.0,141.0,89.0,38.0,2722.0,14.0,2412.0,78.0,311.0
0.12306590098339311,0.02326699813076557,0.13739263094325993,0.23698567952949134,0.4166809558794339,0.33639827627585095,0.06788235716131258,0.0017035097605494973,0.159658185074797,0.6550793804680646,0.530943274846421,0.5440456387470922,0.06636185575934132,0.29256764831353144,0.30860645560150524,227.00000000000003,10.0,223.0,10.0,124.0,1246.0,65.0,1649.0,141.0,139.0
0.2759726847695039,0.014824777626281229,0.32647435692961696,0.05306297942213819,0.8772093498020022,0.10377039196945709,0.19926310265049446,0.024798779036182734,0.23052179639504056,0.666215777865865,0.6217415318960081,0.8959227805725369,0.4944161516048326,0.39085614842873384,0.29936972956545604,112.99999999999999,233.0,95.0,233.0,22.0,2873.0,15.0,2947.0,65.0,719.0
0.0525920064803793,0.011858543208168086,0.3193595484761167,0.3335126799976314,0.5047092473675997,0.09673119698552644,0.01305537981257548,0.01591659538710724,0.22121921392929958,0.7516986887847363,0.5543310884000983,0.7440740866334083,0.14213602912145518,0.7927163585986277,0.6996985353443144,107.0,175.00000000000003,106.0,175.00000000000003,32.0,682.0,13.0,1670.0,56.0,241.0
0.10626064129123866,0.02312398425521127,0.571397222746479,0.2415874802714158,0.3560837567623543,0.27797416945579523,0.24516415659807086,0.009266952647443148,0.14627773675533132,0.8708765301250503,0.15680883731430534,0.8365402175109671,0.23785836866951393,0.5973884489979491,0.7423237682960435,191.99999999999997,89.0,185.0,89.0,52.0,1084.0,26.0,1456.0,106.0,221.00000000000003
0.2044372340617367,0.002546057660418959,0.450014646756564,0.28229295619136524,0.6161916050454137,0.24739034778026048,0.24335330536190455,0.01213966604203652,0.13210670123214097,0.5467145083486331,0.39453691053223644,0.654011248341723,0.3454482576361263,0.2779014642761883,0.8431469768868387,19.0,123.0,18.0,123.0,5.999999999999999,2226.0,2.0,2085.0,13.0,293.0
0.24895637260535053,0.0175157195321577,0.43428944136822034,0.06271431259675216,0.5625222667711249,0.2962658677147356,0.022446495190977106,0.0004090220647356509,0.29138413696538956,0.893633275027236,0.37395392743472433,0.7666647560516324,0.24729576607680276,0.28231490791741964,0.559560667739258,127.0,2.9999999999999996,127.0,2.9999999999999996,39.0,2412.0,22.0,2990.0,59.0,504.0
0.06224777470329642,0.006364591618818634,0.21556347395972392,0.3602579806630933,0.3413945025999141,0.29397152403799515,0.36126788666879645,0.004074617755099426,0.2534030268185793,0.365999755315395,0.4732999212889413,0.9432324923060198,0.4494713765233383,0.7074816480383566,0.633308488492503,54.0,36.0,50.0,36.0,2.9999999999999996,657.0,2.0,1807.0,25.0,126.0
0.25682596899169935,0.02610676529797898,0.5862184196318053,0.1921266117530861,0.2929399610548039,0.11701790277581048,0.3569040837482105,0.0001600052645405691,0.07054704793085817,0.3888712905119169,0.3617697182390872,0.543513553333634,0.36794230659245536,0.6638663066426587,0.5432302414572965,253.0,2.9999999999999996,244.00000000000003,2.9999999999999996,124.0,2439.0,38.0,1938.0,139.0,126.0
0.25502473127958775,0.014333254750815212,0.40157571865038144,0.11811154339480723,0.7841929681523627,0.30520297260720586,0.20035246943362317,0.008608472236924423,0.18100366241137206,0.5650502157728101,0.054466544619671486,0.9013495047078921,0.07786326155141364,0.30416646131948444,0.5807721995499392,103.0,61.00000000000001,90.0,61.00000000000001,26.0,2604.0,14.0,2570.0,55.0,399.0
0.09560467044406006,0.029876392521791896,0.30568716058608036,0.19818265457403667,0.3104983921468829,0.39256420104258827,0.26805356817698617,0.011049752605257507,0.16738394294567296,0.6087088277133291,0.5079092519410845,0.897289346783525,0.1099935188194324,0.46551076064267194,0.40781482560790894,301.0,119.00000000000001,282.0,119.00000000000001,52.0,1023.0,31.0,1507.0,158.00000000000003,231.99999999999997
0.18437783108001354,0.009226559916245856,0.40740368270300875,0.08520340752247495,0.6665630544843169,0.22807589672688267,0.2229930228066825,0.02531856721578147,0.18605485951218248,0.23762337766619726,0.2924468948960133,0.823743389153545,0.4529112938852876,0.671358300617234,0.526910842260732,89.0,229.0,86.0,229.0,28.0,2022.0,15.0,2538.0000000000005,51.00000000000001,456.0
0.22829262718151594,0.013298506173614682,0.4644274095750981,0.1449175032626829,0.26429160471879415,0.31790738674974695,0.07106112308171732,0.004606005620938363,0.27795476494453625,0.411171034145814,0.08850178694212854,0.8502284984877795,0.3526460213149262,0.4431762608394682,0.4313647929234137,136.0,50.0,135.0,50.0,26.0,2239.0,17.0,2875.0,62.0,451.99999999999994
0.12319657336877754,0.008686208528919876,0.5543777004268828,0.2992697156693297,0.8019200044164536,0.39381532352491666,0.24449967524707927,0.0015279139716587278,0.25753702749579443,0.285952981416257,0.5063926038948975,0.6428593182354844,0.3496541919426492,0.43464127930862245,0.39091765805750567,52.0,14.0,47.99999999999999,14.0,30.0,1259.0000000000002,18.0,2440.0,27.0,185.0
0.17609026706478537,0.0033239282714347274,0.5173377006105974,0.11865582394913433,0.20855482164570813,0.352854428727059,0.3118669482978577,0.026103754621849353,0.09333350592258742,0.5330963649599261,0.32898079992343326,0.6742493159429148,0.08376733000428652,0.6520694169223498,0.2962511901984013,37.0,265.0,37.0,265.0,14.0,2004.0,4.0,1746.0,16.0,375.0
0.24699758838753005,0.0038958498176162966,0.22617824015566124,0.3244295461208943,0.7344233638570494,0.27025521466645325,0.047962182651224414,0.01799931502475304,0.028062732030626165,0.24279327847809856,0.516864274890149,0.6870713305400354,0.12535761545454682,0.20322182042230177,0.46603219376150484,33.0,206.0,33.0,206.0,13.0,2597.0,5.0,1834.0,19.0,248.0
0.16934136191918103,0.020991024802361626,0.5657212484622298,0.25762666418396946,0.31915584004553116,0.04605937264688256,0.030210336043732345,0.022941723067935998,0.03080302508093395,0.7720724760074189,0.29770738425312293,0.5577860018390132,0.3043460647782446,0.3892717587459774,0.5388632642354528,179.0,229.0,178.0,229.0,88.0,1901.0,44.0,1589.0000000000002,109.0,274.0
0.219709758630376,0.028629342602512334,0.2678792575444687,0.21469441022201413,0.6181806198492188,0.23287696172961048,0.32389648624925316,0.002494978766717582,0.036199741080472365,0.6899414587847745,0.5516082927141127,0.6266734552496395,0.2237561477109105,0.5157034187569013,0.6215151882518553,286.0,27.0,261.0,27.0,128.0,2177.0,64.0,1763.0000000000002,168.99999999999997,102.00000000000001
0.20928364945158195,0.014232032241179348,0.2591938904811562,0.2998203575567375,0.4825604540692594,0.24554840618915372,0.36014491398555454,0.025637926159055892,0.15719777896167927,0.45757873829619816,0.4363699572725945,0.8663898191011137,0.4656300609298455,0.5242566571973455,0.45900844559946447,119.00000000000001,260.0,106.0,260.0,27.0,2291.0,16.0,2400.0,70.0,484.0
0.11753016124005239,0.024202811837081943,0.5765914914435286,0.1763012504941046,0.7801174172754979,0.2517258382317932,0.32200970096675907,0.017872684535574352,0.29457598597021795,0.7318379585163615,0.1369884497792233,0.8820929265381248,0.4934247998550157,0.7629557005464715,0.7182548367762076,167.0,172.0,136.0,172.0,42.0,1300.0,22.0,2486.0,80.0,446.99999999999994
0.17234325064500716,0.010588742679867716,0.37969762790182315,0.14726893376579442,0.6423422813873846,0.1379832917850676,0.1796111144350482,0.012431724737893956,0.29270590141786296,0.34567430006592514,0.16241874744736673,0.8317736149140231,0.42056591548266226,0.5512689152481441,0.2595652781897809,101.0,107.0,92.99999999999999,107.0,25.0,1781.0,13.0,2706.0,44.0,398.0
0.16305709486126732,0.02965739772469675,0.20406722628958934,0.10147855068502412,0.4212884267915744,0.15351012086081328,0.2924756100049417,0.02731453812099544,0.22752372399969706,0.537487330740261,0.159594359484308,0.8835310951525188,0.363100202555301,0.42266927131886756,0.5747425619946442,266.0,248.0,248.99999999999997,248.0,47.99999999999999,1764.0,26.0,2406.0,140.0,512.0
0.06487548936687716,0.02151533126171238,0.37805959811158474,0.38796560919187745,0.5998942477898743,0.040226053550752816,0.26605228868731773,0.008247976287400873,0.10010751114049674,0.8464099227348647,0.4319641770636503,0.6010809910008419,0.23890752797117237,0.5672752041069016,0.4206328987313809,165.0,71.0,155.0,71.0,77.0,699.0,34.0,970.0,92.99999999999999,128.0
0.07968340292722062,0.01857038813419027,0.5235437007167834,0.30840144846405465,0.5766903046836651,0.18087731938373672,0.04184188031718114,0.0033136571710636964,0.11421255697399424,0.3029106314438246,0.5800876121519707,0.6099052922647011,0.36857357179203065,0.499490113996298,0.8082304007900676,151.0,26.0,151.0,26.0,77.0,766.0,31.0,1700.0000000000002,76.0,89.0
0.19397008025997897,0.020558246543553857,0.4738990527096376,0.32962929846501166,0.8466029971517128,0.3858624019340693,0.10298711461459026,0.009777740185037413,0.05618816484045934,0.7349782971692622,0.31566896692648666,0.887713735188995,0.31100440329228857,0.6901912899070989,0.6561497753966137,134.0,108.0,127.0,108.0,35.0,2001.0,22.0,1681.0,77.0,200.0
0.2004182656220917,0.015562031484311529,0.18316547337137665,0.09895849176903576,0.4294180686734604,0.17253558333572816,0.35559629763934186,0.02000089990879497,0.16407365592082412,0.8038055220867368,0.18500484885583685,0.6927390923531036,0.3176518314647817,0.4171993919347541,0.31411371465200877,156.0,207.0,140.0,207.0,54.0,2137.0,30.0,2277.0,95.0,449.0
0.07792640996784492,0.01939365566042433,0.5270742569756058,0.2629931836022444,0.39778940932183254,0.25778423799415723,0.05649089463255941,0.001950296569472333,0.12960320217429971,0.9533722107325702,0.24375427503189162,0.8202826080052483,0.4611859745815,0.4395653242252606,0.5610896038109292,154.0,20.0,151.0,20.0,38.0,796.0,18.0,1195.0,75.0,115.99999999999999
0.26536770838033397,0.008197031243358126,0.33717140775818144,0.12157628063316263,0.6050970008473475,0.3422504640707394,0.39237773153489175,0.007091295466516061,0.016496143216705485,0.9460327666816268,0.46868088060321295,0.9066356867450132,0.41799948143961896,0.7322285689242809,0.45189033181685667,70.0,80.0,46.0,80.0,9.0,2713.9999999999995,5.0,1592.0,38.0,110.0
0.12575037718099216,0.02570231678676771,0.47603716974096943,0.21562791188595148,0.43238216957334674,0.2563473162704026,0.20841694366915445,0.0014282546199322185,0.2819848640525567,0.895489546572658,0.38046730379244925,0.7578262497253127,0.47722370413596316,0.2913225342102441,0.40271158831097253,231.99999999999997,17.0,227.00000000000003,17.0,81.0,1239.0,51.00000000000001,2254.0,132.0,325.99999999999994
0.10121308242560909,0.0021327633299173658,0.2870505511988818,0.1031753687416194,0.6832284304419697,0.15092307774950098,0.39179711816811613,0.01710118413244887,0.049361090898383246,0.24713667418790772,0.3967939931116834,0.5131993861481292,0.49737551163477417,0.3201808827588621,0.8891752278146121,16.0,156.0,14.0,156.0,7.0,1164.0,2.0,1511.0000000000002,10.0,176.0
0.12089110095066906,0.007887609082838597,0.47895425952959936,0.39872404747136414,0.25657207792879155,0.008410853763752132,0.0029770062089505577,0.009163677452419418,0.0486012155912224,0.7937418494053181,0.0668554115286781,0.7503867659786168,0.21715964875468774,0.5310906346408348,0.7104820406892156,78.0,97.0,78.0,97.0,25.0,1342.0000000000002,10.0,1296.0,49.0,148.0
0.27825459465794866,0.01903426093408843,0.5645473408356336,0.09554486231649342,0.8657068415126332,0.36778171560302453,0.23863707983153165,0.0031901323466291772,0.09207141037030787,0.9174843270703719,0.3892050941134655,0.7538185266424299,0.4851080069423984,0.533918150904584,0.7724189841528133,135.0,38.0,118.0,38.0,46.0,2800.0000000000005,22.0,2060.0,75.0,253.0
0.17490939062588678,0.027116108963050792,0.4122079828404712,0.3386599776948877,0.22054724319829933,0.33877298122518523,0.19522864287737238,0.0012585720197465042,0.2772059459011791,0.3046761986389511,0.3094736823532089,0.6273941367656387,0.3948454563999186,0.6617272445054261,0.23318964298430378,261.0,10.0,258.0,10.0,117.0,1792.9999999999998,47.99999999999999,2616.0,139.0,316.00000000000006
0.2887713759076221,0.021819543523075628,0.33234521739730716,0.3936054714044664,0.29568304040743476,0.26355732500882145,0.10512433659513572,0.02623409988189874,0.27106510852424653,0.4154672800249971,0.10015010385560442,0.5865978017773619,0.19255636573075757,0.4290888232028721,0.4225592970993822,229.0,259.0,224.0,259.0,100.0,2944.0,39.0,3433.0,125.0,734.0000000000001
0.1458763027261864,0.02233187734687729,0.1381800160176205,0.12959848273499547,0.5905428257556302,0.30782001965287453,0.028925345697498963,0.02634006252075709,0.2589520926733114,0.8396582231373535,0.4563532965625381,0.6977232319897035,0.06806546327392367,0.5456671292579491,0.3811663343048801,202.0,266.0,199.0,266.0,86.0,1673.0,39.0,2342.0,104.0,517.0
0.13723904672974463,0.0035612986913657234,0.25007428811730725,0.16580271670713043,0.592735588888236,0.03855058282500261,0.08614003542163112,0.013413641638309168,0.04997438883297525,0.8969459678617584,0.616138234385482,0.7925676384192992,0.44039738930451144,0.23140260448534714,0.8618164779194362,25.0,149.0,23.0,149.0,5.999999999999999,1533.0,4.0,1458.0000000000002,13.0,242.0
0.2917506119691673,0.003419729395729729,0.4422051331886905,0.23982552417357927,0.5328887113018896,0.0831244083529782,0.029371093094192814,0.029929885841258684,0.17388279961711717,0.8650309473074689,0.6554601880192373,0.8933132276879232,0.37293607392193906,0.5491647324421579,0.6818699938945305,28.999999999999996,317.0,28.999999999999996,317.0,2.9999999999999996,3057.0000000000005,1.0,2703.0,14.0,692.0
0.10961253680588981,0.02461849416909541,0.23313616839946116,0.06881965007221391,0.4288502084280783,0.266992465952431,0.055150451193513306,0.020140194994264823,0.2090387736478812,0.2821511780765982,0.13561390440785107,0.6515221787562644,0.13090343942995858,0.3078644888976003,0.3446694323818943,235.0,198.00000000000003,230.0,198.00000000000003,97.0,1256.0,59.0,2025.0000000000002,139.0,319.0
0.16621821925493846,0.01712452135897176,0.5872380555101594,0.10435049765679852,0.4172993542622903,0.3350458447592755,0.14140101340344888,0.018334300030592783,0.08222827646565013,0.3687136015515024,0.21880682563660403,0.872871907631537,0.3799976617187753,0.511617008113096,0.6321563984805956,145.0,170.0,139.0,170.0,30.0,1748.0,13.0,1608.9999999999998,72.0,283.0
0.10440884671397631,0.018899466200571174,0.5297177147411183,0.19644384613614962,0.24121487581772313,0.22502291626104387,0.12123906574568527,0.003705089310490638,0.045806270106682236,0.6876532880620572,0.29634568798712474,0.7027417427451329,0.09519418240978755,0.758653558759347,0.5369719346248705,185.0,37.0,181.00000000000003,37.0,72.0,1074.0,28.0,978.0,97.0,73.0
0.10268682545281704,0.016132401003744322,0.4658968683085649,0.060210990337188325,0.8790953689009675,0.028038641248315333,0.2950911582787847,0.016401700838065816,0.05803348781783894,0.7123502503583734,0.1485319853050124,0.5888115100940032,0.08226785660613845,0.5758180719857948,0.4167933393827916,126.0,176.0,110.0,176.0,70.0,1136.0,28.999999999999996,1262.0,71.0,212.0
0.10373721623213221,0.027730010883897885,0.5028521612157344,0.3280889398011056,0.7638878116294847,0.23471835533401209,0.3372526706070939,0.0063554335030831565,0.12873409394594418,0.779753526828709,0.06893711258665336,0.8925409651176488,0.3042483230050435,0.6542796665329795,0.8987704430619743,184.0,71.0,156.0,71.0,47.99999999999999,1068.0,20.0,1313.0,107.0,197.0
0.29878752710367834,0.0230602915105617,0.32132130582499346,0.26229463068447195,0.3440757476663078,0.33198589088050534,0.17127508535630553,0.014348613084560109,0.10303362663372624,0.7119834483532841,0.3592193040587847,0.8851629795709601,0.4073507754702181,0.38040405216441187,0.3892372661822459,208.99999999999997,128.0,200.0,128.0,32.0,3001.0,22.0,2294.0,108.0,352.0
0.15425976285859871,0.014536732009203588,0.5984761485073434,0.35804645436889887,0.5950031935135731,0.3708161128331189,0.23704892972377112,0.0017619611981369958,0.10358461806101928,0.5954237781401932,0.4430589567895315,0.9305699983849162,0.14703500401962502,0.3643698897937788,0.5129668463637913,100.0,20.0,92.0,20.0,20.0,1499.0,11.999999999999998,1475.0,42.0,137.0
0.10008182563706214,0.00541180092413437,0.4100473286518632,0.3576551689903753,0.542467859997436,0.3802671751598859,0.287086029845512,0.010372413871795041,0.18494417333008492,0.4379104844363891,0.283911004054117,0.9446405905772095,0.1788896852771924,0.746411912630629,0.49085595002177623,43.0,130.0,38.0,130.0,5.0,1124.0,2.0,1752.0,20.0,242.0
0.17327592087322405,0.01798056333890479,0.1429523282160018,0.26368229221875494,0.3924719083312946,0.21794584616718835,0.023867967815777068,0.01171354831444151,0.15810721542553113,0.306127993188096,0.41597631504082977,0.50365356548011,0.27477566545760435,0.3271583520833648,0.22329396612037206,181.00000000000003,109.0,181.00000000000003,109.0,89.0,1776.0,39.0,2099.0,95.0,307.0
0.2130191161731817,0.018998525569813733,0.2099605685917104,0.20077109406743254,0.30766679917172324,0.19121658182008539,0.18279886761377612,0.0055735574060840586,0.13695198816477072,0.7491821840171415,0.28635259183965117,0.5643941635491705,0.2413165265460544,0.2550524993918911,0.820382116380961,162.99999999999997,50.0,156.0,50.0,69.0,2055.0,35.0,2355.0,92.0,244.00000000000003
0.15740553845515645,0.02063465014910673,0.12984742196457252,0.18428814859807968,0.3765691560411615,0.3872977056070679,0.30715111485567215,0.028341071970573124,0.09544477680636944,0.696862189601609,0.31010315571724884,0.601443839669026,0.2792498663741778,0.7441560063701242,0.7836460905199032,213.0,250.0,199.0,250.0,89.0,1756.0,27.0,1729.9999999999998,114.0,334.0
0.19965641172015008,0.013057259487868832,0.13960724636053196,0.13159030733499966,0.4749680308377664,0.2921777688159171,0.018060687046646505,0.004850771988375229,0.07151909409554859,0.2781095582998228,0.5230010104183649,0.6228232512521235,0.3698778267802527,0.23554184994790414,0.6542283643465243,124.0,47.99999999999999,124.0,47.99999999999999,51.00000000000001,2028.0,27.0,1773.0000000000002,78.0,135.0
0.22411992662548308,0.0023356985602719384,0.4689779307079721,0.1777207508680157,0.46044260367113327,0.3034751629961123,0.10469003469885448,2.866541952881078e-05,0.18427939155561565,0.40910441146721976,0.06305874755047039,0.7413065724677781,0.053480866939336576,0.5029996977893931,0.7995746441590568,23.999999999999996,0.0,22.0,0.0,9.0,2213.0,4.0,2388.0,17.0,306.0
0.26414190175547053,0.012344021248972487,0.2962170749966073,0.3978559372021884,0.8238701510050579,0.3714191236844424,0.3439294848845464,0.0070246731379752445,0.26807779405211174,0.7547481161524101,0.10504808233022742,0.6066897253879113,0.48917081832643705,0.6189180847157649,0.38853484680344175,112.0,82.0,95.0,82.0,51.00000000000001,2710.0,16.0,3266.0,61.00000000000001,637.0000000000001
0.09349234261576572,0.01994062342615629,0.18078339510820232,0.266598824052476,0.8716875311055501,0.3017351699918724,0.1923461238457138,0.0038480546234125074,0.2666573617067991,0.46265030926012507,0.5897380877417331,0.7164506446810668,0.3064282856559758,0.5142568363534095,0.5024554313396128,165.0,37.0,147.0,37.0,61.00000000000001,972.0,25.0,2149.0,95.99999999999999,217.0
0.1345872529759552,0.015220546836897896,0.4182738694452427,0.36996882465093617,0.8929650548552479,0.288896727505179,0.04587824147866548,0.021448157724234647,0.1889105019132035,0.22060318970919784,0.46721261593649605,0.5060358240645089,0.16626398256503827,0.24267655246912623,0.3123633449683153,130.0,193.0,126.0,193.0,86.0,1492.0,51.00000000000001,2330.0,86.0,342.0
0.08781304026595443,0.023523435247657043,0.3422048039002188,0.18501713283255566,0.30984305897139486,0.31222538887357454,0.08342530663714262,0.0108195751597264,0.24632589896090543,0.7190359324698941,0.27522532346041745,0.6484362873492395,0.4631624009030212,0.5069052848870292,0.6139347606959056,229.0,108.0,224.0,108.0,88.0,942.0000000000001,36.0,1883.0,125.0,260.0
0.09746921613453119,0.0059457436687829985,0.3464607614933808,0.10174970888831156,0.7719117046015718,0.0484916802018885,0.053536895359513094,0.020083683476765552,0.13967467858461538,0.8611379951749061,0.059722595707765475,0.7308275062398245,0.13423847398624397,0.47677071774355007,0.6973192486942632,54.0,173.0,53.0,173.0,21.0,1107.0,11.0,1650.0,32.0,290.0
0.11009936026217956,0.004470781382843167,0.25205631268799006,0.11219151005234049,0.8732189817576232,0.1821427079538046,0.3548054885618391,0.018237864090094414,0.28026746789574786,0.5056492253168572,0.5556245690914461,0.5452251067902812,0.4061606704849117,0.23988281749427035,0.641370105172987,47.99999999999999,201.0,45.0,201.0,19.0,1315.0,11.0,2818.0,30.0,422.0
0.2728697737504741,0.02281560158385354,0.48850388490985186,0.2917268737379773,0.7979204143192382,0.2387757471194854,0.10088925965605394,0.018903002709490056,0.06085209306177355,0.5688667075478262,0.2644250827225953,0.6350577954097065,0.34089460698508656,0.2078078189392077,0.33362465793707774,199.0,188.0,189.0,188.0,102.00000000000001,2828.0,55.0,2069.0,110.0,280.0
0.06888206536304708,0.020770820308077954,0.2812555597504286,0.16780768917614747,0.2908357277554841,0.043462945660378845,0.06563328757730051,0.020969895782485808,0.053508351655649544,0.24819649463974,0.09180778381458285,0.945885760208395,0.39798672521544687,0.6770819726369306,0.6261576990065583,189.0,197.0,188.0,197.0,25.0,876.0,15.0,1173.0,104.0,233.0
0.2174249448164044,0.00850505139304921,0.20544578847728345,0.22439489475727392,0.6275966253534937,0.07717738137123376,0.3137015499087261,0.024374258181127647,0.21037061202712168,0.5899905158538344,0.08696044723316569,0.5707180784893097,0.09742789158350382,0.32168962789140043,0.7122187304416354,84.0,248.99999999999997,76.0,248.99999999999997,41.0,2349.0,21.0,3116.0,49.0,497.0
0.132646567389768,0.005620731523728641,0.4442579802448072,0.13337866969158887,0.7138649658341729,0.11866047945174021,0.2136094205867509,0.017224309466387533,0.2883083594238137,0.9930774790285792,0.5375776943204829,0.6653719606201309,0.2832255332358132,0.7884645087189341,0.21609468055504535,47.99999999999999,162.0,45.0,162.0,23.0,1445.0,15.0,2349.0,33.0,527.0
0.2689891631546737,0.006830199314833749,0.42687039395322235,0.0924082068461666,0.5012351691255039,0.10935242743239078,0.0610802741057071,0.027073595685219217,0.28528010547663785,0.8834885173901799,0.5248471939592946,0.5366996794967283,0.2254792142966624,0.44459046405878233,0.8524867731601813,66.0,270.0,66.0,270.0,28.0,2829.0,9.0,3422.0,31.0,775.0
0.29515655759185117,0.02781182396079878,0.10133137620220535,0.30674962448958554,0.38603706911113234,0.30091416031659607,0.042505782597848034,0.029852881430843067,0.05711875441928284,0.4873758655000042,0.6623759931279309,0.8111482876886745,0.3507093250885432,0.26367925285317884,0.33253012010255767,285.0,299.0,282.0,299.0,67.0,3071.0,41.0,2123.0,167.0,392.0
0.11537610231827414,0.004880694578498995,0.28035624883482235,0.24648335825498224,0.8063443710303748,0.1706877762282188,0.09302280423858589,0.012922520604066704,0.1262774671305912,0.5532592048420115,0.13955215866476367,0.5112927003118407,0.26773310244664666,0.6378324642177715,0.48388418356735624,42.0,115.99999999999999,40.0,115.99999999999999,23.0,1298.9999999999998,4.0,1480.0,21.0,179.0
0.12236329346139922,0.003094260305146157,0.11862128897274168,0.05089638792376797,0.7957939986728799,0.30261346821751883,0.27494407329890097,0.0004917271112994003,0.2742528440411574,0.42147102149355087,0.12450022588123597,0.7697869638328916,0.33865931206256766,0.3372924318298134,0.706846438220724,26.0,5.999999999999999,19.0,5.999999999999999,5.999999999999999,1258.0,4.0,2409.0,17.0,225.0
0.1674142805509633,0.008361072187409294,0.5812629406309775,0.3182121372041313,0.20097498873582936,0.2683959774394755,0.28428717709900975,0.024233537989587575,0.038700184776270845,0.7878262979505661,0.3043173367217584,0.8142379335687725,0.37227540735687004,0.5424925720572782,0.23579935916811065,75.0,248.99999999999997,73.0,248.99999999999997,16.0,1878.0,7.0,1348.0,38.0,291.0
0.27957916692200496,0.016337719228237464,0.5040664500626033,0.34147123643057165,0.7554594063360542,0.23584215492440364,0.31749826312648016,0.026641098518365967,0.13065779790016727,0.9218978878897364,0.4222789303810415,0.9208994197702394,0.3667181826857647,0.7299575629360151,0.8541373397605412,117.0,273.0,97.0,273.0,21.0,2930.0,10.0,2541.0,56.0,515.0
0.2775363776669216,0.0066881120339610835,0.10647332439916836,0.19970492772814613,0.8382471148641799,0.3325264554052575,0.2303703098406421,0.01740701880943236,0.0734239830415137,0.3262113841763129,0.6134144595696277,0.7686180231066221,0.2726903385111962,0.6587491484594945,0.5672551915291417,63.0,182.0,55.0,182.0,19.0,2836.0,5.999999999999999,2277.0,34.0,314.0
0.1591563749549282,0.008511860582273535,0.17162347931464794,0.2256774766740951,0.5302450834455925,0.3580450302163787,0.27933954477423767,0.007366249285606857,0.12410434067385664,0.9713301876940703,0.28174197534403633,0.7210876423169906,0.3707412355569706,0.6569369309486315,0.6794741476377857,81.0,86.0,75.0,86.0,28.999999999999996,1674.0,11.999999999999998,1679.0,47.99999999999999,259.0
0.12485715629575114,0.025196826700031448,0.178457131473166,0.33485673888372774,0.6479859581272207,0.3842466150971044,0.17496015818813537,0.026522849073677256,0.12593212208393387,0.46497879928181074,0.6093692599302731,0.5291309230545788,0.3276625116661489,0.5712695468713777,0.28394383666885353,227.00000000000003,252.0,219.0,252.0,122.00000000000001,1431.0,47.0,1671.9999999999998,125.0,330.0
0.07272810118923398,0.02316919151698428,0.3542474859111421,0.3649744415544389,0.7316499755886994,0.27864007351325826,0.1817151633078733,0.01093122500853623,0.016785959746556722,0.5733170692490983,0.2587188108016178,0.5463055896307777,0.24804228566723574,0.35782456065852125,0.48571528743669573,191.99999999999997,107.0,187.0,107.0,110.0,813.0,53.0,769.0,105.0,112.99999999999999
0.21653590775609044,0.004054312565726343,0.10322517754755779,0.38991923317622523,0.29768297885138695,0.2105798542604687,0.25345902306569695,0.027740328409360394,0.17499941610293174,0.6908007968131449,0.6833562034938383,0.7588762654542652,0.43208539270011836,0.35699306429078004,0.3183389534798013,41.0,244.00000000000003,38.0,244.00000000000003,11.999999999999998,2370.0,7.0,2532.0,27.0,562.0
0.20183126893129105,0.005771941010885339,0.5910827151613772,0.24467716026684966,0.5832657423103014,0.1475665980752593,0.09775369001772499,0.00226989466982466,0.11928582664078555,0.264385165472005,0.6999201647485782,0.514637305175196,0.3761697902911502,0.20475324780803392,0.29544741122648543,38.0,23.999999999999996,35.0,23.999999999999996,19.0,2028.0,13.0,2145.0,22.0,195.0
0.0871033173858527,0.02272018454024506,0.5474619956808366,0.3004675545785894,0.2500392053100602,0.04727265046685226,0.3219616394172354,0.01776325115577819,0.19922188517776382,0.6438492803463381,0.637997215782136,0.6729311469690895,0.41177466873392876,0.46251020186448805,0.8857776313109176,202.0,168.99999999999997,196.0,168.99999999999997,73.0,1035.0,27.0,1815.0,114.0,262.0
0.29760302193894467,0.017840349607749814,0.5275931422998764,0.11535460384201653,0.7900486840897127,0.24857068805051724,0.20620686525402956,0.016250607616368117,0.21263725944594647,0.22457369258586135,0.14223003946677368,0.5945528222275986,0.29957349440879605,0.5931029178266691,0.6682386468207894,134.0,153.0,124.0,153.0,76.0,3151.0,31.0,3343.9999999999995,74.0,569.0
0.21812526374196867,0.005695870093995529,0.23028789750350093,0.17348851706254015,0.7113524055246434,0.031438060929796105,0.23639819029119385,0.021609497954369578,0.2405492935586197,0.9788393615971762,0.6777274325001318,0.7742570573093644,0.06746198243971384,0.5375820312345353,0.2774340648316998,45.0,211.0,39.0,211.0,14.0,2318.0,5.999999999999999,2597.9999999999995,27.0,603.0
0.2527674275401678,0.02918853503690816,0.5611537938890807,0.30273559217014534,0.5360725359048208,0.1680286684958987,0.2592538306752884,0.00404216305244949,0.26998582583238256,0.8568547511598876,0.25258309541100044,0.9295430192022183,0.25209267068614066,0.5827231124743165,0.756775683480593,229.0,37.0,214.0,37.0,43.0,2524.0,26.0,2863.0,107.0,551.0
0.2507539489612768,0.005307900254156436,0.19190705599613994,0.32621226658942515,0.54732643041431,0.1564695397541347,0.08513993535191991,0.014315005889112152,0.15994202125496673,0.33223840134447785,0.23266608883112866,0.6208325033250219,0.28157290774636246,0.4273159109315216,0.685199328655469,64.0,159.0,62.0,159.0,26.0,2561.0,16.0,2899.0,35.0,438.0
0.09856685463172254,0.006305001011742291,0.4317820524199709,0.37915354049954697,0.31481924744864304,0.09063396802775579,0.29769832421852055,0.0224270555559801,0.18367125308738375,0.47074947870248135,0.19639235309417552,0.67107924264319,0.29644350217240945,0.3839355661379831,0.3506186810616949,64.0,229.0,61.00000000000001,229.0,20.0,1201.0,13.0,2028.0,35.0,361.0
0.22178317748794518,0.014033911441181882,0.2560967145244665,0.35592499792227483,0.6354592187097234,0.37327351680741344,0.3269971848928852,0.020323380602970825,0.008923690264638889,0.4666595346337643,0.11619533250003103,0.8543332270128943,0.20807192821317083,0.7272866965367704,0.52766870722403,112.0,191.0,92.99999999999999,191.0,25.0,2325.0,14.0,1653.0,57.99999999999999,218.0
0.07489046897804418,0.003516684675975453,0.12476549700980963,0.3450674902881028,0.3378842427689643,0.14611198239604492,0.15675272768279375,0.015360346316696643,0.1620259863654019,0.201216586423583,0.11945698201805914,0.6431861403692953,0.18792411199492537,0.7017732182377334,0.8194612795224698,30.0,168.0,30.0,168.0,16.0,842.0,7.0,2176.0,20.0,234.0
0.2943088243636873,0.005233840749240871,0.29901840951504693,0.3922819432470095,0.6035096637491157,0.13630666746479309,0.20908384249245549,0.0007388775635784852,0.27156988343070276,0.47304845048753635,0.42700272631439107,0.8471633314276837,0.26635552605873297,0.786120008289368,0.7281768129512174,55.0,7.0,51.00000000000001,7.0,15.0,2950.9999999999995,8.0,3281.0,33.0,604.0
0.21242346553928704,0.01719837325420649,0.16833064599385839,0.20350586274961685,0.234753672443471,0.02786044346331559,0.34178972356730725,0.003411575283882958,0.2251074155135866,0.6612303340021168,0.24188737150361067,0.8180989537626902,0.2851300781782934,0.387485778693593,0.6106790635400765,155.0,33.0,147.0,33.0,49.0,2125.0,27.0,2564.0,82.0,369.0
0.18429084770987336,0.024027923189341265,0.33867031782190526,0.06330517652309886,0.8504792008697739,0.3663718931738119,0.07799965706661688,0.02107173318992896,0.2050813229490286,0.6118862081841139,0.27144272279318593,0.5569861379065956,0.06044990181464034,0.7670171624302349,0.7129472860538275,207.0,208.0,202.0,208.0,119.00000000000001,2017.0,45.0,2561.0,115.0,516.0
0.11444908987467374,0.027551140271657698,0.49767738030266284,0.2348697356877556,0.8785870817089672,0.26122174381969876,0.03718023683332257,0.014062153180375847,0.2936518568827295,0.28657688945488924,0.33240072529147197,0.5409089605430962,0.30761819377623884,0.4062451695975585,0.8583309106505921,233.0,131.0,231.99999999999997,131.0,150.0,1179.0,56.0,2681.0,121.0,314.0
0.1896559452698215,0.026390026847385326,0.11980982237057507,0.36631165376558544,0.6781752553196491,0.2606967120570608,0.329860016420659,0.02626662532260234,0.19310699017175512,0.9336539049527959,0.5036606557414467,0.9482366759445051,0.38250802041237664,0.7006889735206425,0.8335574241443646,259.0,245.0,216.0,245.0,30.0,2034.9999999999998,20.0,2184.0,133.0,534.0
0.16558106999469135,0.029837315037028522,0.10884582022054798,0.16197504645703817,0.6856533261011643,0.1628642105609371,0.04681868454865781,0.01602617062398038,0.17160968434810459,0.3138578289986426,0.24877194947405318,0.7357886001581289,0.0874615280760217,0.34727354284516276,0.5407687886211039,291.0,131.0,287.0,131.0,98.0,1728.0,44.0,2277.0,168.99999999999997,330.0
0.26616723809738546,0.022958797830645992,0.3708982661326159,0.1939578086621691,0.5582579067416198,0.35128941958671706,0.29375114047427,0.007491068151534687,0.047167064975298094,0.6336983478795661,0.5414511545845206,0.8010953596062655,0.34773195980796295,0.6388666218720118,0.6620467450985174,208.0,94.0,181.00000000000003,94.0,49.0,2671.0,31.0,1974.0,110.0,187.0
0.1952808531822564,0.006156283699552619,0.1215898963179547,0.33997488861717123,0.6315393924093782,0.3626265127839106,0.0006007143747129197,0.02184327324009681,0.2611588516564843,0.7152672710846983,0.6494102407837951,0.5244204130805352,0.1895837319439832,0.3927423739021514,0.32374914630514656,63.0,219.0,63.0,219.0,37.0,2088.0,11.0,2622.0,33.0,576.0
0.05473589990072325,0.018395117057818565,0.5991911113251399,0.32164366610995915,0.5383939079685462,0.26546542765277426,0.051851376518033815,0.0050638164618346795,0.13134940133770787,0.5350922923526699,0.3625575423634485,0.844461242518003,0.4220227525372138,0.6738725170208136,0.7330008062725417,167.0,61.00000000000001,165.0,61.00000000000001,47.0,612.0,21.0,1332.0000000000002,87.0,91.0
0.23662829701435345,0.02837416508735424,0.34550344959723206,0.3709005172856856,0.45133008875250336,0.383253654027834,0.17220029221207683,0.023961843441442227,0.2991508896444618,0.9576429926577772,0.16131643882986194,0.6131053190515902,0.13959763252090537,0.4522948805980497,0.6237063757043213,238.00000000000003,230.0,231.0,230.0,111.0,2561.0,50.0,3220.0,114.0,795.0
0.07082465327213923,0.008156920188025794,0.4197294586061445,0.2951485264642625,0.8020920401010883,0.3082895524278276,0.23953179207181408,0.015114019218281167,0.13641208558860282,0.3141878768681349,0.21907821180946174,0.6628802680937227,0.31084685281273533,0.2837534267706051,0.6525203999774196,73.0,150.0,60.0,150.0,31.0,842.0,13.0,1772.0,39.0,213.0
0.22009754796849706,0.010793045022616772,0.4161216819486965,0.2844038105279042,0.751080900342997,0.28701382070026643,0.15402231928238136,0.0027634670712863994,0.14499988159306246,0.40112309820912256,0.5641636401966736,0.5745367254225524,0.28409471817364534,0.749227218693788,0.7651528402594856,72.0,35.0,67.0,35.0,28.999999999999996,2184.0,10.0,2217.0,39.0,230.0
0.12384359345562236,0.0071880170090677905,0.42568994515601166,0.1684535151262998,0.2302593657147367,0.34130860148451364,0.08226793390955121,0.009543655498347124,0.005504020623462324,0.3594324957843213,0.3532046243785119,0.5998937577557214,0.1536588163179195,0.7157986767452276,0.643986582714358,71.0,91.0,71.0,91.0,34.0,1313.0,11.999999999999998,1074.0,38.0,91.0
0.1892596178504159,0.02214315157045963,0.15588358078632977,0.18741837263148609,0.43672505800460615,0.35764251902533295,0.3092293193293627,0.02660699944253247,0.11001984502824667,0.39550476686491365,0.16717092817269913,0.5522864772957713,0.10724077936158372,0.42361009296225643,0.2126042482848376,211.0,265.0,202.0,265.0,103.0,2124.0,47.0,2051.0,120.0,400.0
0.17974549615874003,0.021258246083616678,0.1862426303612903,0.3544916825334977,0.48947453798815416,0.16080808622057235,0.1591819113336352,0.01148704016692794,0.19781643707100072,0.8530667761137143,0.42605345700677716,0.9329226995256557,0.14417667908807127,0.3104884134248822,0.8462030815689432,191.99999999999997,92.99999999999999,181.00000000000003,92.99999999999999,37.0,1772.0,23.999999999999996,2130.0,115.0,375.0
0.20074027635636083,0.022616147043138794,0.11028933565841208,0.09394190750758419,0.8165130716514755,0.10460206848652359,0.015622876520625065,0.013916736752803246,0.1793204815456507,0.8505324091519213,0.5142784226996584,0.7797535645799509,0.2916246010997513,0.328912571824447,0.36721350633605426,234.0,119.00000000000001,231.0,119.00000000000001,68.0,2024.0,42.0,2135.0,129.0,352.0
0.14396370212049908,0.020905807205013886,0.53360554959776,0.24925053418154453,0.8673357506625128,0.058330929024927515,0.27598085337484396,0.006547495016629568,0.12127515003466709,0.5702689710944144,0.22567778476517397,0.5227419123493503,0.458253298404273,0.4748415104442489,0.44205137632500835,165.0,61.00000000000001,155.0,61.00000000000001,105.0,1469.0,44.0,1607.0,97.0,213.0
0.22107866669769605,0.028533336242919594,0.39744456063527933,0.07745789352156882,0.5167336668216219,0.02201488701736534,0.2128175624196037,0.015892734382737708,0.29733971953134986,0.7706862917049389,0.688686585859565,0.6401871328403138,0.38858270602357636,0.5898901091169302,0.8067365994753237,271.0,147.0,252.0,147.0,131.0,2267.0,65.0,3199.0,164.0,602.0
0.2895176762275081,0.02141141002837625,0.5667625521603432,0.2378731569668483,0.5116510223313422,0.006003055715857752,0.22317154191641841,0.0026589079339885933,0.19018160009140625,0.9193370843571613,0.40828797257295735,0.8135937444979477,0.1970528968419044,0.377002614008463,0.35380271053184703,168.99999999999997,22.0,164.0,22.0,56.0,2856.0,30.0,2620.0,92.0,490.0
0.2579666218536807,0.027357343454398844,0.47123381761567984,0.3634453001065031,0.7932715760368838,0.2906433006657367,0.2182832740152615,0.02358793836973921,0.0032584121039024787,0.9501501831200228,0.31443273045626013,0.8353358410207318,0.10466427177981863,0.6700958899781243,0.40012536806177285,198.00000000000003,235.0,173.0,235.0,56.0,2690.0,15.0,1616.0,94.0,244.00000000000003
0.08478975911630302,0.008740491811654962,0.4838286011672285,0.2215468613022748,0.21238333905061163,0.2506243556801279,0.058377580661070884,0.027293722987580024,0.2789462576948739,0.7478198310471755,0.6763087805207574,0.789145783160859,0.3907563079370007,0.5849016371114487,0.6196606889935599,88.0,274.0,88.0,274.0,20.0,1130.0,10.0,2206.0,40.0,431.0
0.1429030045940255,0.023925987818288065,0.15331361664288337,0.26606707198548907,0.8253046372873962,0.14967162721985158,0.08499927141299116,0.010473750424667515,0.15562625143511952,0.3363636203926331,0.43369788172467555,0.7203688568316526,0.1192503547205839,0.5584454012357125,0.20473363813371456,197.0,90.0,185.0,90.0,52.0,1487.9999999999998,25.0,1746.0,108.0,201.0
0.1093582506510545,0.006426564032707225,0.4770676168550464,0.05062725718805887,0.560641120731896,0.08443883117143133,0.09410104357510533,0.013502953602071857,0.19234636214713985,0.39649760355606045,0.4035506328185226,0.6940432298871894,0.23670835760073505,0.6675787042228545,0.20183872859684526,50.0,158.00000000000003,47.0,158.00000000000003,20.0,1276.0,10.0,1953.0,21.0,314.0
0.1216049385928967,0.025806944644505496,0.27652326342432465,0.3673208427273333,0.5143242103485687,0.33714932495256705,0.23597667906217154,0.0002543859446150867,0.27487588384623235,0.9312873804408435,0.512218598179299,0.8803010941688967,0.28785347465404454,0.28583391007895614,0.6593437974346991,225.0,1.0,206.0,1.0,46.0,1184.0,36.0,2224.0,127.0,295.0
0.28337277764437874,0.012715901498759386,0.5920346260492161,0.2851528821921641,0.8962856607486565,0.2398689139784106,0.12308626618441368,0.025410339803253416,0.2861155214592119,0.9807472432460522,0.6801444944643408,0.7910558265056947,0.0785360830752225,0.787294492759822,0.5113718106348135,63.0,259.0,60.0,259.0,27.0,2963.0,15.0,3368.0,39.0,971.0000000000001
0.29595777476606505,0.01781311718745133,0.3390353823693378,0.33252953310225436,0.8810205879061572,0.09356580060560941,0.3009651383410835,0.025208549085632442,0.24724159602835855,0.25644183353700195,0.6038682082010665,0.518041914218394,0.22570002700794678,0.21279782731480695,0.4722746019296603,151.0,246.0,136.0,246.0,92.0,3068.0,44.0,3698.0,84.0,641.0
0.24251915800323343,0.01677570374920613,0.24261466197550863,0.21671079429279944,0.7877651698358603,0.13249355567981982,0.27397785040351014,0.029651705483935604,0.16677071798395796,0.7652323823255556,0.0717675313064605,0.5785141360812458,0.43424287835451314,0.5435245592846634,0.7560908230265508,155.0,305.0,147.0,305.0,77.0,2607.0,27.0,2582.0,88.0,528.0
0.09496459129103224,0.01813439569859395,0.3892718723664542,0.22403238829834604,0.8450928845428625,0.2762812674792431,0.39542960863125803,0.007275015209733285,0.10063374694638312,0.3735342283291408,0.5592288203471389,0.5092883630277636,0.3522096450695808,0.7367660535520688,0.4692355426635471,156.0,80.0,136.0,80.0,95.99999999999999,998.0,33.0,1434.0,90.0,140.0
0.15801843059018889,0.019748953780341513,0.48936491190271814,0.1573746256761757,0.6582303692769511,0.2527812341549852,0.22800459811738955,0.02266378311089157,0.26242142010247566,0.6407878901009232,0.4940763159937434,0.535311104370447,0.3562088921960363,0.43737214190981255,0.5779967071429565,161.0,246.0,157.0,246.0,94.0,1734.0,42.0,2703.9999999999995,92.0,541.0
0.07859323775988297,0.006226080578530144,0.20316405563158335,0.31233570436142916,0.49082752330401597,0.22693027827823162,0.27003840767356896,0.0120411263311471,0.11730960030261245,0.7448933318382505,0.387412943223099,0.636288721486029,0.31892993925367963,0.6280275399479773,0.22671950134486538,57.0,132.0,53.0,132.0,25.0,912.0,10.0,1241.0,33.0,214.99999999999997
0.08427229426038242,0.016386833358380058,0.15979382516503549,0.12668325626402177,0.7227374248788319,0.0882586984761507,0.33965148697118436,0.007891903314253152,0.18007613193665545,0.39256688295151404,0.43878861422798926,0.8770563415266192,0.05766265469651113,0.451415236831833,0.8309968040857572,148.0,66.0,125.0,66.0,34.0,878.0,23.999999999999996,1769.0,90.0,153.0
0.15091755290427528,0.010349702684306608,0.4866361360755347,0.07422303161493968,0.4043248915405032,0.19965105786247453,0.305406468547444,0.021454203082808848,0.1982031050796523,0.4893659796998541,0.5151778452562636,0.8055559824689873,0.30091731624872,0.5638716430758326,0.4556522403258341,102.00000000000001,224.0,97.0,224.0,25.0,1634.0,11.999999999999998,2178.0,52.0,441.0
0.2610338175783647,0.025378551276147576,0.2838889538911688,0.1512608885845001,0.8739775364037148,0.3642612895207283,0.059089633166307935,0.007202371594047182,0.19630698496748697,0.9268525819064515,0.3829319686771105,0.8099832366783208,0.05170935897111079,0.44616202284676976,0.6486224849296327,212.0,70.0,201.0,70.0,68.0,2590.0,40.0,2693.0,124.0,484.0
0.22987609299833034,0.02500313699123386,0.3811881771990717,0.10406838574245969,0.32769550016244176,0.2294459398947718,0.2945683033739474,0.016333251452484116,0.23184556634726033,0.25336724887619955,0.18302953146973772,0.6994408015959778,0.3212270448333688,0.48786470553462874,0.22456502889502142,248.0,164.0,233.0,164.0,110.0,2282.0,54.0,2784.0,130.0,446.99999999999994
0.17815961394259355,0.015114375147684407,0.4836277356104265,0.3045898410942547,0.5266294468167049,0.04422928262065508,0.07617636812796419,0.027804677107516287,0.12068763536790696,0.6202159027161135,0.49156454829313895,0.7219322000238321,0.464102775595864,0.4893680329137545,0.26220211105519625,119.00000000000001,290.0,115.99999999999999,290.0,33.0,2006.0,15.0,1888.0,69.0,425.00000000000006
0.1558866486941929,0.023718339495362846,0.21377190043418584,0.05425207904949521,0.7668094182805931,0.11581026393240744,0.16404389334640448,0.003456656356551213,0.25963411417276344,0.49919736303227147,0.30652404163833824,0.5978458892968536,0.4561594607131206,0.37249965561162024,0.4776151058330686,221.00000000000003,40.0,205.0,40.0,98.0,1563.0,44.0,2428.0,126.0,339.0
0.1423829109832494,0.0027950537121739956,0.5513927793514618,0.2858242174142377,0.4951226877819916,0.1102160062213387,0.10979785746113091,0.018614891101301795,0.13289409929250415,0.21712425273500735,0.36871412397396114,0.5055128126333955,0.40863512442455463,0.2937471754133464,0.4249932867357657,23.0,185.0,22.0,185.0,9.0,1550.9999999999998,4.0,1951.0,10.0,311.0
0.10386431504745317,0.02944605884724518,0.43035991090089865,0.33599654166847,0.38217753342380534,0.019375259142964344,0.2017551667205361,0.0195125568707985,0.2297925244908349,0.4744722082886341,0.6010174230630796,0.7443205675410198,0.41227069505172886,0.2272017359136153,0.31959884256344673,257.0,189.0,251.0,189.0,80.0,1183.0,41.0,2087.0,149.0,357.0
0.2501813667849602,0.02218110856576659,0.5692087748580203,0.13905635850192946,0.6949507816831431,0.3603322240063211,0.2571746064318548,0.025749891776993505,0.11573850865033108,0.4956477107279676,0.479933435486018,0.6570517712651374,0.18626502713769372,0.3012057623612044,0.21511328451408965,171.0,271.0,158.00000000000003,271.0,76.0,2662.0,40.0,2229.0,103.0,440.0
0.059003984519511464,0.017382864354316116,0.21251459130644607,0.19295762104212888,0.7531194870765261,0.053039154490788734,0.3798355986145636,0.0008663638212415623,0.07438529611578411,0.38535204530572026,0.17308660444216467,0.775758165689129,0.17409464884524797,0.2534004437341012,0.8386952200080948,135.0,4.0,112.0,4.0,46.0,581.0,23.999999999999996,1144.0,75.0,22.0
0.2934078493569395,0.012265817632004681,0.19430533551579393,0.05731493574581566,0.20563129625584467,0.31121109101019395,0.3023593781814081,0.006451855237531745,0.2840820508880976,0.5303685599885231,0.3844562549865643,0.5173780053755898,0.3147742901930408,0.7822359324862822,0.4151501358845031,125.0,62.0,121.0,62.0,59.0,2984.0,20.0,3449.9999999999995,72.0,664.0
0.27104430359035575,0.02766651227737465,0.12734767324840046,0.32377167577483146,0.7245524209017442,0.3995282897195732,0.025310699879017823,0.026735469014773878,0.28698254731087136,0.8289434033933054,0.32509965733603396,0.7383708642666676,0.3459533281069727,0.6841603144313244,0.43847845547829317,280.0,263.0,278.0,263.0,91.0,2883.0,45.0,3404.0,154.0,880.0
0.05147070353231626,0.017553133568913082,0.2322102586354943,0.2021969761950687,0.28208093215856744,0.13418546187966837,0.07579901718399484,0.02568255029807671,0.09928087557309125,0.8115343392613905,0.08089161414718432,0.6843711367578831,0.13731468655184187,0.24660131997300216,0.4285371262114269,194.0,265.0,191.99999999999997,265.0,68.0,776.0,40.0,1244.0,122.00000000000001,315.0
0.13641452494582795,0.009310242564541963,0.10019682455556837,0.2099839324519746,0.5687852260569912,0.023516424206431623,0.2670945729910649,0.02108278974463487,0.2984301634850937,0.35605942124506584,0.4865574064224394,0.713657343923147,0.25587329821088095,0.313103765613727,0.8917051204997073,68.0,200.0,65.0,200.0,22.0,1529.0,10.0,2950.9999999999995,32.0,469.0
0.24053352785037696,0.0236009035222006,0.5366643992983944,0.22149900687485358,0.6925136323739749,0.2595708143143751,0.38840045607283,0.02319371733159032,0.051994201891193026,0.9445345990837388,0.5337539035355693,0.6499162164996876,0.1549696887023903,0.31605772745741434,0.5528351871245003,197.0,254.99999999999997,178.0,254.99999999999997,100.0,2504.0,44.0,1962.0000000000002,103.0,347.0
0.16009214568194757,0.01957170105810707,0.16327190830022176,0.39207347187574937,0.3965219665381584,0.06983431527532367,0.38054210327247606,0.013694477724801556,0.026264981857209047,0.2237477768442775,0.6704693735556967,0.9128532254230148,0.44678715331398783,0.7067428349403333,0.5070305277112739,181.00000000000003,124.0,164.0,124.0,22.0,1680.0,11.0,1245.0,106.0,145.0
0.09243343374454331,0.0045891217033467175,0.22779167142630255,0.27811444589829837,0.8388391894699301,0.1017774984209243,0.3277415073050003,0.013632281745072175,0.08460659283379278,0.9846009054317983,0.48887906728355396,0.7019038386854763,0.05021795824696421,0.6919726996215553,0.2210546232838339,47.99999999999999,139.0,42.0,139.0,16.0,1060.0,7.0,965.0,23.999999999999996,195.0
0.11688470733220782,0.023786180915954663,0.4295928874091106,0.3207029372477265,0.6530091231499382,0.1610437189395043,0.11028937729550999,0.014895251334335688,0.06633303319864142,0.44984071163214473,0.25035129467335704,0.7725246252255853,0.07624096760966881,0.4208182079016179,0.8833628388898966,170.0,161.0,164.0,161.0,71.0,1286.0,35.0,1508.0,92.99999999999999,218.0
0.2666004381549723,0.005900733454938014,0.4040732393300912,0.22688935513591973,0.7327582892598465,0.33031998235038973,0.2724266512466715,0.029092697564692075,0.1470184136961474,0.2928894036478724,0.6521020826124646,0.51087068619384,0.49311227512421757,0.38505414910614344,0.3468142999061067,50.0,290.0,47.0,290.0,25.0,2879.0,13.0,2697.0,26.0,537.0
0.054007670575519584,0.007809066547074356,0.19575853619150146,0.13638583520552122,0.6133398501306677,0.06606253909295663,0.2607777979604668,0.018426904012947522,0.08684045870931167,0.6749993081368315,0.48803114078794047,0.62183025926139,0.42975399955361987,0.4695954369080865,0.679856485332367,70.0,168.0,66.0,168.0,23.999999999999996,726.0,8.0,1050.0,42.0,254.99999999999997
0.2559836908209464,0.024506949791537225,0.4723820939408482,0.36260653316384656,0.6086897004370603,0.3868249782693358,0.024899487638634185,0.024413114880653793,0.18529455618977997,0.9867390973143799,0.665562424627812,0.9272663766818632,0.39969841338364714,0.7482833646624376,0.46364286506501884,197.0,218.0,196.0,218.0,36.0,2634.0000000000005,19.0,2488.0,95.99999999999999,643.0
0.07671396647954616,0.0021547778398782894,0.19789823292282094,0.14156485522725376,0.25120346161027163,0.19360445167838664,0.06330102372356476,0.013089511184719581,0.24950306664247163,0.5833663215357245,0.4642482880846629,0.8226129188109474,0.06419406835211203,0.7426124221913022,0.8824923626727013,21.0,128.0,20.0,128.0,5.0,872.0,2.0,2200.0,11.999999999999998,288.0
0.16414457789375353,0.013571828954723324,0.48070903263911247,0.11182817740928745,0.8431513419981336,0.07041295092131855,0.11459695029394568,0.024570829990752666,0.16117067561260642,0.5069129792732439,0.2547676555835515,0.7860155948771568,0.0991009314555213,0.45439107055698824,0.7512771469103965,124.0,253.0,119.00000000000001,253.0,41.0,1799.0,20.0,2142.0,72.0,403.0
0.09169081781777988,0.01124892797982222,0.43793809461671074,0.1704488624536979,0.7573847936135591,0.04150173344001451,0.08906682976400615,0.020579397405737415,0.1103061085452612,0.48174386143432346,0.1783523380301658,0.8295117009943167,0.1753346773633495,0.26581584855347545,0.5581539240229518,73.0,221.00000000000003,63.0,221.00000000000003,13.0,1120.0,9.0,1421.0,43.0,307.0
0.07140063346088811,0.0194810515199607,0.13046297015167724,0.12322419017522437,0.40544656785202404,0.18110337295850445,0.24876705881980926,0.004250241704992656,0.01501766133292973,0.7973374797790254,0.5316962947660504,0.7768001038936905,0.3910433716058271,0.3020241115297643,0.25411241031794574,175.00000000000003,37.0,161.0,37.0,50.0,718.0,31.0,582.0,111.0,43.0
0.0698625163884039,0.023417297260464653,0.3068543752553516,0.26830654785868346,0.3132262342573735,0.281907862062872,0.3018653184714416,0.019339518065501767,0.04523657868323123,0.2670436447562761,0.27634277506767196,0.9192501097970317,0.2602124073830938,0.5773646100009983,0.6830558230148628,231.0,197.0,214.0,197.0,37.0,863.0,21.0,1068.0,122.00000000000001,203.0
0.2724811558035021,0.003961503167305284,0.18232456841193312,0.3493857782641674,0.26116638372834805,0.08526561367489485,0.17086891796907341,0.023128098434062147,0.010715152167302535,0.6803638016677273,0.36587070851318343,0.8839446132974754,0.309158625683318,0.4262884271130551,0.4495736611266837,32.0,250.0,28.0,250.0,5.999999999999999,2945.0,4.0,1958.0,17.0,277.0
0.21604141667171128,0.002994055540613968,0.36001006911648803,0.3510285007777706,0.5091497335719476,0.1319773143210361,0.03616677952678996,0.006441102398635461,0.21162692014537007,0.9426941283117063,0.22083879833645953,0.6043380830830549,0.21805472042094803,0.6920322875475341,0.3077523143485286,32.0,68.0,32.0,68.0,19.0,2127.0,7.0,2358.0,18.0,437.0
0.05109936498612277,0.011482666333630518,0.4364030275176739,0.15798436495621326,0.7182903611794107,0.21470702771982944,0.32888157518474026,0.015205971927118707,0.08360346677344317,0.6257814696716553,0.38566746730688173,0.7234224621270384,0.27029646562475323,0.6990955268585898,0.8119091490130805,112.0,139.0,92.99999999999999,139.0,51.00000000000001,602.0,23.999999999999996,1117.0,65.0,160.0
0.10135675466250268,0.012124220507675646,0.20700202451626032,0.19513532272514034,0.6796653388881208,0.28399284984658035,0.12628475263293867,0.028992910320161443,0.000894858142327972,0.3751371117665411,0.3489474059727757,0.527807474560799,0.22146919750837807,0.6224553532191128,0.8133295703941634,131.0,292.0,123.0,292.0,75.0,1263.0,28.999999999999996,1130.0,78.0,292.0
0.06874596107735582,0.006052568705500218,0.25837567201499534,0.1463020098912648,0.2679668552146851,0.0510918445278605,0.35374953802463954,0.02600698537751959,0.03718783406853567,0.833670653757056,0.11770754561072154,0.7005023282237564,0.402647471540394,0.7252525303472452,0.23133978387191725,67.0,246.0,64.0,246.0,18.0,898.9999999999999,9.0,777.0,33.0,261.0
0.1697007837263712,0.024739975037838306,0.3142288315487661,0.22314994904478774,0.2740318679895865,0.15552177018468247,0.15092082214196356,0.004194087105197398,0.2337079298493571,0.7763960354569042,0.376187760362193,0.6968092921571405,0.3379954826517147,0.22253431002712434,0.37919313916460284,219.0,37.0,214.99999999999997,37.0,83.0,1689.0,56.0,2279.0,135.0,319.0
0.24621059369633064,0.005796868466882281,0.31095880001953957,0.1063008403579351,0.6871790691975874,0.1197071408363454,0.24218254529204652,0.02517989220211763,0.17419049805908318,0.580794154234881,0.6340924598587786,0.6123748317579947,0.3436809775884913,0.7690373710122345,0.5985645789855618,56.0,256.0,49.0,256.0,21.0,2544.0,8.0,2500.0,28.999999999999996,507.0
0.20599172729993137,0.02477589147084778,0.28910479767290753,0.35900793478933496,0.5517491864122911,0.18791649918014308,0.22508015602220677,0.017486184064287143,0.1680685811170124,0.6181397615662094,0.2465480724958083,0.9161087630477902,0.49182088950268443,0.5048856298310307,0.28817726141397937,211.0,162.0,188.0,162.0,32.0,2169.0,23.0,2168.0,110.0,378.0
0.23105604232915022,0.0048602146799693645,0.3859993573277142,0.3265616246524818,0.2699075174951396,0.3045607737643275,0.22642073555721157,0.009119083431293603,0.09068186017787284,0.7942191025887473,0.44485577095012835,0.8863738072247873,0.29598507846092026,0.7730159159770329,0.28582310976281816,45.0,87.0,42.0,87.0,8.0,2321.0,5.999999999999999,1859.0,21.0,227.00000000000003
0.24163266858048355,0.010822374205930617,0.5488904784014373,0.33089410299014554,0.6244874805505563,0.03539134679150068,0.06695171202459811,0.014215149772746332,0.12520979567370846,0.5185442497788791,0.0617058704372435,0.87975702508056,0.4447037247127774,0.7704343709235077,0.8648068197607264,92.99999999999999,137.0,92.99999999999999,137.0,25.0,2519.0,8.0,2305.0,57.99999999999999,416.0
0.0909065345483685,0.01238910931656985,0.3092891270727464,0.3849403765472194,0.21758231366333153,0.2052198635152027,0.36558385071350047,0.018106427705963376,0.22859003020493973,0.8856921050706104,0.5193508412652742,0.8272258126645876,0.0526766370468566,0.3888340216610316,0.5327024965626721,110.0,179.0,102.00000000000001,179.0,28.999999999999996,1062.0,14.0,1765.0,57.0,316.00000000000006
0.25198906630252127,0.027886887594287757,0.4226756827267011,0.21443072979491673,0.8649301603549504,0.1382249680036616,0.18931443497514083,0.002869776764586764,0.15238764739885188,0.9591944287841287,0.6042259342030957,0.7997896233263069,0.1359728667781382,0.4413891282675965,0.7846372567903468,206.0,17.0,191.0,17.0,67.0,2496.0,42.0,2417.0,111.0,359.0
0.13181692066472817,0.015851031938881634,0.22632339589496073,0.08598142024575096,0.7699230169384308,0.007311773658509116,0.15829189060527066,0.014770376785950624,0.29613142636203016,0.6012599810149362,0.628993186074414,0.6588017586541179,0.20049715197724216,0.6123327375338181,0.6177483247500672,151.0,133.0,142.0,133.0,78.0,1468.0000000000002,26.0,2698.0,88.0,399.0
0.1855313619632748,0.01392411783750991,0.3178589865085908,0.061059993046453834,0.8869089329150288,0.3959732664696707,0.28166122440110775,0.009729285435589886,0.08602739065695618,0.22919789051333406,0.3008426962782921,0.7755484169017708,0.059741420632765316,0.2387846198691558,0.7239563795427446,112.0,95.99999999999999,91.0,95.99999999999999,34.0,1834.0,25.0,2161.0,71.0,195.0
0.1276915124401025,0.02812214814335337,0.43919330818884095,0.12854231164936342,0.5233658369381168,0.17334412962251555,0.10633054627085643,0.014977620127847023,0.16294434196335741,0.593629911882926,0.43148983481131814,0.605068154856764,0.38361796262621567,0.6200564036330207,0.32760616626503536,283.0,141.0,275.0,141.0,129.0,1398.0,47.0,1716.0,147.0,320.99999999999994
0.13434626518473458,0.018849395962756976,0.21758842762872344,0.13511111315832466,0.6062276061627931,0.010189683239579807,0.19151532429645113,0.012744823454639108,0.1426693661712717,0.47626733386575965,0.11056374961084879,0.5512464618487916,0.11533415301465878,0.6267878004241665,0.3103339415979437,183.0,119.00000000000001,171.0,119.00000000000001,84.0,1431.0,37.0,1705.0000000000002,122.00000000000001,274.0
0.24800640025213633,0.011739848399848646,0.12306796674806868,0.16249037688173076,0.7782909232305171,0.13574581256097504,0.2167863172311218,0.011277718102822375,0.04442570420226869,0.738993297800209,0.6727383534422765,0.6608786002746149,0.45248661616628616,0.6827683883926088,0.5844213491202574,92.0,101.0,81.0,101.0,34.0,2496.0,13.0,1801.0,50.0,176.0
0.26049295129757755,0.020075231429219798,0.1207293932890568,0.3747520179478945,0.24644072736792919,0.06135625862437452,0.15146622514980665,0.0031429762337666887,0.2829894417110947,0.7427676302664781,0.0942119383829623,0.834078638571145,0.20203854735120585,0.695432435652326,0.22820113388460264,198.00000000000003,33.0,195.0,33.0,45.0,2659.0000000000005,17.0,2980.0,103.0,570.0
0.14352107337984285,0.005021454179852537,0.5799911021869568,0.3836762179501039,0.7824995120404665,0.27311937558482513,0.11723855172638552,0.0032589655648570053,0.1129683143050528,0.36294139446317675,0.6570664089705416,0.9200702144522704,0.4402335884416766,0.45633469256456743,0.7587220557108367,30.0,28.999999999999996,25.0,28.999999999999996,4.0,1409.0,2.0,1476.0,13.0,157.0
0.0617227924152315,0.005511989474336794,0.5743259140119908,0.23072667585300966,0.7687403529723631,0.2330371334531395,0.3984449488772492,0.026962934938934868,0.15637851541084657,0.9049946466454133,0.2596753482242275,0.9496746431824792,0.39226099141107656,0.6751956030288269,0.7822358898641355,36.0,272.0,30.0,272.0,10.0,883.0,5.999999999999999,1500.0,18.0,350.00000000000006
0.14104769072305207,0.025558341099041454,0.3821472979953937,0.2784693009292207,0.41032663349520226,0.034559979636651694,0.11508841008558712,0.00034884401972053755,0.2540288229629797,0.9029665476625184,0.33523769212180926,0.8713752763439473,0.25278728400844286,0.7099956082135108,0.6068618508151192,206.0,2.9999999999999996,201.0,2.9999999999999996,36.0,1348.0,28.0,2048.0,115.0,291.0
0.26177793120321574,0.013492486772522738,0.21121573883548042,0.21991498845137059,0.7424403261744652,0.23793905134624566,0.011022680781153638,0.0083551443981126,0.09734927871828121,0.42688029673294275,0.3415856795017983,0.6824908282693399,0.2062214910728874,0.21119621925007454,0.7033451056021498,123.0,84.0,123.0,84.0,53.0,2681.0,28.0,2641.0,66.0,243.0
0.1297710657569557,0.024540609050932652,0.20064902275875734,0.33763366730072125,0.466791516626929,0.10524174255741342,0.2495556899209496,0.006743412729947,0.14056286067365983,0.290302374331206,0.37881979264718946,0.8783130128405998,0.24967831789435135,0.3450267630369276,0.3160793328719219,207.0,60.0,196.0,60.0,47.99999999999999,1394.0,30.0,1698.0,124.0,174.0
0.17182461596565185,0.014461734583422972,0.5145811138571815,0.27647024785826013,0.6760702644945216,0.24968583743449263,0.13055841277792837,0.01665815586183532,0.06766411858583943,0.9951432282664547,0.6242383566439255,0.6560963237234009,0.1596499763052911,0.2095526896932921,0.5651750103528714,114.0,182.0,112.0,182.0,56.0,1832.0,36.0,1724.9999999999998,62.0,262.0
0.09581624142365336,0.004769342145482927,0.32813001957915977,0.3620544698759337,0.7518712605433477,0.17172536756321902,0.14288404911457372,0.018504610657732803,0.22351510896271762,0.7687172762258665,0.16653152261888082,0.6860555081708886,0.47045553917219146,0.3824302269507399,0.7976358561637893,42.0,190.0,40.0,190.0,19.0,1110.0,9.0,2042.0,25.0,345.00000000000006
0.2716394153318275,0.02932464190770734,0.11198715314241814,0.2771557711623125,0.4136208041627467,0.28476334560052924,0.3108806763286103,0.012838313718111647,0.22236255428123855,0.4503297759265278,0.327426139859367,0.6187574820706049,0.3609896196808808,0.7391635933004175,0.4113984970466206,275.0,144.0,257.0,144.0,118.0,2730.0,47.99999999999999,2881.0,161.0,569.0
0.17537121392083632,0.02665019221943983,0.3342347200138139,0.3330200937159287,0.4229263082327631,0.24498684916952312,0.3736286417626895,0.0021272866518619402,0.023021984514638456,0.8183189220348088,0.45862335005151306,0.9233664664006642,0.36591456344828993,0.2200132235408919,0.856929213726302,219.0,16.0,200.0,16.0,39.0,1732.0,32.0,1303.9999999999998,108.0,55.0
0.17123085771564922,0.019180321533172368,0.14990928894471586,0.38321358104517694,0.2265162230628306,0.14854951927515944,0.008127440368718828,0.006947615301737498,0.24136562719753657,0.32290613060522655,0.42514941511849186,0.7828555629093985,0.2935573338921232,0.27321901198471565,0.4811480727756291,189.0,76.0,189.0,76.0,45.0,1802.0,32.0,2646.0,123.0,388.0
0.15318203659635815,0.0234672522723426,0.44275274364804174,0.058870512389090565,0.353895320965116,0.18582482468235995,0.3182361635421019,0.00628457589299724,0.19104263775593353,0.41977628702133596,0.3380286765646339,0.6238094943259318,0.42691248619065775,0.7455243993575849,0.7626322715447753,240.0,53.0,229.0,53.0,104.0,1578.0,34.0,2057.0,135.0,208.99999999999997
0.09057218322159405,0.006827358061129068,0.1519211850869686,0.08822780371896502,0.8089268613944138,0.015297999780171401,0.03466351453889034,0.0144241857242187,0.07556598374788857,0.8051043320122213,0.5781314648364806,0.5675980806666736,0.2037521472210142,0.4967015915351212,0.7384315044026506,61.00000000000001,147.0,61.00000000000001,147.0,34.0,984.0,11.999999999999998,1256.0,28.999999999999996,183.0
0.27519512494507437,0.013151015630943168,0.5506012530845854,0.37373523275538134,0.31628475897301467,0.04537255153897272,0.3469535279803926,0.02467307759589818,0.27578992313508854,0.717442771347909,0.28862668018777876,0.6173258119419247,0.2985431498728777,0.40335675326184217,0.7150354234873662,126.0,253.0,120.0,253.0,57.99999999999999,2918.0,30.0,3454.9999999999995,68.0,822.0
0.19900937820073406,0.008980110235123283,0.40761595157081354,0.12055330079670369,0.2764839901679046,0.23116417680705156,0.3343500940545981,0.02352074781547018,0.15447507643856845,0.9375086867153373,0.21556184291941083,0.9437256677100614,0.34244129787878247,0.2621031635525032,0.5906932684711721,89.0,208.99999999999997,83.0,208.99999999999997,10.0,2126.0,4.0,2048.0,40.0,411.0
0.1164562822046437,0.027049381427167278,0.5482058142550481,0.34786280923030977,0.6608831182129699,0.1261644533046645,0.16126881046545308,0.006063446811303147,0.08172097699348932,0.4229080841658459,0.41923788477082347,0.6581185549760029,0.4978615043396299,0.27372242406418756,0.7870633370208857,201.0,60.0,195.0,60.0,90.0,1212.0,43.0,1574.0000000000002,107.0,105.0
0.24234151410431515,0.009185919225411966,0.4054342235294761,0.23237069408778527,0.2847647287102655,0.002593206767686183,0.3321261174963295,0.018171816607140477,0.14154239729571436,0.7371263347112846,0.29954968284578765,0.5640227634648686,0.0581638499693478,0.7912769870551724,0.867440700280337,99.00000000000001,173.0,98.0,173.0,43.0,2527.0,16.0,2534.0,57.0,478.0
0.19065342555359682,0.0129400466465326,0.33343490371485274,0.2518669267024803,0.33618942229330445,0.07145384737610785,0.23213410251888134,0.014497471533797459,0.19381544458996697,0.7245472148125887,0.5746038248054693,0.7573353318376022,0.08559213580092453,0.39845849808771033,0.3282648086157203,107.0,157.0,102.00000000000001,157.0,41.0,1979.0,27.0,2394.0,64.0,409.0
0.21783039635083112,0.016948174118832586,0.473114102627057,0.3389854030635448,0.3704765936153409,0.2672279691559507,0.13817417461722667,0.009851178609610068,0.2514056108342656,0.8919591882499127,0.6005397253151408,0.5556363615475973,0.4814369244590911,0.2570418002813896,0.5930962751741848,162.0,98.0,158.00000000000003,98.0,89.0,2237.0,37.0,2928.0,85.0,590.0
0.07905412838686666,0.009484581239237067,0.1474626006710474,0.17859884853324925,0.633222141359508,0.1541474245555675,0.13282993134380516,0.02380606962695312,0.17739354334182808,0.4594614527681151,0.5773945665955248,0.5931062272592353,0.3430446494643437,0.23195026552467363,0.24594377082798416,98.0,237.0,95.99999999999999,237.0,49.0,1007.0,37.0,1878.0,61.00000000000001,333.00000000000006
0.09663169263493018,0.014601704479309193,0.35259264760001896,0.39922906924055307,0.44945446411163104,0.26496338151693216,0.1520369412761059,0.019826240342983942,0.18286999664531778,0.4842695589424034,0.1508247324050503,0.8249605285931384,0.4039827018990479,0.25933468340391086,0.5893673385939575,110.0,200.0,105.0,200.0,27.0,1172.0,14.0,1948.0,56.0,307.0
0.08036340897383798,0.011053238502135564,0.36900356654770006,0.20644547827672455,0.21423437585206806,0.029987370432176835,0.21104749557288663,0.024694208383140986,0.09236966463762993,0.7332498102118694,0.4854376105001902,0.9130750831331056,0.24007916635850468,0.2363288811786657,0.27646398524260085,102.00000000000001,254.99999999999997,95.99999999999999,254.99999999999997,20.0,1066.0,11.0,1248.0,64.0,327.0
0.09776147611389224,0.02550022144884488,0.5825992039445531,0.18069143805951088,0.21175829515523711,0.18921746126132247,0.13628647156973706,0.008087926498097833,0.16522244307551104,0.4311495620290646,0.4606705198354538,0.5615541122731645,0.13503446715918035,0.6661225193958438,0.8029583432294827,264.0,80.0,261.0,80.0,132.0,1038.0,52.0,1961.0,134.0,197.0
0.1548750964785418,0.026790798042390984,0.584825616522223,0.18278136515781368,0.39367404122804434,0.113214955411691,0.0212458680215686,0.029354069528249236,0.06206766648597377,0.9559025405020118,0.13204212385395003,0.5546600668107206,0.13812813909843583,0.2949634380128017,0.23894870686774825,211.0,281.0,211.0,281.0,110.0,1773.0000000000002,57.99999999999999,1476.0,115.99999999999999,370.0
0.20258697609763238,0.018502534321789277,0.2910326599001338,0.34098565539219655,0.5278463967951728,0.19795537660515977,0.009432759938311107,0.02975744960576239,0.17630250340732365,0.6943627737949538,0.18898773189518842,0.9148205668184946,0.45865503819555914,0.2712664649274288,0.6669804111286759,148.0,281.0,148.0,281.0,23.0,2191.0,15.0,2416.0,74.0,564.0
0.15161497335511953,0.014931868931945145,0.5809996258888114,0.28678069659109057,0.8337975256431884,0.2550602650606625,0.3829178288988795,0.02845070433137563,0.21368587201649472,0.35226258382875086,0.690431038900007,0.9472753577689221,0.1022781510384862,0.5213093804720723,0.8325939745748334,88.0,292.0,70.0,292.0,20.0,1709.0,11.999999999999998,2507.0,43.0,530.0
0.2813113903089233,0.027451390046954287,0.11333838381245132,0.13441878177370925,0.44702689870986045,0.27287727209842777,0.06465267024003545,0.012815977131727156,0.062404998625301134,0.33096695727461123,0.47456894401822525,0.8911091651069587,0.2588079719363765,0.6867639292651533,0.36052285212730856,251.0,133.0,244.00000000000003,133.0,56.0,2828.0,34.0,2017.0,157.0,253.0
0.19628355098176037,0.020753480264412434,0.5777866362273165,0.16330124034514265,0.8512186925459873,0.2917830220919856,0.21593891532982856,0.02818111745681563,0.20392489408433112,0.35090299769445715,0.1806000280394675,0.7060341421843158,0.0971941071196723,0.41315612165023885,0.2087521875692787,136.0,303.0,125.0,303.0,60.0,2182.0,36.0,2587.0,84.0,551.0
0.05320622351940205,0.021178391132507496,0.575351849191897,0.39105240423406884,0.4771451968402283,0.20825784844829376,0.2505806006886924,0.01578811784961471,0.23805007850024815,0.3817698895364249,0.07861023605649306,0.7819302028487796,0.26057036246313936,0.21379114882705305,0.4356475787626134,166.0,160.0,156.0,160.0,67.0,639.0,40.0,1819.0,89.0,241.0
0.13932866418875095,0.029075948834838543,0.3237941829235723,0.3607290979518996,0.7464390013963225,0.32806499255502325,0.37574883476799714,0.006080533496980726,0.06461864674987763,0.5082617870376651,0.06992662261941635,0.9408234928658474,0.4280317863878963,0.6977426421223519,0.8280513767069908,234.0,59.0,182.0,59.0,31.0,1403.0,19.0,1247.0,126.0,112.99999999999999
0.13204589857647736,0.0036729863763549065,0.157429226831537,0.21825929796625143,0.5494859857355467,0.12293399121213103,0.1691715580281996,0.0020483407457831024,0.07040452765435834,0.8634072796231378,0.5426721440193638,0.6460146993467766,0.33044202044519494,0.3670076736085284,0.24539357263452843,44.0,17.0,38.0,17.0,19.0,1252.0,13.0,1276.0,21.0,98.0
0.29440304283866814,0.02227704261312803,0.5176354788409104,0.31048856555084636,0.7384615354218127,0.14500576809369412,0.3843340995682577,0.011614895682258777,0.13432300433731742,0.4396943140981621,0.34565538363577264,0.5667555943482459,0.11822267332172087,0.615980454515229,0.6301046554592746,171.0,101.0,156.0,101.0,106.0,2977.0,44.0,2849.9999999999995,97.0,405.0
0.298208819143899,0.0078273943021061,0.1315815516900246,0.3032698022438432,0.47352676607175676,0.3884613807432609,0.3768357338009436,0.008012215453682634,0.2634145623321233,0.7827017914804177,0.24755450955460478,0.9102688444981886,0.1690331928369821,0.5547553451290056,0.6884103651130378,55.0,76.0,46.0,76.0,5.999999999999999,3068.0,2.0,3137.0,28.999999999999996,701.0
0.1773396380786013,0.01762951878600618,0.4089282568525813,0.15258629006239693,0.2097120851938122,0.38215199741497363,0.04306339457381179,0.010261354726524308,0.2685329166378425,0.7611796659299017,0.32304945065305807,0.6493009407923895,0.4382470434308104,0.39751264335679515,0.4484361232434095,202.0,98.0,202.0,98.0,76.0,1736.0,41.0,2543.0000000000005,100.0,429.99999999999994
0.12520651391346088,0.019684487489557576,0.32308130371377275,0.07242267199136881,0.6964689367030705,0.39115509272295257,0.2832160456042577,0.007658501321409203,0.23910302689407623,0.9402953584015268,0.5708751329347735,0.8992375700657176,0.4138275263316345,0.2699526813851257,0.7491235167121288,178.0,61.00000000000001,153.0,61.00000000000001,45.0,1296.0,30.0,2094.0,112.0,328.0
0.24974762135257478,0.02727440547633888,0.5957971790013008,0.34650799633820945,0.24261701953808237,0.12555641796182937,0.15723910539091504,0.022037229506484138,0.2894383094152673,0.8309902634326425,0.4769145716705979,0.7241628898718532,0.27161922679662037,0.6634911058432291,0.6940791896041071,250.0,193.0,248.99999999999997,193.0,85.0,2514.0,34.0,3293.0,142.0,751.0
0.11090911232276628,0.004725727216224853,0.42856520379066754,0.2705259645256253,0.29833287488052,0.0971376406160539,0.3899805622533852,0.02172659458623173,0.05402585075373894,0.5981977029650862,0.4136911440212514,0.5480982000146394,0.3746450791140999,0.4777664748193506,0.8767301851784797,52.0,220.0,50.0,220.0,32.0,1358.0,13.0,1424.0,25.0,262.0
0.27707755388739536,0.021351023880270832,0.5092827179284704,0.0954196915835349,0.646081665224798,0.2866597713181652,0.08886842791713835,0.01730476409023296,0.17086034283451115,0.27036298205757914,0.4152313063637068,0.7787007396592783,0.4416702268252322,0.7525245029861123,0.6015943367599386,162.0,155.0,151.0,155.0,47.0,2867.0,15.0,2711.0,76.0,459.00000000000006
0.22686606377442692,0.014400240958909561,0.3003335092340784,0.22669743730022263,0.8702045591179668,0.16569628057337188,0.22475456239625805,0.029443002084747275,0.05172269831517721,0.8484068084187601,0.19085115368895966,0.8322797230104113,0.4009983162347263,0.4918534656329508,0.8260455463612266,103.0,281.0,89.0,281.0,28.999999999999996,2455.0,16.0,1981.9999999999998,66.0,398.0
0.09955402874836636,0.009661976124661076,0.44968675498719624,0.24753358765323674,0.8589705846704461,0.09890442972594841,0.20228569363769783,0.02864244218062703,0.20812817050643478,0.7633214988192816,0.07281098102753411,0.7289436516094168,0.10341659304760617,0.5700200763981635,0.6158735822265404,80.0,260.0,71.0,260.0,30.0,1240.0,16.0,2032.0,51.00000000000001,460.0
0.2274760030483428,0.00514381660970376,0.4675377235699406,0.24406931414084032,0.44341250992296577,0.28000758503696055,0.39920147123724603,0.0007905357955412467,0.23499983203160874,0.300639932729833,0.2539440586551785,0.6303843441238866,0.32860175847240886,0.6240365184200383,0.8897908058623605,33.0,9.0,32.0,9.0,18.0,2314.0,8.0,3495.0,21.0,371.99999999999994
0.18638234159371742,0.014769379139789419,0.15071698844938974,0.15506235793852596,0.4718925945666059,0.34448620083275433,0.3775283534844418,0.008857672306480264,0.04256761483714614,0.7891678975267928,0.2292669671573268,0.607343979954286,0.0932366969429509,0.5823206938742085,0.30465025125171397,131.0,84.0,112.99999999999999,84.0,57.99999999999999,1877.0,20.0,1482.0,68.0,150.0
0.11607084935843834,0.0262803050233077,0.4480947387051536,0.10704976227117398,0.27231983344199284,0.11235999724524962,0.04827757598644418,0.01136110061176596,0.26545923816519684,0.5420019778008284,0.17170685131896118,0.8185756478933498,0.27337725640173455,0.41526845172391535,0.49554075786785534,257.0,115.0,254.99999999999997,115.0,68.0,1276.0,38.0,2261.0,153.0,318.0
0.23357010172469966,0.011176274886726682,0.44108382729192375,0.18002439220063599,0.5785512660457126,0.03259407971984645,0.09181957758207523,0.005841003055987429,0.10555624516021543,0.5765293875972912,0.17877794537769937,0.7055641149898951,0.12918096747833605,0.6404237987159214,0.8092854603291664,85.0,67.0,82.0,67.0,35.0,2371.0,19.0,2244.0,56.0,237.0
0.23937592203017322,0.022063197097230376,0.25276626383898537,0.23155294293086054,0.3628067782005868,0.3981375504869237,0.29939130717202234,0.016474857335109033,0.08894252870611864,0.8367190482922251,0.17618223487242018,0.7942552486063725,0.16967889382498996,0.5352704240599533,0.46123081373353153,218.0,145.0,206.0,145.0,55.0,2484.0,28.999999999999996,1908.0,128.0,337.99999999999994
0.25941890037701826,0.016655695566849094,0.4215079824283259,0.08468416520452067,0.6379745252224451,0.3165283726898651,0.3857774331746708,0.029811108653552788,0.1420030387028894,0.7985008244045773,0.3507443267045613,0.6669458925902523,0.3080329101352765,0.352127770056804,0.6756938335207376,134.0,302.0,119.00000000000001,302.0,55.0,2783.0,30.0,2723.9999999999995,67.0,623.0
0.1359774988042345,0.010030833738803506,0.14241670935883474,0.09175650852430285,0.49828283683845664,0.17711125368603922,0.19014556473692082,0.009420092193630913,0.17844305775653857,0.21231818035936756,0.30272345118276256,0.8166604326974812,0.23315557511050777,0.4601203734956109,0.41781424607080647,92.0,97.0,85.0,97.0,17.0,1471.0,13.0,2034.9999999999998,55.0,279.0
0.2920491499875266,0.01834479451881841,0.20210094571365328,0.09664736961910833,0.5247908463453761,0.16408140283521797,0.007294430401569747,0.01805860641799831,0.12711307390660853,0.9249809877753317,0.6627394993724952,0.5024606786726458,0.14328211382111938,0.28812239588752386,0.7785283477234644,162.0,170.0,162.0,170.0,91.0,2990.0,43.0,2827.0,92.99999999999999,471.00000000000006
0.13016716424922053,0.02564500545574467,0.27520385886894094,0.35205176956609496,0.22209682866846828,0.03085365077500174,0.39075313305856363,0.012182731257966711,0.05028323710356658,0.9100338599372491,0.10628696146146624,0.7991829117027899,0.31786934354480934,0.6032462184227672,0.24922554352197485,248.99999999999997,147.0,237.0,147.0,62.0,1346.9999999999998,26.0,1017.0,135.0,185.99999999999997
0.08511294002434955,0.025874584463523122,0.23396216675334194,0.07692959197172619,0.27036810220263846,0.27413182500680217,0.3192866302386599,0.02681014050584964,0.007286885463636362,0.7297614198028157,0.6429190852466325,0.9349426976338064,0.41726991880550235,0.7181796237173446,0.7206141137262303,253.0,250.0,238.00000000000003,250.0,35.0,1080.0,15.0,883.0,130.0,262.0
0.2323430762208481,0.009404041248768095,0.5122381661365505,0.17308804262463895,0.3594627501543936,0.31843943128523605,0.3746520864647752,0.02344727248187686,0.21622789121541733,0.7044487155126198,0.5950712692143979,0.5607457327301888,0.3786860309230906,0.7110242199413679,0.20810878266982552,95.0,227.00000000000003,89.0,227.00000000000003,47.99999999999999,2510.0,13.0,2726.0,42.0,607.0
0.2855942818789032,0.007100390877278499,0.5258446732933635,0.15979081253678487,0.3331805093632349,0.012049192443754592,0.1639210691858326,0.010764189951153337,0.14603515031674547,0.781851358358405,0.6935215778160526,0.6954660638462034,0.11395863260344904,0.40193243357123154,0.5145105988830603,70.0,106.0,68.0,106.0,36.0,2925.0,19.0,2812.0,42.0,469.0
0.23622497766407557,0.02368589489521144,0.27161554523300774,0.3817607936991195,0.5529495425025694,0.23097146610404012,0.3966028493048932,0.010007068941316751,0.21912749401949835,0.6511157272034037,0.34323900775622473,0.6549605473668911,0.4262926384330972,0.299732498246826,0.8797088271738434,222.0,91.0,201.0,91.0,97.0,2400.0,44.0,2769.0,112.99999999999999,408.00000000000006
0.23494779937887084,0.004344665963517198,0.4470142144043615,0.09758726171191927,0.5718676066940119,0.39753443720540854,0.10777751928316524,0.007738455893186089,0.09450166619078425,0.517984621762182,0.1545924487416892,0.6693050241651738,0.43061322742094543,0.3599833197786269,0.5627365974136067,39.0,78.0,39.0,78.0,18.0,2350.0,10.0,2455.0,16.0,231.0
0.1883788847885811,0.015506425668785167,0.45452650949789963,0.3485973673655186,0.28626235609236395,0.22401647580712752,0.36423225626204614,0.02329420972437258,0.20559554518767037,0.3200938182020608,0.1079254151377278,0.5960398295464571,0.21369385729332346,0.7849776523945573,0.2481866973000833,138.0,208.0,132.0,208.0,56.0,2031.0,21.0,2503.0,80.0,462.0
0.07236507506499237,0.02509451616042299,0.5352715578976506,0.08148468452110069,0.3020521891580195,0.1788964017542882,0.03923774803170956,0.020233902953369583,0.06038254040229124,0.3386540492547869,0.48355238411481344,0.6374876300971332,0.08046649106509146,0.21562384169897555,0.7612699120114099,246.0,182.0,245.0,182.0,118.0,849.0,68.0,1328.0,143.0,218.0
0.21088776329353787,0.02436029057512125,0.13290342090896423,0.2743216345143419,0.36166158335920706,0.3654103019767117,0.1774621709307298,0.010680711585383534,0.11362345667745033,0.23088656206022004,0.07952570241165116,0.7105993121066835,0.11216698538317321,0.6689148434477913,0.5233834517058717,233.0,94.0,223.0,94.0,70.0,2163.0,23.0,2082.0,129.0,234.0
0.19585790065711045,0.004624608532129116,0.49106682709341254,0.2828787769594983,0.582115361841429,0.31587421369188595,0.16895316867595384,0.029239461552143593,0.26420687799273435,0.7224194486505155,0.27329941581385037,0.8073681314675554,0.33311431978344286,0.6549459872750849,0.7933991249357513,30.0,278.0,28.999999999999996,278.0,7.0,2181.0,4.0,2827.0,18.0,646.0
0.06424417143305623,0.009589128955873282,0.3878791676193266,0.14320250354475966,0.7741795154184306,0.212453553188794,0.020124362969536874,0.009004467581845447,0.043673953582477436,0.6561272991386151,0.23049501357860158,0.8555499479334843,0.223195944185006,0.3297392278673572,0.4642928568404159,76.0,77.0,76.0,77.0,25.0,696.0,10.0,838.0,36.0,98.0
0.290870159867259,0.016981762134522654,0.4931290358947443,0.10915768058529354,0.8411189450300907,0.34694196262236066,0.21071388476193043,0.004346236874871703,0.041996710923457116,0.42543850178342824,0.2947798503909392,0.7118453740716727,0.40475817553516985,0.48296527000485656,0.5717625679168086,124.0,40.0,111.0,40.0,47.0,2823.0,19.0,1991.9999999999998,73.0,109.0
0.12029135190440533,0.023333007531919962,0.3173012306161802,0.37619942849040505,0.6688306164728011,0.07448714653219023,0.2463983882215136,0.01881745919946923,0.12777066217062982,0.5972372726960464,0.5669205519159948,0.8683098970588075,0.1736066233048849,0.37938293351960406,0.40902596693581705,172.0,187.0,154.0,187.0,45.0,1354.0,25.0,1509.0,108.0,289.0
0.1904919347000849,0.01202056942093799,0.10805503098249267,0.3287693801251526,0.8226958078616038,0.0590199908100825,0.0043009562237757495,0.009900682238551926,0.16929091685295813,0.3299135171218459,0.6280250298795299,0.7877310062526229,0.339940768981478,0.21947224591935913,0.5679078145661823,128.0,106.0,128.0,106.0,33.0,1946.0,23.0,2199.0,81.0,327.0
0.2882905718820695,0.01600821927393544,0.3987045132752308,0.31697789078923844,0.7770800981101416,0.3457084024951332,0.31281449815435725,0.018704649440184067,0.029743945517023765,0.3357327925590656,0.3917301677464647,0.6758736098790294,0.17703168192817603,0.5470124142113257,0.48834343719300954,107.0,176.0,95.0,176.0,47.99999999999999,3018.0,28.0,2289.0,67.0,257.0
0.08102362317360673,0.010207752859946956,0.5625931568028917,0.15911843062783498,0.5757044588992396,0.056001902616083656,0.35991768494922993,0.002456404842861211,0.15024135765994243,0.5127289526489871,0.6320312698249879,0.7836606103575197,0.32500070006531095,0.7991658017994752,0.4204590235931346,75.0,23.999999999999996,70.0,23.999999999999996,26.0,825.0,7.0,1296.0,41.0,78.0
0.1376583584957763,0.009085578427429249,0.2749340102081268,0.33038670373601264,0.28290553174582866,0.06242516644787277,0.04481383846326431,0.01053439020588068,0.1550061246014171,0.6493833853994377,0.3374041488981922,0.9112675003424867,0.19539836838507607,0.26659053946911526,0.348374748936252,70.0,89.0,70.0,89.0,7.0,1479.0,2.9999999999999996,1630.0,37.0,244.00000000000003
0.27056365452675574,0.02648899036451642,0.4578089466486298,0.3469711139087755,0.5693604816195428,0.3552167912759714,0.0981267840533912,0.0048920597775791745,0.29927504477629346,0.22736773891143364,0.16490866885243333,0.8592510148584251,0.06555713255311856,0.33116312977841655,0.4536822984546291,210.0,47.0,207.0,47.0,63.0,2609.0,41.0,3363.9999999999995,112.99999999999999,532.0
0.1737579020540029,0.028252012429052606,0.2705737393726865,0.12225255807971719,0.3314067835838539,0.27528101381833786,0.27770990871468243,0.02740565938578428,0.03212360377636486,0.2819328553534698,0.23847224632971215,0.9415082384988234,0.25363546363869977,0.3245184581042863,0.21215580855337735,251.0,263.0,233.0,263.0,44.0,1852.0,27.0,1391.0,140.0,293.0
0.07535058463890466,0.028746796858981988,0.3021286151863374,0.1406452537752455,0.748789429112555,0.29968555369394156,0.3066662999590347,0.020514077960849864,0.12980615400382317,0.6528925284537024,0.09002467229446215,0.6324857885643295,0.07460975784633163,0.5390817336778637,0.8152428575009925,253.0,208.99999999999997,224.0,208.99999999999997,132.0,917.0,53.0,1706.0,139.0,257.0
0.14982539566981024,0.01558622480144634,0.23726314915734886,0.17471860970745015,0.3879139413118562,0.09535190563575982,0.21405030437689523,0.027453415271768287,0.02173632855729136,0.5410017440373419,0.5355091295238656,0.6148300785949661,0.4626382167976798,0.2684652000947521,0.5467690183076559,141.0,278.0,137.0,278.0,64.0,1660.0,30.0,1528.0,76.0,301.0
0.23788060199329758,0.01278950999274176,0.1863840080730342,0.1956591476928607,0.5034352325785552,0.08244639052389004,0.1396576593143429,0.0005270356453811085,0.21996158472060112,0.6390639619155127,0.5209054184541855,0.5827245752146748,0.3626608945147556,0.24630387068441345,0.7692098394310805,132.0,5.999999999999999,126.0,5.999999999999999,68.0,2344.0,35.0,2960.9999999999995,73.0,363.0
0.2538174155934987,0.006118539881805847,0.596398849549251,0.06652368804034677,0.8628180053463712,0.3766300194204892,0.07446154299526273,0.028042077837866667,0.1661476450977274,0.6825230518148617,0.12626316692273365,0.6777463002654308,0.18454689068729774,0.755764980248788,0.508913280384353,47.99999999999999,275.0,46.0,275.0,27.0,2766.0,8.0,2624.0,25.0,589.0
0.23034761433037154,0.008034387813872522,0.42378523933857604,0.273552133226039,0.6708409214308311,0.03348286627578536,0.3032757013707287,0.010618748111161409,0.23320187926004507,0.23924204753380965,0.660828393537109,0.5489776183914123,0.38587288198098385,0.4482383665917406,0.23446986256565097,57.0,112.99999999999999,54.0,112.99999999999999,27.0,2408.0,14.0,2942.0,33.0,461.0
0.15635286234194484,0.007710445677468419,0.2475586042208963,0.06820921936006914,0.7211184781480993,0.06834344554016615,0.2714885628385992,0.022338094601655787,0.2229997844137011,0.5106516670209774,0.5016281153041651,0.861244001597687,0.32417936960997434,0.26040592458871314,0.5295308674888342,50.0,212.0,44.0,212.0,11.0,1792.9999999999998,9.0,2452.0,26.0,483.0
0.13362598303212225,0.02937028739671836,0.5196110220005433,0.23571318850623463,0.8137477448614869,0.20080146569646173,0.09600509931315576,0.0009116128581953286,0.2583767908544796,0.6155266348778605,0.5722687108260752,0.5503043655297236,0.48651294096743525,0.6350995317981534,0.4372296123524776,219.0,11.0,210.0,11.0,128.0,1361.0,43.0,2269.0,119.00000000000001,305.0
0.2537259819024245,0.010278979981181038,0.1709050994792512,0.09953724024301847,0.5894380301200145,0.3100392905688133,0.054641976503769854,0.012493155953330334,0.2807347566192206,0.5278536732681149,0.20305622075543683,0.8547285534276927,0.07999906347551292,0.5412962343494667,0.2700928723610818,106.0,99.00000000000001,106.0,99.00000000000001,26.0,2521.0,16.0,3062.0000000000005,54.0,574.0
0.20969579051076054,0.009727221408686358,0.26601522357089047,0.29754010721614726,0.5853989582764675,0.055416368889896456,0.19317275904969977,0.004953715139682781,0.1069663721225924,0.9141065923459959,0.5860955428932256,0.5158579386854056,0.22670900411257655,0.22124378783799842,0.37228523674792324,86.0,46.0,82.0,46.0,49.0,2046.0,28.0,2075.0,54.0,258.0
0.16337437820544531,0.028084841692486893,0.19909279414393682,0.26078062984191797,0.43422925085330377,0.20676450768313176,0.12237830739985611,0.029293829005501953,0.11516723151313724,0.34058007377062116,0.5001179383010363,0.6679439859817429,0.21142606129013058,0.4047580186480175,0.45518646720196493,235.0,281.0,229.0,281.0,84.0,1770.0,38.0,1936.0,125.0,398.0
0.2874052273324484,0.005004409396369277,0.29129848017782894,0.37850660391414853,0.5743509434497933,0.1837904226989968,0.09074054030696795,0.013869984110257895,0.06333183184503875,0.8430393132263692,0.29184636831176675,0.5080883660995767,0.06949818940692251,0.5722003844253757,0.531799545924182,55.0,135.0,55.0,135.0,35.0,2977.0,15.0,2131.0,35.0,302.0
0.08883126643200948,0.004115887257223519,0.48228456697862887,0.38565748014790935,0.8967789371330297,0.20194280990944505,0.08086359080736527,0.019415643796227584,0.11796431542718551,0.2027861607562503,0.31789593218361395,0.8583434787101274,0.279551882618602,0.579201959041645,0.25107312429899126,27.0,208.99999999999997,27.0,208.99999999999997,5.999999999999999,1076.0,4.0,1450.0,11.999999999999998,278.0
0.18205369293665236,0.002368672461860431,0.1477169668385458,0.233397163354569,0.3493783841979682,0.26220227715861716,0.2545356539161691,0.024918750394682956,0.03015664697127452,0.5618613276022828,0.1746169215793802,0.8644252200045525,0.3128244456214914,0.649096506190143,0.7499151170808214,19.0,241.0,19.0,241.0,5.0,2044.9999999999998,2.0,1492.9999999999998,13.0,289.0
0.262409921613861,0.022529164595692257,0.23546076997594756,0.24998951316882495,0.7399422437743157,0.3066320962792217,0.003855112149938679,0.025872520176556547,0.17880677219472563,0.3760451356871794,0.11277112545282264,0.8048459247199065,0.3136574293150421,0.45932426527690634,0.8042423365135232,183.0,223.0,182.0,223.0,39.0,2645.0,26.0,2802.0,122.00000000000001,517.0
0.0654753072831683,0.024912907080940683,0.17368395702292733,0.1793012302190774,0.6594069242775447,0.3475219132853757,0.33046604636601873,0.004549964168959765,0.15148475365660077,0.812313868455742,0.35058761996643095,0.7662807327842406,0.1059901346157974,0.6788346564163039,0.27206936871540477,218.0,42.0,187.0,42.0,71.0,674.0,28.0,1153.0,126.0,117.0
0.23880239350912807,0.01429446947767903,0.34112429767507324,0.10598291568107161,0.8279427456085127,0.005298356782571078,0.370259199719659,0.00117372234032436,0.2021049717423774,0.26080898374123784,0.6664366856906054,0.5874162987359846,0.19402475008571868,0.7165736519393289,0.8664128125321198,132.0,11.0,114.0,11.0,63.0,2323.0,23.999999999999996,2910.0,75.0,268.0
0.21935305774088737,0.011355295460453725,0.4857500629530065,0.2980898549884825,0.5670134022640405,0.17686319116542087,0.3498902662391538,0.004390143771155061,0.23571939042344445,0.9126012252685309,0.3643772207975546,0.8693268945977533,0.43491675649352746,0.25052564198613486,0.5785829342099685,86.0,52.0,78.0,52.0,17.0,2261.0,5.0,2522.0,43.0,500.0
0.07314377409836113,0.013846292282901138,0.4564735182385412,0.12445618879556537,0.4553828646367925,0.22278974753533137,0.3452290884417923,0.008108238314338535,0.22191677117390382,0.8980081269727753,0.1504427319971938,0.9263066601753006,0.26501449947393757,0.5555122638453142,0.7531317513172078,110.0,77.0,99.00000000000001,77.0,18.0,757.0,10.0,1441.0,53.0,188.0
0.1948558450819557,0.027931091936221085,0.4915102798644787,0.28037380738554557,0.5868143755628724,0.269021280534762,0.35852416291525485,0.01902634894673767,0.22676432630934823,0.23297842833120624,0.37672187840251276,0.9221270067821983,0.1000868003059835,0.3383140981086287,0.33088614876105443,195.0,174.0,172.0,174.0,28.0,2061.0,19.0,2493.0,106.0,453.0
0.06279752653082246,0.012666217570514695,0.18920111770928127,0.16646404120381814,0.3652057715486956,0.21643072057671559,0.37166598565398345,0.011101760576270643,0.19973212216559802,0.6780255226489458,0.3565212811605461,0.685026209947176,0.282241050489923,0.21744536880252055,0.7046947103534071,120.0,114.0,115.0,114.0,41.0,713.0,25.0,2021.0,60.0,180.0
0.2084312061121385,0.011569444258243322,0.16113765377993983,0.18687617169871484,0.5113259176447995,0.14051354654319867,0.06088522833125775,0.02890733633977147,0.004676314802802081,0.8086832402377411,0.522665013501573,0.6903744817262297,0.10806623580731164,0.610423985901088,0.6760680791910556,88.0,305.0,87.0,305.0,26.0,2299.0,13.0,1543.0,47.0,314.0
0.23308496608254364,0.020202932312808994,0.572659253854147,0.29327212065464164,0.3229819460181313,0.08104711000468369,0.3049836482867426,0.005701513804358445,0.03228855677995446,0.9604257801797245,0.4020666630101219,0.5762852421574467,0.2689094239721103,0.3059426767269477,0.8865465494415063,199.0,57.0,199.0,57.0,106.0,2282.0,47.99999999999999,1771.0,105.0,92.99999999999999
0.1386920826886197,0.0168429634005495,0.2405721638139561,0.0898077831082348,0.5183775869440236,0.14178409863691518,0.28954853934106906,0.012564584510058964,0.16963028044839434,0.5446143889589732,0.09843580056846243,0.6984571554123861,0.38677292052726286,0.27875078157045385,0.3783554531447071,135.0,132.0,126.0,132.0,54.0,1533.0,23.999999999999996,1947.0000000000002,79.00000000000001,273.0
0.15250320225615244,0.02599032359329368,0.5582387218470194,0.3887535003597246,0.2802147988411064,0.22133769457760213,0.010353734942523918,0.004771636544526807,0.006646497012221658,0.9299180555144411,0.6084694921972439,0.8462839272483633,0.3955654404971862,0.20669268111668523,0.7678342110888767,239.0,41.0,238.00000000000003,41.0,64.0,1495.0,40.0,1086.0,129.0,47.0
0.2221109086013487,0.0210895386489792,0.27340205039243404,0.12572313211437183,0.7616447826106234,0.37265050607138694,0.2853820785054652,0.029575525400426076,0.26321918874294703,0.6302314245570151,0.40099447102310753,0.839773670508146,0.1493305771228032,0.2437940832232622,0.840221569694706,176.0,289.0,145.0,289.0,41.0,2441.0,23.999999999999996,3173.0000000000005,89.0,720.0
0.05035106879630168,0.018725869024686877,0.23937917053933147,0.3678433321668804,0.8285621154549418,0.12300329291544992,0.0014374314469551858,0.0018652539453016955,0.05274228452405732,0.8272088104304185,0.1837403704915801,0.8034807392135135,0.25038398870865397,0.5495159047635381,0.44597605621849146,144.0,15.0,144.0,15.0,37.0,521.0,21.0,638.0,78.0,27.0
0.10740442160015082,0.018221128916981466,0.21723305104717458,0.20557000054192054,0.44530188476718713,0.1449171202751113,0.17371845019702903,0.014807030420808578,0.04780862223201101,0.685005239890252,0.4105037718942721,0.6144748355220371,0.23093439590594467,0.4175851420996312,0.6276160817046423,182.0,140.0,178.0,140.0,83.0,1171.0,39.0,1138.0,122.00000000000001,182.0
0.22923479872202068,0.009032474482735678,0.1281792799527307,0.15489683965075735,0.762874928809465,0.322969306680223,0.14580831463884458,8.114360100607129e-05,0.13552396932751126,0.757653841433622,0.2242583844163818,0.5898325710590414,0.14579884843781293,0.5171056008048636,0.6229525518537895,87.0,1.0,83.0,1.0,38.0,2275.0,17.0,2042.0,45.0,231.99999999999997
0.06038289824950161,0.008885714503650869,0.10533378109390534,0.1562478963450009,0.24884357118395714,0.2534756990601397,0.3157879646644501,0.0155766643164031,0.10910243174650357,0.7409245625105891,0.5527154184749717,0.6598326662745431,0.43797552628356984,0.651499469930134,0.47500921967349385,78.0,161.0,78.0,161.0,31.0,785.0,15.0,1202.0,53.0,197.0
0.1124603802621931,0.027546251000713264,0.542324186060132,0.202903181136317,0.555285400922681,0.026058689898977545,0.3259376517786084,0.01969396480140987,0.14928518848686345,0.9484017277694892,0.5941228773062955,0.6890836919879071,0.47306396484253754,0.20299296196950928,0.37588176668708023,208.0,179.0,197.0,179.0,88.0,1292.0,44.0,1449.0,114.0,308.0
0.20637063392299498,0.002242157288437133,0.2290831152967566,0.2570042813676814,0.7853942539836607,0.21379603907448647,0.2471542023037392,0.02766654544925088,0.022039794737758123,0.2729238239323148,0.33969819153861724,0.7279975810633145,0.24591024559449837,0.7382158432134989,0.8173613607624546,15.0,251.0,14.0,251.0,5.0,2310.0,2.9999999999999996,1746.0,8.0,271.0
0.08640322141426868,0.026858188421284825,0.14383159673196821,0.34380809825826114,0.35807765662327085,0.3595190557261307,0.1256843599918799,0.02404558899233755,0.01185382473881342,0.6931542105828583,0.598399324390688,0.6292657691592127,0.18345791350432672,0.6424256574532881,0.5247136577531805,257.0,233.0,250.0,233.0,110.0,1079.0,38.0,932.0,139.0,245.0
0.24508762240846094,0.002468836083687997,0.33073424584636757,0.07111956566012137,0.8829698644565622,0.2468084144977325,0.03822126392982764,0.02877807118898025,0.2909617906564959,0.5247396347823956,0.3704216670370335,0.7850374487569718,0.1568023775547472,0.501249861889488,0.6740422744776156,23.999999999999996,297.0,23.999999999999996,297.0,5.0,2672.0,2.0,3270.0,14.0,875.0
0.14752794059327817,0.02694684866354289,0.5303222238989488,0.24192721988948246,0.8157595296991518,0.18631412418073545,0.36877366133065803,0.022729655670170764,0.10753868976672645,0.4330128233824732,0.41105862252925857,0.6811955442689688,0.24313116785339728,0.3709607464477459,0.6352899992019365,172.0,213.0,145.0,213.0,81.0,1557.0,41.0,1686.0,91.0,300.0
0.24364629764661372,0.01922186334982902,0.5343416178267392,0.12766337860566557,0.6261992851171352,0.10790702900810237,0.01231149782976698,0.025117863215504525,0.012842585281850954,0.6633706140218332,0.37218906548841496,0.7544400837335492,0.12238185336793254,0.3338859953654671,0.3871022756442576,167.0,268.0,167.0,268.0,70.0,2579.0,36.0,1753.0,91.0,292.0
0.06657467990236589,0.020890101535866054,0.5024401760564143,0.3805703041599142,0.24500911707368406,0.19250475776598264,0.040253917061961256,0.013232269989309207,0.1521030174206165,0.29622705799392984,0.2692135544503715,0.901744878638063,0.18153281924995424,0.3513070911569319,0.8751339341051636,207.0,129.0,205.0,129.0,40.0,755.0,30.0,1658.0,112.0,185.99999999999997
0.13990230531505393,0.0027679510888241805,0.1795206833182745,0.3147731368796898,0.23206099726904184,0.3745025345887425,0.1972722073096261,0.011682916256076679,0.08282747364004227,0.602251038042903,0.42186376287664534,0.5595818264962742,0.1167095553041429,0.6604184536079805,0.8295253442830568,18.0,125.0,18.0,125.0,5.999999999999999,1497.0,2.0,1440.0,9.0,214.99999999999997
0.2734758232775978,0.0028725243933923903,0.5105830054444634,0.2800033417795394,0.6118021495184547,0.22709636938762295,0.3937709871714449,0.022053374967012346,0.21879332384146663,0.9629841447607257,0.5490481740021429,0.8483510391393481,0.41478369172458285,0.7339598151550732,0.49791346974353023,27.0,199.0,20.0,199.0,5.0,2851.0,1.0,2782.0,18.0,709.9999999999999
0.2738441759338586,0.013427346575281135,0.3494294797754179,0.11949517216806027,0.3741888062406259,0.05467628698359498,0.24085592522597984,0.022395497459686168,0.20659408237900706,0.4070741512491865,0.6955884611832996,0.5305659011928192,0.4367578677792706,0.3113490484135889,0.6369623158883273,130.0,229.0,124.0,229.0,67.0,2789.0,26.0,3024.0,62.0,597.0
0.18161952097800327,0.025243708071157583,0.35551837473359316,0.21319401830187817,0.45707962769156585,0.3233920549815863,0.05782624771087828,0.020793921085356947,0.22646108768430426,0.9745386277190502,0.6479374264985516,0.7469422870930331,0.3313083123207393,0.5231849235997799,0.8724657431050376,217.0,214.99999999999997,214.99999999999997,214.99999999999997,83.0,1955.0,40.0,2349.0,115.0,528.0
0.10591311948597452,0.02900730913005297,0.41262666788776514,0.25368609662150343,0.22521974521174212,0.1218353910195859,0.03233019543843648,0.0096547632672421,0.06421432372629648,0.7582196975181843,0.6060739844299396,0.6333228538186377,0.26359669507970884,0.6329804289144192,0.47898955244727814,274.0,83.0,274.0,83.0,124.0,1112.0,43.0,1244.0,168.0,143.0
0.21313819803394496,0.006702116526428098,0.18420300021167235,0.17134983074212795,0.4248655206508417,0.38111293724408823,0.03198158670873609,0.017781847725350325,0.17608960675183064,0.9687615841436168,0.24156425692999461,0.7496011563427286,0.47998236958273,0.36325349413010494,0.363508341356604,57.0,167.0,57.0,167.0,19.0,2235.0,11.0,2432.0,35.0,465.0
0.14721209495556917,0.014732768396054561,0.5949447023847281,0.21946746562770203,0.8309272178419975,0.1338934902614314,0.18517621871996448,0.012250165518385332,0.09862996464248071,0.20503202832071782,0.18807268574786468,0.6164448774010649,0.4255984524250342,0.7781990696182413,0.5168746221028717,131.0,130.0,126.0,130.0,70.0,1576.0,23.999999999999996,1896.0,79.00000000000001,216.0
0.25724658403236517,0.018795448878236157,0.5160190251896133,0.2894377185729818,0.46878069888931573,0.17453515139357845,0.11378848893350516,0.020682942695282813,0.28462903669137274,0.9012644453629866,0.09590825210155762,0.9310896633455754,0.05670211447414469,0.43240455538662886,0.36180056976268904,137.0,203.0,134.0,203.0,19.0,2639.0000000000005,16.0,3123.0,64.0,731.0
0.11846841001963546,0.016140915272209934,0.30362766820791,0.08299549542046619,0.8611093973357391,0.2714359255189564,0.35203165489330984,0.0023567644342019282,0.18158925798306444,0.2181026869994042,0.6511974812350182,0.8607160714224709,0.12646857728307886,0.720340720521025,0.877961377287956,117.0,30.0,94.0,30.0,33.0,1156.0,17.0,1896.0,65.0,174.0
0.21442516567802744,0.016705120017455336,0.16589132770978868,0.38688500489428,0.6645969201698394,0.16733265653528473,0.3667512976254124,0.01506696725087541,0.20100270289247582,0.8775977839488023,0.6592531607855758,0.5980477376547918,0.2334043246050153,0.48585459821258387,0.3388239819211142,132.0,152.0,121.0,152.0,66.0,2207.0,20.0,2357.0,70.0,463.99999999999994
0.28571808211278177,0.007515140368364287,0.26294450325472385,0.05584072681140238,0.8564980163889284,0.32736158639158836,0.38182331733710007,0.005408601482492646,0.2569077701147254,0.2546611866064984,0.15792659874773082,0.9361234023971763,0.2618248002635931,0.3657138324274559,0.8479379072915385,56.0,47.99999999999999,40.0,47.99999999999999,11.0,2870.0,8.0,3356.0,32.0,551.0
0.22517315031827279,0.0038467219567271034,0.24174750312074542,0.3945745462350797,0.6108017604408653,0.2360668420957334,0.30896671984259494,0.018552652827923753,0.07935181072412854,0.840351432871079,0.26637489592162944,0.5903678509840179,0.21995002602585167,0.4904334608187706,0.30642206395257304,53.0,177.0,46.0,177.0,27.0,2372.0,11.999999999999998,1883.0,32.0,327.0
0.20403343213876057,0.005487981418741455,0.22418476493546502,0.32522273329281776,0.23637250529792292,0.18423909157053864,0.13791059453447127,0.024080091769313004,0.12261407731329069,0.834311561064093,0.3683194486673487,0.6344188933838273,0.33639112761515216,0.6473090702330906,0.7431679956813317,53.0,245.0,53.0,245.0,21.0,2237.0,5.0,2134.0,22.0,429.99999999999994
0.21398273001047247,0.026211998530668086,0.3253886267645683,0.1460420348531749,0.809077077728193,0.2949820030197204,0.14969654330560567,0.009450878328885701,0.03586441554035161,0.382197816598323,0.4073986713687545,0.7460160118004023,0.06228455774571559,0.354867958237423,0.7471301951733744,208.0,119.00000000000001,194.0,119.00000000000001,84.0,2240.0,40.0,1940.0,115.0,179.0
0.1464791101239559,0.0182690932534025,0.22148078168480845,0.1905389800432718,0.3903570822221124,0.29867975631465143,0.3427783126969065,0.015670223164814416,0.20447692951573332,0.6456963482024244,0.48066395800094697,0.8493981657783949,0.14880516767046126,0.22434332437861826,0.4044627336781629,152.0,153.0,137.0,153.0,33.0,1587.0,19.0,2085.0,85.0,380.0
0.24471327854372094,0.011680500919653624,0.304369656393091,0.20418987795011506,0.3285317498175204,0.3682770980808318,0.05209848487484865,0.029132116674424887,0.16455681082102186,0.9882055093466204,0.14478930508377563,0.5917459772767707,0.41631481805239134,0.4425036059489751,0.801839339894654,128.0,275.0,128.0,275.0,45.0,2592.0,23.0,2663.0,81.0,631.0
0.14514483952943424,0.021911311461933473,0.19033292535401766,0.18841797220787898,0.7266571611251884,0.09244758676098053,0.33370040275299045,0.023064805402681028,0.07821462517870532,0.7266217689520251,0.1341275485102972,0.8212602821249464,0.384154842239553,0.5367884204470258,0.49660068807715113,181.00000000000003,237.0,157.0,237.0,51.00000000000001,1669.0,28.999999999999996,1477.0,105.0,354.0
0.141627567843513,0.009951347151060632,0.3630597930587879,0.054683922366367,0.520989340514079,0.15254203816824066,0.14812692556885237,0.017362114184614637,0.2661415740016674,0.2950956920973247,0.4452614107713979,0.6203233004725291,0.4999430752720517,0.7226472406638782,0.8717678702093721,88.0,188.0,87.0,188.0,41.0,1568.0,7.0,2776.0,42.0,421.0
0.28003503718496103,0.004302960210714214,0.26409964851938234,0.11113062950385377,0.48744107428339484,0.15752473760317784,0.12027220794294989,0.02089556428753227,0.04096308418362943,0.44256527085133013,0.4649984982126047,0.7405876006167746,0.348749835189609,0.5282896715442045,0.40519974433981965,43.0,220.0,42.0,220.0,14.0,2923.0,7.0,2133.0,28.0,304.0
0.18350259726411577,0.020473109380661658,0.29675781081753927,0.33696752032254784,0.4641683859166664,0.06437894735247372,0.11915764353518797,0.028659545890488483,0.03325530621263763,0.44710608400217067,0.6110640519851838,0.8393789889375123,0.21252690165580645,0.409581694487078,0.6722963136086857,179.0,273.0,175.00000000000003,273.0,53.0,2116.0,27.0,1654.0,107.0,311.0
0.16775171281182813,0.003813349759988661,0.3506634480693823,0.318990173322478,0.8946061240699619,0.2041837431020145,0.14032233932005328,0.01708465537244231,0.29682996499437536,0.9908338613943675,0.22762929501888518,0.7710353167034019,0.32244808269790526,0.7576237586903241,0.3739529951582689,27.0,180.0,23.0,180.0,9.0,1781.0,2.0,2526.0,15.0,546.0
0.09258264084859022,0.007363807351918837,0.5564974216603098,0.2652048643034485,0.34840052310145175,0.07557904365797359,0.25819900289756953,0.004718131084022043,0.02922936387081847,0.8256869441736034,0.21030176160268027,0.9053191700043113,0.4857379128719628,0.5884748170640555,0.30052881329455605,56.0,43.0,51.00000000000001,43.0,9.0,997.0,5.0,763.0000000000001,28.999999999999996,64.0
0.2848528822202127,0.014161322610013733,0.31151981957315344,0.13739139864458927,0.6430486559017159,0.020111302548011904,0.18319108516560842,0.015264567704262468,0.24170026578043657,0.935735162862416,0.08388697771718634,0.8345704151594359,0.15016186687949507,0.5869447055994994,0.8974262643088933,111.0,180.0,104.0,180.0,31.0,2894.0,17.0,3202.0,60.0,709.0
0.1681504502157453,0.017749534949300642,0.24979282822224594,0.1498790073572004,0.30033593460520164,0.18855965409158268,0.2652554918293126,0.028077630940544128,0.042867839801702674,0.215613198266132,0.6174915131291663,0.707812168754135,0.10930726609803658,0.3235345504919442,0.24108445447706717,196.0,264.0,185.0,264.0,69.0,1891.0,41.0,1600.0,121.0,296.0
0.20538939383613203,0.00949375594503269,0.3159922958959134,0.31320184080791885,0.2927240394038126,0.004711917468646279,0.124752181590835,0.007550901443585601,0.03500628151480646,0.2112369696754039,0.30702538651360733,0.9275810125871147,0.4879813414274049,0.5319932248531802,0.3246679785298707,76.0,64.0,74.0,64.0,7.0,2178.0,5.0,1522.0,39.0,103.0
0.16468252488228652,0.024068893868628087,0.46290223066994984,0.38146803564146,0.4067275079719752,0.2824170461803652,0.21912247383325334,0.022984051342189202,0.24397321977692435,0.9063648132192115,0.19459314740447686,0.56878535580719,0.11520832141552259,0.7955674285198249,0.2588367508221709,214.99999999999997,212.0,212.0,212.0,108.0,1731.0,37.0,2284.0,107.0,547.0
0.2104096283555063,0.010452382917897407,0.2985388002213326,0.07313565454413781,0.32962223900937004,0.3485696655493211,0.221278452687414,0.017688977091042644,0.13767918787384348,0.5390495513080379,0.20618083207103777,0.6392787559940263,0.16266323031582652,0.22675784124056791,0.237852768316128,91.0,177.0,88.0,177.0,40.0,2207.0,22.0,2198.0,56.0,383.99999999999994
0.05562985678194288,0.016588251470584764,0.5411042371817649,0.26707318091542753,0.5539759244722459,0.14355012634029282,0.3160599646686842,0.01678478833998096,0.21460057280928616,0.7214473458458897,0.4535457383099708,0.8090869926120665,0.40899741669168743,0.63078542034992,0.821729745801276,134.0,160.0,119.00000000000001,160.0,41.0,668.0,21.0,1663.0,74.0,253.0
0.15208045862222752,0.019854075945270257,0.29429656347086897,0.37669793197579826,0.6500512792948133,0.016606845139067065,0.11828765962985982,0.005246747132788914,0.024112688317414796,0.9388156189389385,0.4184911537567918,0.8969100023125132,0.11107890956348423,0.49327234701967954,0.4118351956385941,173.0,56.0,162.0,56.0,33.0,1547.0,23.0,1008.0,92.99999999999999,89.0
0.06765458635235208,0.013730160750491277,0.5899751201419399,0.2727463027951296,0.46555552978958226,0.00041348625788302593,0.019128172231417107,0.01191098238415274,0.06547270260775864,0.3435358703301863,0.6979953744130222,0.5795174850540828,0.333938908524439,0.5926286383970698,0.6463733494204102,109.0,109.0,109.0,109.0,45.0,762.0,19.0,1257.0,57.99999999999999,144.0
0.2340458085866819,0.02384232779814225,0.39921670477901705,0.1423982625024308,0.7056139503485301,0.3531917097505688,0.29189821635958085,0.0169530823537215,0.24350834229395088,0.28978181177214507,0.32292750678943277,0.8742019302580013,0.29500964424164927,0.49474433419429564,0.5164765600965935,181.00000000000003,164.0,149.0,164.0,38.0,2389.0,22.0,2781.0,94.0,496.0
0.22779975868462177,0.012611929716882332,0.38367163932019877,0.29100799972869146,0.7105198274855964,0.29571355100994084,0.3631743893331114,0.0272184540510032,0.10214871225137151,0.7842905230457575,0.6221264781900465,0.796706914531917,0.3205164274402643,0.5206070009975783,0.4294336947380306,129.0,292.0,109.0,292.0,36.0,2405.0,23.0,2057.0,81.0,467.0
0.1051163777140393,0.006616876227217129,0.4943000862457331,0.3055236678479979,0.4531241679806335,0.3549228936909873,0.18846523131351925,0.024980707757570497,0.010148542761103958,0.44557583585147476,0.14418151962550332,0.6808633101692722,0.164224169588162,0.4002011015282817,0.6089520782141687,46.0,251.0,44.0,251.0,20.0,1234.0,10.0,1085.0,27.0,254.0
0.2440698394805772,0.02290805194547301,0.3076492247893792,0.14801394158264888,0.2545426842838731,0.050657665840464085,0.2801541893746566,0.027114041373900947,0.16129544946663296,0.45504101048689727,0.44666705862870737,0.7651018585018798,0.14104771603755056,0.7282441903766501,0.3979731052056436,185.0,275.0,174.0,275.0,53.0,2597.0,33.0,2557.0,107.0,576.0
0.20762895389560904,0.029634857164386484,0.45911473505062095,0.36586916409943254,0.5976209509757089,0.33998383726735554,0.28855688172288285,0.026028394895599164,0.23943938157130965,0.5236392034559949,0.12274207224424166,0.8750915095639589,0.1327865880724196,0.4818357693320729,0.7658931055191478,250.0,245.0,234.0,245.0,67.0,2210.0,37.0,2950.0,114.0,572.0
0.13077536730132988,0.01047238782062655,0.513440353870228,0.10043207004541807,0.3421186867843329,0.06047061996674611,0.38609199655925214,0.016941409807141213,0.12216214288104525,0.4413044637281109,0.6255320215896951,0.5072774540155334,0.24531092710807673,0.7409085387224588,0.5998426767018672,99.00000000000001,177.0,95.99999999999999,177.0,57.99999999999999,1452.0,10.0,1703.0,51.00000000000001,287.0
0.17680403522053384,0.012457265715264438,0.5925007562380576,0.1819385557905851,0.3817799735986639,0.30975926205556403,0.28242741468512017,0.02077268095521109,0.2110648732542855,0.2639194914131398,0.051514789413998716,0.6790577589638866,0.35825749205971996,0.6807883561487514,0.4399261677533461,91.0,231.99999999999997,87.0,231.99999999999997,37.0,1958.0,10.0,2539.0,41.0,409.0
0.16637172573248438,0.016251281341735292,0.23846568381987907,0.25394597300460187,0.8998700744495107,0.12933201810007447,0.16545695677033478,0.01651217188943941,0.05866263856135668,0.6344903124159382,0.39926099971023454,0.9367619064963036,0.0889078194491193,0.27980063086807394,0.6498631178836158,124.0,170.0,108.0,170.0,21.0,1830.0,19.0,1494.0,75.0,236.0
0.2631943935943253,0.027227177668960746,0.4672716973471722,0.2403884646950732,0.8355720933852495,0.37807950772610444,0.26980224637064615,0.019243348531103027,0.26755161234565417,0.7916370119745768,0.63636166305743,0.5730337562215555,0.40147734492597076,0.27579454257159375,0.7081265759377691,202.0,191.0,182.0,191.0,111.0,2693.9999999999995,64.0,3585.0,122.00000000000001,708.0
0.15814373695632855,0.014965943035140537,0.5054198081649092,0.2458344361090205,0.23785987140453435,0.17913096921486044,0.014236452775421455,0.01759179024320124,0.03810253974796365,0.6364985030706604,0.2801700342524551,0.9001348564922982,0.05500775622867327,0.5603188634557275,0.3848020804854121,145.0,178.0,145.0,178.0,41.0,1658.0,26.0,1325.0,81.0,229.0
0.12630040063677195,0.008596936391694888,0.5622799098956763,0.3228270141704443,0.6407115863602233,0.10808285029719289,0.07881726962122865,0.023915412862903298,0.26080114223579015,0.996137845982185,0.6447697287131717,0.5144608811922174,0.2569695625181161,0.5087407496755036,0.7894536118258653,77.0,220.0,76.0,220.0,47.0,1407.0,19.0,2294.0,47.0,521.0
0.22484437207871272,0.0020305291651317612,0.11669158084289052,0.06952821745290193,0.2782402208125791,0.24267847971158193,0.36905487802618087,0.001320917456939055,0.20752950214077712,0.670031768255855,0.49590155156646637,0.5329121838519231,0.3262122747609784,0.22891909684455167,0.27878360797422375,21.0,20.0,21.0,20.0,11.0,2276.0,5.999999999999999,2384.0,11.999999999999998,394.0
0.29010304690093247,0.015745551601538225,0.5875204498143236,0.24269954723681042,0.6199090864544397,0.1204027293270791,0.25678649960485256,0.02033854599121749,0.28246066388086155,0.823426058168431,0.5667355574295115,0.5263140666252673,0.3892574857871946,0.599682616818411,0.5005472002126621,121.0,202.0,112.0,202.0,80.0,3031.0,20.0,3507.0,47.99999999999999,817.0
0.05625423147004063,0.011026486660313422,0.4356900205285309,0.2943585900640696,0.7064450272439124,0.24193159394983726,0.16660667381777983,0.023769393534718387,0.07587051288188157,0.7755080186192918,0.23516793461869295,0.7329495120163408,0.29042916846376343,0.6426642914394858,0.28170718280644436,86.0,243.0,83.0,243.0,35.0,743.9999999999999,16.0,1016.0,44.0,267.0
0.055320537704403885,0.0033880648527442217,0.3742009939668335,0.3689447842401897,0.49653899747146746,0.350865345945876,0.2206577888334166,0.02129824165610796,0.08003875211046212,0.7008635560682093,0.09339014463151026,0.6660321483392597,0.47616148253875057,0.6761911857332283,0.28572078878446444,35.0,230.0,34.0,230.0,14.0,774.0,7.0,1027.0,18.0,269.0
0.23163391101712388,0.017107008947757588,0.11504269664507952,0.31655318983492003,0.49292269847839076,0.03768437784961205,0.12729908471986023,0.019773848124050124,0.2549170639061302,0.549190176190578,0.14636770608547797,0.5208658893594096,0.19847178465125903,0.5298221433436048,0.32086554851203775,166.0,179.0,161.0,179.0,92.0,2412.0,41.0,3091.0,103.0,620.0
0.2864073454146614,0.027138830458881158,0.21127680764105689,0.39677001948619867,0.4358612175402775,0.15900670084091217,0.049019970794692044,0.00867829137171395,0.11186349387116679,0.2341425321330075,0.6870740649996455,0.501457268412223,0.12144520461150463,0.4970208487120952,0.8612322104246803,248.99999999999997,86.0,245.0,86.0,128.0,2888.0,60.0,2784.0,156.0,296.0
0.296865067159968,0.014053356276024121,0.16668720279587657,0.3098428303509582,0.8552709875870033,0.28961697980670753,0.08166674522407535,0.0016309892370458207,0.2499821730644273,0.5574264687266176,0.4924986374870352,0.5297541297260278,0.21518798428139685,0.7812362653203877,0.3357775000406392,135.0,19.0,130.0,19.0,68.0,2984.0,28.0,3026.0,79.00000000000001,514.0
0.10225511840218476,0.020024314484573563,0.4210337801175138,0.11709221951044017,0.20237874099869438,0.0138198170981995,0.13438323065805277,0.02338207988899069,0.2794175819579663,0.6046083639003831,0.6755967345902593,0.631145397571724,0.4959353120037759,0.3423537423779905,0.6386236687237093,203.0,240.0,202.0,240.0,90.0,1191.0,40.0,2432.0,109.0,451.99999999999994
0.19219510975303056,0.026602627837263797,0.1460550810322317,0.3570431391228884,0.4133726190758872,0.28512671294886144,0.34744916968502193,0.02119785575850301,0.18955651965082115,0.3904225914161148,0.6845045109087364,0.7147801052361322,0.3598476348496415,0.6037304492647528,0.4578786313632108,239.0,195.0,223.0,195.0,79.00000000000001,2042.0,38.0,2394.0,122.00000000000001,428.0
0.06115250734026963,0.015430371942524572,0.11457034515840477,0.11602090483772738,0.2535303936473489,0.3339527926218134,0.2636676856515629,0.008755664928654601,0.2552036378275737,0.5589277209506742,0.6140754446174741,0.9248466219955047,0.20673564611158224,0.25238733066281416,0.39638291595360964,152.0,86.0,141.0,86.0,20.0,657.0,13.0,1686.0,84.0,184.0
0.24644269392962487,0.015048572586349328,0.5686703407755918,0.31521528853410724,0.5971785420126605,0.07356304173297556,0.12879147810868538,0.00847869510165997,0.0879591507503647,0.5908719084387033,0.2020213022408613,0.8438075183879112,0.4595814088687274,0.7207647316034769,0.5870902786603445,110.0,102.00000000000001,104.0,102.00000000000001,34.0,2474.0,13.0,1939.0,61.00000000000001,221.00000000000003
0.19839115015662895,0.0029509885687921183,0.41438822040842915,0.371714164939307,0.261986490583772,0.1969334465807384,0.23144563362923598,0.003790567963807746,0.24886028445140465,0.3613076240674964,0.28494377419609307,0.7716351668014209,0.17818099638607238,0.7798726567487679,0.3959774501205112,25.0,35.0,25.0,35.0,10.0,2051.0,5.0,2727.0,14.0,367.00000000000006
0.114192870192113,0.028899618759748287,0.19353085315880375,0.1084366868844501,0.716682518142022,0.3770300166973304,0.3387640862658434,0.015712130195117857,0.003939821378226158,0.8067060741178722,0.35853719275822776,0.8764859229591286,0.18843538765567153,0.7774702778736815,0.6914925581091929,265.0,153.0,208.99999999999997,153.0,49.0,1307.0,20.0,924.0,145.0,156.0
0.2995840164232388,0.0075691838943559514,0.33522526419616405,0.08162251809570453,0.7151774470341516,0.2583561347843792,0.1628664029117293,0.02756533291373734,0.21681105712296359,0.92398039008073,0.13075220122009468,0.7192537433189089,0.10165413464614345,0.5194159399554745,0.7705300601774137,70.0,299.0,69.0,299.0,28.999999999999996,3252.0,15.0,3287.0,43.0,840.9999999999999
0.10871861444508334,0.024439858952282567,0.49714561894226494,0.27562328164869165,0.6907920015134542,0.15171393762953336,0.13113020878747436,0.002609587933299916,0.15358209590373267,0.3794530271130841,0.0772409148148337,0.747503086540782,0.3557386062597352,0.48461412369267526,0.5706382540978175,179.0,21.0,165.0,21.0,61.00000000000001,1037.0,25.0,1509.0,97.0,111.0
0.2629968029064447,0.01860625059649125,0.49932339299485085,0.22947503033968636,0.3688504119380722,0.14244218265889652,0.3720972179811801,0.011828972309822985,0.13809568251884105,0.966061210741697,0.20790413193965612,0.7605279863750709,0.22834508653709212,0.336302264841023,0.2631366054083255,153.0,111.0,142.0,111.0,57.99999999999999,2666.0,33.0,2225.0,81.0,377.0
0.11271744696604107,0.004381354223272061,0.366450576253299,0.18336604143710555,0.4583815762070759,0.32131581119263886,0.3785422889991965,0.021917504188126526,0.027534640444113488,0.9994004034840476,0.1927381707972503,0.5392503901215993,0.44744483557429215,0.694192563282336,0.7798742229140452,32.0,248.99999999999997,30.0,248.99999999999997,19.0,1329.0,7.0,1019.0,13.0,285.0
0.18117195223647675,0.02266975045170655,0.39034938934148367,0.3533294194632886,0.44269502340272404,0.0763817050150307,0.18655983215096783,0.010077597817330947,0.018553746464059617,0.8011092986905446,0.05282559956334569,0.5621991111715389,0.26417331293680874,0.41928747726060683,0.7953572237224447,207.0,107.0,203.0,107.0,111.0,1824.0,46.0,1433.0,118.0,134.0
0.17893940531011937,0.02797155096693482,0.5434248322923573,0.2930535729725001,0.7368969634646589,0.014621313335938269,0.20712873319195163,0.01992303213450523,0.17280605235314758,0.5204810458762442,0.5486651763338254,0.9162754863022479,0.27751875852484953,0.37373050114857365,0.850830021356846,224.0,221.00000000000003,199.0,221.00000000000003,47.99999999999999,1973.0,36.0,2284.0,141.0,439.0
0.07746771290206877,0.015314718038132578,0.3485989586978913,0.3725401787519785,0.8194810935123722,0.2435499228070476,0.2297601925720897,0.013030369281406717,0.01374653098408155,0.48371114891145894,0.43836832147543625,0.7564089785990628,0.3969355593308726,0.33230234149603577,0.5948517937895784,129.0,143.0,111.0,143.0,39.0,877.0,23.0,868.0,80.0,152.0
0.06716610567482695,0.013086987886655507,0.45253721379983736,0.2900207013019167,0.38381729799352354,0.3407451137624493,0.2985740390266067,0.02450489316047363,0.27012806820665286,0.8178394601380667,0.6442280588867356,0.608813794531786,0.08691526177209105,0.34354575953585886,0.2683270533945874,124.0,229.0,120.0,229.0,70.0,911.0,37.0,1949.0,69.0,359.0
0.19251640562736616,0.02629959907582706,0.2617035898740935,0.09358050947449001,0.6228090696879004,0.39617056523964633,0.026508871918374217,0.008317642605439178,0.2142719268338893,0.46090446382877887,0.5359599554757245,0.6750275940996762,0.24020024803083434,0.36853005485646123,0.8961046334251899,227.00000000000003,87.0,223.0,87.0,83.0,1963.0,46.0,2612.9999999999995,126.0,356.0
0.16117711502614684,0.012177269201031212,0.36549759008953053,0.14419204754093767,0.6734760717482704,0.38990023033562654,0.3353666787127946,0.014020375245209217,0.08086983924266374,0.5294713098039479,0.3469039747503436,0.5197185022308017,0.23456880899876242,0.29646563310101903,0.2903000481197449,108.0,150.0,98.0,150.0,61.00000000000001,1749.0,44.0,1923.9999999999998,70.0,222.0
0.19737195122976275,0.013764503976410169,0.1645431677663295,0.11321732358432773,0.3060458802930326,0.09406153784272064,0.17525558199121094,0.016191921334791883,0.0023846576068950356,0.5151636926340636,0.3898540958727052,0.8570010307406497,0.46871125673247027,0.2493803655904748,0.7403819160066323,150.0,166.0,148.0,166.0,31.0,2054.0,20.0,1417.0,86.0,168.99999999999997
0.18572917013853912,0.021663129577318724,0.521759397496156,0.1489266997998453,0.6483823830402374,0.3134085458094228,0.3404388329583985,0.025938812255743512,0.08994884451258345,0.9765850832409757,0.5276383061307821,0.5319897148631556,0.20423988572075152,0.4711921012780846,0.8231858965469081,164.0,239.0,153.0,239.0,100.0,2013.0,41.0,1925.0,82.0,368.0
0.08342302185924282,0.011392835310652182,0.38378761536057104,0.17247385189708847,0.8041450290615078,0.19874611106514542,0.14690607881164092,0.019169869738321788,0.025064681439883277,0.4134227518765172,0.08542853710361324,0.9092421934703696,0.1526619250394668,0.5588825006219251,0.36541041678278996,83.0,185.0,75.0,185.0,11.0,975.0,4.0,895.0,45.0,206.0
0.23863862309914913,0.028242553946313857,0.2850020150521116,0.11037462043574459,0.3213083403664369,0.32542320378725037,0.10343124217086304,0.022167029648375913,0.055309176246923254,0.8874876074190359,0.25673914851477825,0.9383190278662867,0.43346487585735083,0.7978041339063737,0.6456662707995027,259.0,191.99999999999997,251.0,191.99999999999997,28.999999999999996,2427.0,11.999999999999998,1714.0,147.0,315.0
0.11995936836734802,0.011121884882335092,0.13446235273806115,0.3780008599932774,0.7456296674332903,0.025933413425297015,0.25228594492648737,0.011953741338663186,0.11920211963261541,0.8595982113792713,0.6189128006807071,0.8895571635359091,0.21082011223791697,0.7238968662254026,0.7179793269261732,100.0,111.0,82.0,111.0,17.0,1263.0,7.0,1398.0,66.0,231.0
0.2925991250593239,0.021702787723512126,0.47855127961625177,0.16401199716238105,0.6824192105109649,0.19526179899420337,0.0621055238235742,0.019636791224993157,0.019114645593060867,0.5875582582945931,0.557281075891042,0.7150731494664919,0.44857919719850897,0.7123982071729626,0.2654836944595654,159.0,171.0,156.0,171.0,51.00000000000001,2911.0000000000005,18.0,1869.0,86.0,210.0
0.18261398429473202,0.02516846054750293,0.15428112447999426,0.18964069441759873,0.3672977181433428,0.021513067708106803,0.2511368322310163,0.01019252985822286,0.10819506513099247,0.366850998048334,0.31308249487860934,0.6415478056483566,0.24417032870493466,0.6058252872615266,0.21929182531654146,258.0,91.0,244.00000000000003,91.0,102.00000000000001,1890.0,39.0,1826.0000000000002,142.0,254.99999999999997
0.08610143969220019,0.02574202116583079,0.16164775545773305,0.07957665765053801,0.6541890452236809,0.22327259424210003,0.14437462705377585,0.005324624700612435,0.14919062538460498,0.46894799937149384,0.6811111119266015,0.8252202876041277,0.16507691564796856,0.37543375483344177,0.8369868737339967,247.0,54.0,231.0,54.0,68.0,846.0,31.0,1452.0,126.0,123.0
0.10757370068362913,0.016501519493115107,0.344070656510562,0.09082927724312018,0.6296283474056616,0.0033477076986337313,0.2903283632437165,0.004442088143891181,0.11656294060655178,0.2751350566529768,0.5614376483794898,0.8153612786974422,0.23117983517397367,0.7050771851687341,0.7296185864110476,156.0,45.0,139.0,45.0,43.0,1050.0,13.0,1383.0,87.0,114.0
0.2517465358177083,0.012907470971623062,0.3616676779019383,0.38608591376131013,0.3393462269204408,0.12494583503392809,0.11621919766476818,0.012370026020349258,0.09619024223033781,0.5850009805515564,0.2046643431669098,0.9388403263716152,0.4671519190974029,0.6006193802107859,0.30159586812081624,109.0,115.0,103.0,115.0,14.0,2612.0,9.0,2060.0,66.0,319.0
0.1445121186457768,0.007983690457762063,0.4164314447402464,0.07462902774491217,0.7273050486264541,0.21958068454127,0.09247086898419395,0.007856678817815594,0.1235006956873699,0.8152683512841008,0.07460407094781324,0.7344865484295962,0.09485497903631379,0.6129093666403149,0.6934658545831811,75.0,74.0,72.0,74.0,33.0,1512.0,15.0,1710.0000000000002,43.0,194.0
0.26828503356583133,0.01955586616028046,0.38648866155117834,0.06710475818241263,0.32488520283860317,0.049289245909383154,0.34406050684971273,0.0011143762754766374,0.25235956512376173,0.7038914098123792,0.40461798881421623,0.9334464856629705,0.3646727970705204,0.2983095267837177,0.7228174614937084,185.99999999999997,11.999999999999998,170.0,11.999999999999998,21.0,2576.0,16.0,2859.9999999999995,94.0,453.0
0.18777398375794113,0.015966585197394977,0.495255243984581,0.2714891750648817,0.37763322295264445,0.20738144986825238,0.21737050360270316,0.027952529348949234,0.27616878172901643,0.5007886123955154,0.2775886771614275,0.8521395469947105,0.17236489305390199,0.5900902480122351,0.7447261772851048,140.0,272.0,133.0,272.0,41.0,2044.9999999999998,25.0,2967.0,84.0,635.0
0.20749746726060092,0.015903324438326268,0.3432217988323084,0.0761589622711362,0.39537573449717767,0.011535854979821318,0.006192939364989684,0.010991193590867709,0.23728880082534637,0.49677828794587403,0.24001874341040397,0.5257598233560854,0.1821794501204434,0.43267678684744787,0.3551336775907599,142.0,115.99999999999999,142.0,115.99999999999999,67.0,2112.0,31.0,2793.0,80.0,424.0
0.08218744732613482,0.008820665240596581,0.2465501270933595,0.16506056919333204,0.8892196234867742,0.32912833004145314,0.19695741876836065,0.01944056641965078,0.012556635499855091,0.606089185135841,0.5089665385979296,0.646792489255936,0.11987554715311985,0.2840277210181402,0.29425485307112353,70.0,212.0,64.0,212.0,32.0,985.0,16.0,868.0,34.0,218.0
0.058102391223901886,0.010746072512473639,0.12525182858005676,0.37392432136438014,0.6361244514869262,0.1396697641919408,0.20364921002195857,0.006837160190779057,0.1952651692426767,0.47947776583305085,0.45032744722000595,0.8385876987520671,0.16753355606064302,0.23397786369502163,0.6398931284674034,95.99999999999999,75.0,87.0,75.0,30.0,638.0,18.0,1611.0,54.0,141.0
0.1780484119311716,0.01644908584338221,0.4027957348891905,0.34263177715525756,0.5654165410239054,0.08084445201876556,0.2614956408296005,0.013334530157011857,0.05959471344078697,0.24038089336356222,0.13924140229305454,0.7976461630432203,0.18516863808284756,0.568672540435832,0.8940658194567761,153.0,145.0,136.0,145.0,47.99999999999999,1863.0,22.0,1823.0,95.99999999999999,204.00000000000003
0.2875594686418495,0.018069378634031755,0.29302650111325584,0.13036015489925268,0.48041409127286855,0.2545394495414036,0.17650699200606498,0.014667288711519979,0.2563638906397853,0.6591905868817444,0.5033575867641572,0.6109545817894318,0.32938150803045,0.7619906587912653,0.5503270636578175,155.0,145.0,147.0,145.0,67.0,2934.0,20.0,3053.0,76.0,617.0
0.22304532081217798,0.007024061486404668,0.22100986919200186,0.2082150139992936,0.42028861438556714,0.3144859290421135,0.32031804784808465,0.019110918736423847,0.21559405526041062,0.9097162207169569,0.19865796163928667,0.6699694175527271,0.17079149515585712,0.31730165773946023,0.47470016958090056,52.0,194.0,47.99999999999999,194.0,19.0,2401.0,8.0,2607.9999999999995,28.0,572.0
0.2112959599134226,0.007163134387594811,0.18766861952654965,0.16980150901082444,0.5077005316284497,0.3694577625436406,0.10167145201601456,0.00930387038111866,0.15873745079828908,0.7073809487618035,0.21406107371934124,0.7948330571706859,0.4556032340080197,0.3457005392812215,0.6120794219615652,62.0,86.0,61.00000000000001,86.0,15.0,2226.0,5.0,2153.0,40.0,395.0
0.09423625823108685,0.02123989911771522,0.24375463647158513,0.251111424802976,0.8489007400840627,0.07288112174150328,0.2963915135017435,0.020464650855790245,0.14473610577602083,0.8458035625362788,0.11388192123904549,0.5533477792050862,0.21565981195418438,0.319867820502659,0.44387914605207235,202.0,200.0,189.0,200.0,104.0,1078.0,44.0,1711.0,115.0,323.0
0.2762547762547634,0.02052914875435615,0.532185384078686,0.39486443656700776,0.5324683891058912,0.001443675391319594,0.017494033317663884,0.01662769130392765,0.09375412175861496,0.3490417322055056,0.33379654899674704,0.6634335934281156,0.471669667306114,0.2891208686186426,0.34066244427871467,183.0,167.0,182.0,167.0,68.0,2802.0,35.0,2291.0,102.00000000000001,342.0
0.2545461321560874,0.003741588671331543,0.5245983693200986,0.11454712580336397,0.2044247626333388,0.17583396525422493,0.1805846619191922,0.003598174364129432,0.07374999707069253,0.5752949898752813,0.35467556358067615,0.8674450918017458,0.14476053157646623,0.3090433717289184,0.5201665184071331,44.0,35.0,44.0,35.0,13.0,2555.0,8.0,2014.0,22.0,158.00000000000003
0.2825950663058136,0.0069548900055333915,0.5709097571303076,0.1609797655058302,0.7291524144839696,0.08734444726187536,0.09582537768388771,0.014159499855910217,0.29543997650051845,0.6773310015885383,0.5762478056364555,0.5379882148036257,0.07536426101538589,0.617527973753295,0.35606946361584424,49.0,137.0,47.99999999999999,137.0,27.0,2924.0,9.0,3397.0,30.0,697.0
0.23698999988400937,0.0031305909166251308,0.39193109765091094,0.1861029381412725,0.7039538766739679,0.3610754435787582,0.3571500441187845,0.002204275394555047,0.09754986271675292,0.4532410207490383,0.46272515915616313,0.7613331966786052,0.16056356585083378,0.7645293886730764,0.5553980490531323,15.0,18.0,14.0,18.0,4.0,2342.0,2.0,2092.0,7.0,207.0
0.058143637506879994,0.004230534624263732,0.2787103434901214,0.17581837239423587,0.48598194951727364,0.37537285805995224,0.15383810765151315,0.005395074083171642,0.1113003921393566,0.8798831013943844,0.2621212796873425,0.7172210211192771,0.21908646188906145,0.43688945063592743,0.7916352620167504,35.0,43.0,34.0,43.0,11.0,596.0,5.999999999999999,1063.0,19.0,112.0
0.11162013061114429,0.02675101803293667,0.2568626201485211,0.2484624086761385,0.287841410403564,0.20321577283426398,0.19837539433587992,0.0027938679288676146,0.009101727327808899,0.3184334049713639,0.5967164891078478,0.7628583942284084,0.12765594274415665,0.751093912713914,0.6646855347013847,244.00000000000003,22.0,236.0,22.0,76.0,1116.0,30.0,978.0,139.0,28.0
0.07385569570712404,0.013352222363420237,0.3642295458103796,0.13259829507891882,0.30327069528705025,0.01893719235705368,0.12900767644879152,0.013464856868762295,0.06933502987381185,0.3099461318852746,0.5687376184698885,0.5661956669803941,0.07195607561094121,0.5628814328171344,0.549041463336724,117.0,122.00000000000001,115.0,122.00000000000001,62.0,863.0,34.0,1418.0,71.0,140.0
0.2581640400104971,0.029741129270375984,0.4618455787440985,0.3019939283798631,0.8542107796025693,0.1903607808277473,0.06869178628339416,0.005949604721119357,0.19678812994218586,0.5794035610312116,0.5843992913657009,0.8302773206370144,0.12400589255078705,0.40726363086870887,0.5355740207062261,248.99999999999997,60.0,244.00000000000003,60.0,88.0,2467.0,42.0,2633.0,137.0,405.0
0.05950080491100866,0.029965112064329967,0.25461590180963534,0.281536535852472,0.40877220384315965,0.33477603534200606,0.255674829013242,0.008821829630110689,0.017938485888874707,0.5552908718746279,0.10998572697165576,0.5010763067165676,0.12761661661545987,0.7541927597331135,0.505502941628367,291.0,87.0,278.0,87.0,168.0,628.0,64.0,709.0,168.99999999999997,90.0
0.06578192698358748,0.010108509219290967,0.3940020527996799,0.3443650765738516,0.46081816681512816,0.20964532728393254,0.34838021022491134,0.014564293189435822,0.014766373400360123,0.5025468169930323,0.5626648245678757,0.7040358384844085,0.42258378896211163,0.6459476444029044,0.5864177244700419,87.0,152.0,75.0,152.0,30.0,808.0,13.0,847.0,45.0,167.0
0.23550791856958786,0.0098871634399549,0.19666136754304087,0.07844333328997816,0.34689201232390027,0.09904495990280458,0.11203996127084077,0.029499271562219515,0.23172981658467545,0.3171077004702326,0.456054022475307,0.8411484944938439,0.30286652312017837,0.34978310630560483,0.2192076892908126,89.0,298.0,88.0,298.0,19.0,2558.0000000000005,7.0,2882.0,49.0,689.0
0.06367053025709396,0.010616047026930852,0.5561282696490514,0.15234577832826307,0.6892468977150682,0.3261242645021511,0.3947952179933608,0.002976184859605206,0.023323608870778556,0.628589015084634,0.39331027322010176,0.9042247759378821,0.4680315370039425,0.6440730978923046,0.3578951424321436,74.0,27.0,67.0,27.0,16.0,633.0,11.999999999999998,667.0,34.0,47.99999999999999
0.14917041902126216,0.029550322240743082,0.14032877586108686,0.21202659848008387,0.373185876554501,0.04213842767257957,0.027498713471368626,0.0018824913002831892,0.24254255343285092,0.32452105205920867,0.430215436931776,0.7095534817708152,0.17983300524356477,0.790581986595579,0.6569863573526287,281.0,21.0,278.0,21.0,91.0,1550.9999999999998,27.0,2419.0,153.0,285.0
0.113419974923704,0.007313072049384515,0.3207118087533529,0.20737149118296694,0.3510678176024301,0.08625648596531019,0.2644726927838649,0.021544683901371927,0.10441436299854585,0.4280626224029471,0.28986713899869604,0.8708878853314554,0.16208553459366343,0.46702814401078185,0.2915495299706814,65.0,212.0,64.0,212.0,19.0,1281.0,7.0,1448.0000000000002,41.0,298.0
0.15021852010304343,0.013672907862889175,0.3960734855188509,0.13945010842574587,0.5814597696546508,0.06387279787046567,0.20597642362399077,0.0030521058907490447,0.24528542664426412,0.3466823773673188,0.6710551477093643,0.9078549715038704,0.45096298681056607,0.4651225587857545,0.255468145868717,111.0,32.0,104.0,32.0,23.0,1520.0,14.0,2287.0,62.0,290.0
0.19159112631282693,0.0032428802745204507,0.26726616567141115,0.06478619104378747,0.8324672480007678,0.1113217625519508,0.08798973514142819,0.015425048170792084,0.22901413419059724,0.9827692737630169,0.10108822702147766,0.5423265911717507,0.1583741589682936,0.45745290225053165,0.661874425500451,35.0,159.0,35.0,159.0,14.0,2044.0,4.0,2590.0,20.0,529.0
0.08971611646039995,0.011596267443542455,0.46028793282242975,0.23446397510234573,0.5200574939576702,0.15885512491966444,0.23321751980973252,0.0014216278255994956,0.27241060089849023,0.6643069720598792,0.1026888417274022,0.7088700274012016,0.3942146400237083,0.6295020833393858,0.48261976826484676,77.0,8.0,74.0,8.0,28.999999999999996,935.0,13.0,2016.0,41.0,208.99999999999997
0.12833620313991748,0.021997719865374542,0.3926560442317367,0.0870810510839991,0.7726016853455835,0.11462808301142507,0.07939088349408147,0.006196353562331867,0.20253629759627442,0.3700211374478188,0.2697609320510386,0.8520423403410453,0.4197799476184485,0.6846507886187562,0.4329438943238983,175.00000000000003,65.0,167.0,65.0,36.0,1396.0,20.0,2037.0,105.0,251.0
0.11904316647672943,0.012527030909398326,0.17677292640037906,0.21792922840171575,0.8195617249655256,0.21105452234020494,0.31497706349310606,0.026427292823575792,0.18745029797071502,0.6477480749043392,0.6402076205924954,0.5819377816930614,0.4726225967095266,0.512414927809208,0.7368701038806289,119.00000000000001,254.0,103.0,254.0,50.0,1457.0,26.0,2366.0,75.0,445.0
0.2806909199385241,0.0082529750278627,0.5010879040349362,0.2883780152093829,0.40289840153313744,0.06541096329428434,0.27870666514496506,0.018837472668930006,0.21794017828885406,0.3865525387343546,0.2112885997039487,0.5765950485671961,0.22952986293972333,0.5102360793119414,0.8449958862093172,74.0,178.0,73.0,178.0,43.0,2864.9999999999995,19.0,3409.0,46.0,581.0
0.12700694296669982,0.026034084336345513,0.3515898252269777,0.252404001503077,0.2654469995603015,0.34917519244758677,0.13564340978132916,0.028231198692885182,0.20938235114908876,0.7668292309445854,0.5881458176922826,0.534009183246177,0.2919875355208759,0.7029684888836323,0.20683647744010034,269.0,262.0,264.0,262.0,146.0,1517.0,52.0,1943.0,141.0,453.0
0.052360879295787914,0.02249251763859158,0.3717446761933302,0.2110473077943366,0.6207129454244884,0.06711994263641588,0.22774171974302374,0.005665346227036601,0.08479977243326378,0.40480794022835825,0.47786257207382254,0.8625154584563749,0.1915137921993168,0.37664499240500343,0.39268989188314873,194.0,60.0,172.0,60.0,47.99999999999999,565.0,26.0,961.0,121.0,84.0
0.20203172453309948,0.02842764949375806,0.4458155901447215,0.26134553928818,0.7082820778492798,0.12843055763933528,0.07026572449982262,0.02839005610051964,0.07688175550197746,0.7532137635894747,0.5395384562533394,0.7916379244755307,0.4235994417960058,0.794076712502406,0.6035991758885824,235.0,288.0,233.0,288.0,77.0,2172.0,31.0,1818.0,126.0,419.0
0.2819649059339671,0.02485939770732149,0.2191352153335513,0.08403908039877869,0.7989330216510084,0.16355058940627135,0.01695636741585629,0.0131801516788339,0.2900311538252426,0.25834189183347495,0.5280617928576694,0.726530802398992,0.44515498084074745,0.5796229807540295,0.3693447895495176,227.00000000000003,127.0,225.99999999999997,127.0,83.0,2838.0,40.0,3278.0,129.0,607.0
0.18716419290833675,0.021802568026129752,0.10441376769826467,0.22787621434446126,0.22853238968489864,0.2202873701620253,0.19477526184043648,0.00840340088038824,0.27352919020709915,0.9649877347813143,0.6308432377675446,0.602461058204438,0.33510987781404844,0.6254637221627226,0.5031750184407288,237.0,91.0,231.99999999999997,91.0,102.00000000000001,1918.0,39.0,2582.9999999999995,135.0,545.0
0.2788534688586797,0.019818157850917673,0.37647255462703744,0.21021577474405717,0.6558802937003594,0.01717264152869498,0.1086175918359179,0.02551823709649581,0.06680167701369688,0.8739689456907915,0.1950309202553644,0.5733445775090447,0.2871967489523568,0.4116902690772295,0.5424007918970546,172.0,259.0,168.0,259.0,78.0,2928.0,35.0,2139.0,99.00000000000001,405.0
0.057056782447526926,0.01198891361626662,0.40071428207076487,0.3135833837326754,0.8911042448806135,0.3431070132061789,0.18790444914044632,0.011401056162944465,0.1480163002876349,0.5663622292422461,0.45284683635962175,0.6444892893881999,0.3573952275919739,0.7604873931395693,0.5962456257263047,88.0,106.0,79.00000000000001,106.0,44.0,686.0,16.0,1427.0,43.0,162.99999999999997
0.19374150335659956,0.028512873734428353,0.4331830591154183,0.05219965062832562,0.4407440996862041,0.21554585075543875,0.1558776100025026,0.02489877076475874,0.02066438830128795,0.8211775316374279,0.3212765828960378,0.917538451009372,0.06279482178502456,0.4614197660976817,0.6052429215514908,228.0,228.0,217.0,228.0,38.0,2081.0,23.999999999999996,1482.0,126.0,270.0
0.2697485308520169,0.017277299968355513,0.5588686071912894,0.26906970829338955,0.5441659753219488,0.24003683067765352,0.2868695741888274,0.027891244891700726,0.200995491381622,0.8810409532716172,0.5916009099928162,0.7367875740097496,0.15799525697188835,0.2557933499780245,0.49023257394531916,134.0,266.0,124.0,266.0,55.0,2898.0,34.0,2917.0,65.0,682.0
0.22601701536070662,0.02432180865854351,0.5394363650619938,0.062022165670560125,0.7597173234432235,0.1667492662886183,0.3513984365087613,0.013779467450533834,0.25078178275790786,0.6129250830307977,0.12673801296083803,0.8068607079105385,0.3007298569165483,0.7138701602592579,0.7014068649520186,150.0,128.0,130.0,128.0,52.0,2231.0,22.0,2783.0,86.0,463.0
0.15962011216847788,0.01929344002931211,0.1747885881904752,0.319690911143635,0.5008973543162514,0.36379640148308384,0.36757389582021355,0.005871781814024282,0.2477456258406797,0.49064420268487796,0.23547742658793175,0.7512126507854635,0.35435839283430925,0.47936407305431666,0.2749176754679118,178.0,70.0,168.0,70.0,67.0,1652.0000000000002,28.999999999999996,2345.0,100.0,320.0
