rep,config,harm_per_10k,legit_escalation_pct,delay_per_10k,deceptive,harm,cost_per_10k_r5,cost_per_10k_r20,cost_per_10k_r100,cost_per_10k_r1000
0,ZT baseline,104.0,0.0,105.0,235,208,625.0,2185.0,10505.0,104105.00000000001
0,Awareness training,97.0,0.0,105.0,235,194,590.0,2044.9999999999998,9805.0,97105.0
0,Uniform callback,27.0,15.40096129521882,1612.0,235,54,1747.0,2152.0,4312.0,28612.000000000004
0,CZT (full),11.5,11.520364280293448,1455.0,235,23,1512.5,1685.0,2605.0,12955.000000000002
0,CZT - provenance,12.5,13.200101188970404,1601.4999999999998,235,25,1664.0,1851.5,2851.5,14101.5
0,CZT - context,11.999999999999998,15.74500379458639,1879.5,235,24,1939.5,2119.5,3079.5,13879.5
0,CZT - authority,15.0,16.534277763723754,1874.0,235,30,1949.0,2174.0,3374.0,16874.0
0,CZT - channel,11.999999999999998,16.584872248924867,1950.5,235,24,2010.5,2190.5,3150.5,13950.499999999998
0,CZT - friction,55.0,0.36428029344801416,212.50000000000003,235,110,487.5,1312.5,5712.5,55212.5
0,CZT - human challenge,11.5,11.520364280293448,1455.0,235,23,1512.5,1685.0,2605.0,12955.000000000002
0,CZT - feedback,11.5,16.271186440677965,1919.5,235,23,1976.9999999999998,2149.5,3069.5,13419.5
1,ZT baseline,93.5,0.0,104.0,203,187,571.5,1974.0,9454.0,93604.0
1,Awareness training,87.0,0.0,104.0,203,174,539.0,1844.0,8804.0,87104.0
1,Uniform callback,27.0,14.653735414456737,1538.0,203,54,1673.0,2078.0,4238.0,28538.0
1,CZT (full),11.999999999999998,11.739152396827803,1491.0,203,24,1550.9999999999998,1731.0,2691.0,13491.0
1,CZT - provenance,12.5,14.017275344749205,1697.0,203,25,1759.5,1947.0000000000002,2947.0,14197.0
1,CZT - context,11.999999999999998,15.85593776834874,1901.5000000000002,203,24,1961.5,2141.5,3101.5,13901.5
1,CZT - authority,13.5,16.260039399909076,1860.0,203,27,1927.5,2130.0,3210.0,15360.0
1,CZT - channel,11.999999999999998,16.305500833459615,1932.0,203,24,1991.9999999999998,2172.0,3132.0,13932.0
1,CZT - friction,47.5,0.41420417234934587,227.00000000000003,203,95,464.5,1177.0,4977.0,47727.00000000001
1,CZT - human challenge,11.999999999999998,11.739152396827803,1491.0,203,24,1550.9999999999998,1731.0,2691.0,13491.0
1,CZT - feedback,11.5,16.143860180835482,1922.5,203,23,1980.0,2152.5,3072.5000000000005,13422.5
2,ZT baseline,93.5,0.0,101.0,210,187,568.5,1971.0,9451.0,93600.99999999999
2,Awareness training,87.50000000000001,0.0,101.0,210,175,538.5,1850.9999999999998,8851.0,87601.0
2,Uniform callback,28.999999999999996,15.204648812531582,1593.9999999999998,210,58,1739.0,2174.0,4494.0,30594.0
2,CZT (full),18.0,12.8044466902476,1586.0,210,36,1676.0,1946.0,3386.0,19586.0
2,CZT - provenance,18.0,13.597776654876201,1656.0,210,36,1746.0,2016.0,3456.0,19656.0
2,CZT - context,18.0,16.92268822637696,1994.0,210,36,2084.0,2354.0,3794.0,19994.0
2,CZT - authority,19.0,16.427488630621525,1860.0,210,38,1955.0,2240.0,3760.0,20860.0
2,CZT - channel,18.0,17.635169277412835,2055.5,210,36,2145.5,2415.5,3855.5,20055.5
2,CZT - friction,51.5,0.3638201111672562,208.5,210,103,466.0,1238.5,5358.500000000001,51708.5
2,CZT - human challenge,18.0,12.8044466902476,1586.0,210,36,1676.0,1946.0,3386.0,19586.0
2,CZT - feedback,18.0,16.33653360282971,1933.5,210,36,2023.5,2293.5,3733.5,19933.5
3,ZT baseline,88.0,0.0,102.5,197,176,542.5,1862.5,8902.5,88102.5
3,Awareness training,81.0,0.0,102.5,197,162,507.50000000000006,1722.4999999999998,8202.5,81102.5
3,Uniform callback,27.0,14.669494521032167,1542.5,197,54,1677.5,2082.5,4242.5,28542.5
3,CZT (full),14.0,11.407362520830178,1447.5,197,28,1517.5,1727.4999999999998,2847.5,15447.5
3,CZT - provenance,15.0,12.826339443518659,1568.5,197,30,1643.5,1868.4999999999998,3068.5,16568.5
3,CZT - context,14.499999999999998,15.558248750189366,1861.5,197,29,1933.9999999999998,2151.5,3311.5,16361.5
3,CZT - authority,16.0,14.962379437458969,1730.5,197,32,1810.5,2050.5,3330.5,17730.5
3,CZT - channel,14.0,16.245013381810836,1912.0,197,28,1981.9999999999998,2192.0,3312.0,15912.0
3,CZT - friction,48.5,0.3585315356259153,208.99999999999997,197,97,451.5,1179.0,5059.0,48709.0
3,CZT - human challenge,14.0,11.407362520830178,1447.5,197,28,1517.5,1727.4999999999998,2847.5,15447.5
3,CZT - feedback,14.0,16.068272483967075,1904.5,197,28,1974.4999999999998,2184.5,3304.5,15904.5
4,ZT baseline,79.00000000000001,0.0,92.5,181,158,487.5,1672.5,7992.5,79092.5
4,Awareness training,72.0,0.0,92.5,181,144,452.5,1532.5,7292.499999999999,72092.5
4,Uniform callback,25.0,15.31863363439124,1598.9999999999998,181,50,1724.0,2099.0,4099.0,26599.0
4,CZT (full),13.5,11.12064180836571,1411.5,181,27,1479.0,1681.5,2761.5,14911.5
4,CZT - provenance,13.5,12.775619355164237,1560.0,181,27,1627.5,1830.0,2910.0,15060.0
4,CZT - context,13.5,16.03007215298451,1899.5,181,27,1967.0000000000002,2169.5,3249.5,15399.5
4,CZT - authority,15.0,15.873656592159039,1804.0,181,30,1879.0000000000002,2104.0,3304.0000000000005,16804.0
4,CZT - channel,14.0,16.514455825218224,1945.0,181,28,2015.0000000000002,2225.0,3345.0,15945.0
4,CZT - friction,41.5,0.31787678490337556,187.0,181,83,394.5,1017.0,4337.0,41687.0
4,CZT - human challenge,13.5,11.12064180836571,1411.5,181,27,1479.0,1681.5,2761.5,14911.5
4,CZT - feedback,13.5,16.50941016196579,1941.5,181,27,2009.0,2211.5,3291.5,15441.5
5,ZT baseline,88.0,0.0,86.0,202,176,526.0,1845.9999999999998,8886.0,88086.0
5,Awareness training,84.49999999999999,0.0,86.0,202,169,508.5,1776.0,8536.0,84586.0
5,Uniform callback,22.5,14.445903626628953,1503.5000000000002,202,45,1616.0,1953.5,3753.5,24003.5
5,CZT (full),11.0,11.854732801293059,1480.4999999999998,202,22,1535.5,1700.5,2580.5,12480.500000000002
5,CZT - provenance,11.0,13.354884331750682,1610.5,202,22,1665.5,1830.5,2710.5,12610.5
5,CZT - context,11.999999999999998,16.067279523184162,1897.0,202,24,1957.0000000000002,2137.0,3096.9999999999995,13897.0
5,CZT - authority,11.0,15.319729265582382,1744.9999999999998,202,22,1800.0,1965.0,2844.9999999999995,12745.0
5,CZT - channel,10.5,16.329932316395595,1914.5,202,21,1967.0000000000002,2124.5,2964.5,12414.5
5,CZT - friction,48.5,0.3889281745630872,201.5,202,97,444.0,1171.5,5051.5,48701.5
5,CZT - human challenge,11.0,11.854732801293059,1480.4999999999998,202,22,1535.5,1700.5,2580.5,12480.500000000002
5,CZT - feedback,11.0,16.12789170623295,1897.5,202,22,1952.5,2117.5,2997.5,12897.5
6,ZT baseline,81.0,0.0,91.0,190,162,496.0,1711.0,8191.000000000001,81091.0
6,Awareness training,74.0,0.0,91.0,190,148,461.0,1571.0,7491.0,74091.0
6,Uniform callback,22.5,15.259969712266534,1590.0,190,45,1702.5000000000002,2039.9999999999998,3840.0,24089.999999999996
6,CZT (full),11.5,11.993942453306412,1509.5,190,23,1567.0,1739.5,2659.5,13009.5
6,CZT - provenance,11.5,13.584048460373548,1650.5,190,23,1708.0,1880.5,2800.5,13150.5
6,CZT - context,13.0,16.35032811711257,1937.5,190,26,2002.5,2197.5,3237.5,14937.5
6,CZT - authority,14.499999999999998,15.880868248359414,1812.5,190,29,1885.0,2102.5,3262.5,16312.5
6,CZT - channel,11.5,16.51691065118627,1950.0,190,23,2007.5000000000002,2180.0,3100.0,13450.0
6,CZT - friction,42.5,0.39374053508329127,208.0,190,85,420.49999999999994,1058.0,4458.0,42708.00000000001
6,CZT - human challenge,11.5,11.993942453306412,1509.5,190,23,1567.0,1739.5,2659.5,13009.5
6,CZT - feedback,11.0,16.214033316506814,1922.5,190,22,1977.5,2142.5,3022.5,12922.499999999998
7,ZT baseline,105.0,0.0,95.0,229,210,620.0,2195.0,10595.000000000002,105094.99999999999
7,Awareness training,100.5,0.0,95.0,229,201,597.5,2105.0,10145.0,100595.0
7,Uniform callback,36.0,15.41146123109605,1599.5,229,72,1779.5,2319.5,5199.5,37599.5
7,CZT (full),18.5,11.987254058975266,1493.5,229,37,1586.0,1863.4999999999998,3343.5,19993.5
7,CZT - provenance,19.0,13.691770775378078,1648.5,229,38,1743.5,2028.5,3548.5,20648.5
7,CZT - context,18.5,16.453391330736938,1933.9999999999998,229,37,2026.5,2304.0,3784.0,20434.0
7,CZT - authority,23.0,17.105862121288755,1926.4999999999998,229,46,2041.5,2386.5,4226.5,24926.499999999996
7,CZT - channel,19.0,17.02493551160791,1978.5,229,38,2073.5,2358.5,3878.4999999999995,20978.500000000004
7,CZT - friction,64.0,0.39957513529917554,212.50000000000003,229,128,532.5,1492.5,6612.5,64212.5
7,CZT - human challenge,18.5,11.987254058975266,1493.5,229,37,1586.0,1863.4999999999998,3343.5,19993.5
7,CZT - feedback,18.5,16.878256031561378,1973.5,229,37,2066.0,2343.5,3823.5000000000005,20473.499999999996
8,ZT baseline,85.0,0.0,100.0,194,170,525.0,1800.0,8600.0,85100.0
8,Awareness training,78.0,0.0,100.0,194,156,490.0,1660.0,7900.0,78100.0
8,Uniform callback,20.0,14.94496617186711,1565.0,194,40,1665.0,1965.0,3565.0,21565.0
8,CZT (full),9.5,11.451075431687368,1419.5,194,19,1467.0,1609.5,2369.5,10919.5
8,CZT - provenance,10.0,12.920327173583763,1554.0,194,20,1603.9999999999998,1754.0,2554.0,11554.0
8,CZT - context,9.5,15.207512874886397,1792.9999999999998,194,19,1840.5,1983.0,2743.0,11293.0
8,CZT - authority,12.5,15.88407553266687,1787.9999999999998,194,25,1850.5,2038.0,3038.0,14288.0
8,CZT - channel,10.0,16.429364838937698,1903.0,194,20,1953.0,2103.0,2903.0,11903.0
8,CZT - friction,44.0,0.28274260325153994,184.0,194,88,404.0,1064.0,4584.0,44184.0
8,CZT - human challenge,9.5,11.451075431687368,1419.5,194,19,1467.0,1609.5,2369.5,10919.5
8,CZT - feedback,9.5,15.828536807028174,1848.0,194,19,1895.5,2038.0,2798.0,11348.0
9,ZT baseline,86.5,0.0,87.0,191,173,519.5,1817.0,8737.0,86587.0
9,Awareness training,80.0,0.0,87.0,191,160,487.0,1687.0,8087.0,80086.99999999999
9,Uniform callback,17.5,14.786208289161493,1535.0,191,35,1622.5,1885.0,3285.0,19035.0
9,CZT (full),12.5,10.586097228532486,1341.5,191,25,1404.0,1591.5000000000002,2591.5,13841.5
9,CZT - provenance,12.5,12.433742238376496,1498.5,191,25,1561.0,1748.5,2748.5,13998.5
9,CZT - context,13.0,14.629713766469788,1742.0,191,26,1807.0,2002.0,3042.0000000000005,14742.0
9,CZT - authority,14.499999999999998,15.265788278055428,1733.0,191,29,1805.4999999999998,2023.0,3183.0000000000005,16233.0
9,CZT - channel,13.0,15.64945226917058,1840.5,191,26,1905.5,2100.5,3140.5,14840.500000000002
9,CZT - friction,46.0,0.3685193598869201,196.5,191,92,426.5,1116.5,4796.5,46196.5
9,CZT - human challenge,12.5,10.586097228532486,1341.5,191,25,1404.0,1591.5000000000002,2591.5,13841.5
9,CZT - feedback,11.0,16.139128678883335,1886.5000000000002,191,22,1941.5,2106.5,2986.5000000000005,12886.5
10,ZT baseline,95.5,0.0,91.5,214,191,569.0,2001.5,9641.5,95591.5
10,Awareness training,90.50000000000001,0.0,91.5,214,181,544.0,1901.5000000000002,9141.5,90591.5
10,Uniform callback,23.5,15.29364196906904,1592.5,214,47,1710.0000000000002,2062.5,3942.5,25092.500000000004
10,CZT (full),11.999999999999998,11.149297483068835,1409.9999999999998,214,24,1470.0,1650.0,2610.0,13410.0
10,CZT - provenance,13.0,12.91822500758112,1576.5000000000002,214,26,1641.5,1836.5,2876.5,14576.499999999998
10,CZT - context,11.999999999999998,14.985343171939755,1790.4999999999998,214,24,1850.5,2030.5,2990.5,13790.500000000002
10,CZT - authority,15.0,15.662589709895885,1770.0,214,30,1845.0,2070.0,3270.0,16770.0
10,CZT - channel,12.5,15.677751945820276,1855.0,214,25,1917.5,2105.0,3105.0,14355.0
10,CZT - friction,49.0,0.34367734761952895,193.5,214,98,438.5,1173.5,5093.5,49193.5
10,CZT - human challenge,11.999999999999998,11.149297483068835,1409.9999999999998,214,24,1470.0,1650.0,2610.0,13410.0
10,CZT - feedback,11.0,16.597594258566666,1947.0000000000002,214,22,2002.0,2167.0,3047.0000000000005,12947.0
11,ZT baseline,97.5,0.0,103.5,209,195,591.0,2053.5,9853.5,97603.50000000001
11,Awareness training,88.0,0.0,103.5,209,176,543.5,1863.4999999999998,8903.5,88103.5
11,Uniform callback,27.5,15.032085291294022,1577.0,209,55,1714.5,2127.0,4327.0,29077.0
11,CZT (full),14.499999999999998,12.561265221565357,1540.0,209,29,1612.5,1830.0,2990.0,16040.000000000002
11,CZT - provenance,15.0,13.485927947046639,1620.0,209,30,1695.0000000000002,1920.0,3120.0,16620.0
11,CZT - context,15.0,16.8005659137992,1958.0,209,30,2033.0,2258.0,3458.0,16958.0
11,CZT - authority,16.5,16.64392905866303,1863.4999999999998,209,33,1946.0,2193.5,3513.5,18363.5
11,CZT - channel,15.0,17.962710322874035,2066.0,209,30,2141.0,2366.0,3565.9999999999995,17066.0
11,CZT - friction,54.5,0.33853771916527714,204.00000000000003,209,109,476.5,1293.9999999999998,5654.0,54704.0
11,CZT - human challenge,14.499999999999998,12.561265221565357,1540.0,209,29,1612.5,1830.0,2990.0,16040.000000000002
11,CZT - feedback,14.499999999999998,16.43171138396241,1918.5,209,29,1991.0,2208.5,3368.5,16418.5
12,ZT baseline,77.5,0.0,92.5,172,155,480.0,1642.5,7842.5,77592.5
12,Awareness training,70.5,0.0,92.5,172,141,445.0,1502.5,7142.500000000001,70592.5
12,Uniform callback,20.5,15.35707080895703,1597.5,172,41,1700.0000000000002,2007.5000000000002,3647.5,22097.5
12,CZT (full),9.0,11.312285656647166,1426.0,172,18,1471.0,1606.0,2326.0,10426.0
12,CZT - provenance,9.0,13.097639701432318,1588.5,172,18,1633.5,1768.5,2488.5,10588.5
12,CZT - context,9.0,15.074641920516441,1800.0,172,18,1845.0,1980.0,2700.0,10800.0
12,CZT - authority,10.5,14.49969739761953,1653.5,172,21,1706.0,1863.4999999999998,2703.5,12153.5
12,CZT - channel,9.5,15.800887633649385,1875.0,172,19,1922.5,2065.0,2824.9999999999995,11375.0
12,CZT - friction,37.0,0.35303611055073636,197.0,172,74,382.0,937.0,3897.0,37197.0
12,CZT - human challenge,9.0,11.312285656647166,1426.0,172,18,1471.0,1606.0,2326.0,10426.0
12,CZT - feedback,8.5,16.340528545491225,1920.5,172,17,1963.0,2090.5,2770.5,10420.5
13,ZT baseline,91.0,0.0,98.0,204,182,553.0,1918.0,9198.0,91098.0
13,Awareness training,85.5,0.0,98.0,204,171,525.5,1807.9999999999998,8648.0,85597.99999999999
13,Uniform callback,22.5,14.795918367346939,1545.0,204,45,1657.5,1995.0,3795.0,24045.0
13,CZT (full),9.0,10.21923620933522,1297.0,204,18,1342.0000000000002,1477.0,2197.0,10297.0
13,CZT - provenance,8.5,11.042634875732471,1365.5,204,17,1408.0,1535.5,2215.5,9865.5
13,CZT - context,9.5,13.310769852495454,1606.0,204,19,1653.5,1796.0,2556.0,11106.0
13,CZT - authority,12.5,13.603758335017174,1566.5000000000002,204,25,1629.0,1816.5,2816.5,14066.5
13,CZT - channel,10.0,14.048292584360478,1669.4999999999998,204,20,1719.5,1869.5,2669.5,11669.5
13,CZT - friction,45.5,0.3283491614467569,195.5,204,91,423.0,1105.5,4745.5,45695.49999999999
13,CZT - human challenge,9.0,10.21923620933522,1297.0,204,18,1342.0000000000002,1477.0,2197.0,10297.0
13,CZT - feedback,7.5,15.806223479490805,1843.0,204,15,1880.5,1993.0,2592.9999999999995,9343.0
14,ZT baseline,95.99999999999999,0.0,98.5,213,192,578.5,2018.5,9698.5,96098.5
14,Awareness training,89.0,0.0,98.5,213,178,543.5,1878.5,8998.5,89098.5
14,Uniform callback,28.5,15.100823773184413,1578.0,213,57,1720.5,2148.0,4428.0,30078.0
14,CZT (full),16.0,11.644008692575934,1485.4999999999998,213,32,1565.5,1805.4999999999998,3085.5,17485.5
14,CZT - provenance,16.5,13.225855359579523,1623.0,213,33,1705.5,1953.0,3273.0,18123.0
14,CZT - context,16.0,14.868347905190276,1810.0,213,32,1890.0,2130.0,3410.0000000000005,17810.0
14,CZT - authority,19.0,15.975135189771061,1829.5,213,38,1924.5,2209.5,3729.5,20829.5
14,CZT - channel,18.0,16.36427957750038,1941.0,213,36,2031.0,2301.0,3741.0,19941.0
14,CZT - friction,54.0,0.42452115025016424,224.0,213,108,494.0,1303.9999999999998,5624.0,54224.0
14,CZT - human challenge,16.0,11.644008692575934,1485.4999999999998,213,32,1565.5,1805.4999999999998,3085.5,17485.5
14,CZT - feedback,15.5,15.990296659422853,1912.0,213,31,1989.4999999999998,2222.0,3462.0,17412.0
15,ZT baseline,90.0,0.0,100.5,203,180,550.5,1900.5,9100.5,90100.5
15,Awareness training,79.5,0.0,100.5,203,159,497.99999999999994,1690.5,8050.5,79600.5
15,Uniform callback,26.5,15.305349295347781,1597.0,203,53,1729.5,2127.0,4247.0,28097.0
15,CZT (full),11.0,10.905692781734606,1417.4999999999998,203,22,1472.5,1637.5,2517.4999999999995,12417.5
15,CZT - provenance,11.999999999999998,12.547355659948478,1562.5,203,24,1622.5,1802.5,2762.5,13562.5
15,CZT - context,13.0,14.58806889932818,1789.5,203,26,1854.5,2049.5,3089.5,14789.5
15,CZT - authority,14.499999999999998,15.224528969035713,1744.0,203,29,1816.5,2034.0,3194.0,16244.0
15,CZT - channel,13.0,15.568015355862,1870.9999999999998,203,26,1936.0,2131.0,3171.0,14871.0
15,CZT - friction,50.5,0.49502449866141335,247.0,203,101,499.5,1257.0,5296.999999999999,50747.0
15,CZT - human challenge,11.0,10.905692781734606,1417.4999999999998,203,22,1472.5,1637.5,2517.4999999999995,12417.5
15,CZT - feedback,11.0,16.5277567308178,1967.0000000000002,203,22,2022.0,2187.0,3066.9999999999995,12967.0
16,ZT baseline,91.5,0.0,113.50000000000001,207,183,571.0,1943.5,9263.5,91613.5
16,Awareness training,85.5,0.0,113.50000000000001,207,171,541.0,1823.5000000000002,8663.5,85613.49999999999
16,Uniform callback,23.5,15.358965290759361,1617.0,207,47,1734.5,2087.0,3967.0,25117.0
16,CZT (full),13.5,12.34274743596221,1554.5,207,27,1622.0,1824.5,2904.5,15054.5
16,CZT - provenance,14.0,14.136310816955488,1721.0,207,28,1791.0,2001.0,3121.0,15721.0
16,CZT - context,13.5,16.480573940281918,1962.5,207,27,2030.0000000000002,2232.5,3312.5,15462.499999999998
16,CZT - authority,17.5,16.627090385489822,1891.5000000000002,207,35,1979.0,2241.5,3641.4999999999995,19391.5
16,CZT - channel,13.5,17.056535138685394,2021.5,207,27,2089.0,2291.5,3371.5,15521.5
16,CZT - friction,52.0,0.3536603849845905,218.0,207,104,478.0,1258.0,5417.999999999999,52218.0
16,CZT - human challenge,13.5,12.34274743596221,1554.5,207,27,1622.0,1824.5,2904.5,15054.5
16,CZT - feedback,13.0,16.531096852422575,1968.0,207,26,2033.0,2228.0,3268.0,14967.999999999998
17,ZT baseline,86.0,0.0,97.5,189,172,527.5,1817.5,8697.5,86097.5
17,Awareness training,83.0,0.0,97.5,189,166,512.5,1757.5,8397.5,83097.5
17,Uniform callback,25.500000000000004,15.233960930796023,1589.0000000000002,189,51,1716.5,2099.0,4139.0,27089.0
17,CZT (full),13.0,12.260865175912372,1535.0,189,26,1600.0,1795.0,2834.9999999999995,14535.0
17,CZT - provenance,13.5,13.699459896017363,1662.5,189,27,1729.9999999999998,1932.5,3012.5,15162.500000000002
17,CZT - context,14.499999999999998,16.581697036999646,1965.5,189,29,2038.0,2255.5,3415.5,16465.5
17,CZT - authority,16.0,18.126293473322903,2031.0,189,32,2111.0,2351.0,3631.0,18031.0
17,CZT - channel,15.0,17.54580788450861,2058.5,189,30,2133.5,2358.5,3558.5,17058.5
17,CZT - friction,44.5,0.36343445560547166,204.5,189,89,427.0,1094.5,4654.5,44704.49999999999
17,CZT - human challenge,13.0,12.260865175912372,1535.0,189,26,1600.0,1795.0,2834.9999999999995,14535.0
17,CZT - feedback,12.5,16.359598203018525,1935.5,189,25,1998.0,2185.5,3185.5,14435.500000000002
18,ZT baseline,74.5,0.0,97.0,167,149,469.5,1587.0,7547.0,74597.0
18,Awareness training,71.0,0.0,97.0,167,142,451.99999999999994,1517.0,7197.0,71097.0
18,Uniform callback,19.5,15.020420511269098,1573.0,167,39,1670.5,1963.0,3523.0,21073.0
18,CZT (full),9.5,13.58342157011042,1644.5000000000002,167,19,1692.0,1834.5,2594.5,11144.5
18,CZT - provenance,9.5,14.793525941612465,1753.0,167,19,1800.4999999999998,1943.0,2703.0,11253.0
18,CZT - context,9.5,17.76836585488832,2062.5,167,19,2110.0,2252.5,3012.5,11562.5
18,CZT - authority,11.999999999999998,18.701154641254476,2077.0,167,24,2137.0,2317.0,3277.0,14077.0
18,CZT - channel,9.5,18.726365148994102,2149.5,167,19,2197.0,2339.5,3099.5,11649.5
18,CZT - friction,37.0,0.3680734129985378,206.0,167,74,391.0,946.0,3906.0,37206.0
18,CZT - human challenge,9.5,13.58342157011042,1644.5000000000002,167,19,1692.0,1834.5,2594.5,11144.5
18,CZT - feedback,9.5,16.361619523017193,1918.9999999999998,167,19,1966.5,2109.0,2869.0,11419.0
19,ZT baseline,94.0,0.0,96.5,209,188,566.5,1976.5,9496.5,94096.49999999999
19,Awareness training,88.5,0.0,96.5,209,177,539.0,1866.5,8946.5,88596.5
19,Uniform callback,29.5,14.829973220150574,1551.5,209,59,1699.0,2141.5,4501.5,31051.5
19,CZT (full),13.0,12.687585266030013,1558.0,209,26,1623.0,1818.0,2858.0,14558.0
19,CZT - provenance,14.0,14.304481835177608,1704.0,209,28,1774.0,1984.0,3104.0,15704.0
19,CZT - context,14.499999999999998,17.437218937901065,2027.0,209,29,2099.5,2317.0,3477.0,16527.0
19,CZT - authority,18.5,19.023798696377142,2106.5,209,37,2199.0,2476.5,3956.5,20606.5
19,CZT - channel,14.0,18.336617654489416,2108.0,209,28,2178.0,2388.0,3508.0,16108.0
19,CZT - friction,49.50000000000001,0.36380172805820826,204.5,209,99,451.99999999999994,1194.5,5154.5,49704.49999999999
19,CZT - human challenge,13.0,12.687585266030013,1558.0,209,26,1623.0,1818.0,2858.0,14558.0
19,CZT - feedback,13.0,16.017381638118337,1884.5,209,26,1949.5000000000002,2144.5,3184.5,14884.5
20,ZT baseline,92.0,0.0,94.5,206,184,554.5,1934.5,9294.5,92094.5
20,Awareness training,88.0,0.0,94.5,206,176,534.5,1854.5,8894.5,88094.5
20,Uniform callback,27.0,14.802465393553602,1543.0,206,54,1678.0,2083.0,4243.0,28543.0
20,CZT (full),14.499999999999998,10.902293624330605,1378.0,206,29,1450.5000000000002,1668.0,2828.0,15878.000000000002
20,CZT - provenance,15.0,12.619985854299282,1534.5,206,30,1609.5,1834.5,3034.5,16534.5
20,CZT - context,15.0,14.448822875618875,1729.9999999999998,206,30,1805.0,2030.0000000000002,3230.0,16730.0
20,CZT - authority,16.5,15.186420127311306,1728.5,206,33,1811.0,2058.5,3378.5,18228.5
20,CZT - channel,15.0,14.994442760432456,1780.5000000000002,206,30,1855.5,2080.5,3280.5,16780.5
20,CZT - friction,49.0,0.34353844599373545,196.0,206,98,441.0,1176.0,5096.000000000001,49196.0
20,CZT - human challenge,14.499999999999998,10.902293624330605,1378.0,206,29,1450.5000000000002,1668.0,2828.0,15878.000000000002
20,CZT - feedback,14.0,16.24734768111549,1904.5,206,28,1974.4999999999998,2184.5,3304.5,15904.5
21,ZT baseline,95.0,0.0,108.0,204,190,583.0,2008.0,9608.0,95108.0
21,Awareness training,90.50000000000001,0.0,108.0,204,181,560.5,1918.0,9158.0,90608.0
21,Uniform callback,24.5,14.902000404122045,1565.0,204,49,1687.5,2055.0,4015.0000000000005,26065.0
21,CZT (full),13.5,11.199232168114772,1421.0,204,27,1488.5,1691.0,2771.0,14921.0
21,CZT - provenance,13.5,12.790462719741361,1565.5,204,27,1633.0,1835.5,2915.4999999999995,15065.5
21,CZT - context,13.5,14.957567185289959,1796.0,204,27,1863.4999999999998,2066.0,3146.0,15296.0
21,CZT - authority,14.499999999999998,15.533441099211961,1771.5,204,29,1844.0,2061.5,3221.5,16271.500000000002
21,CZT - channel,14.0,16.46292180238432,1932.5,204,28,2002.5,2212.5,3332.5,15932.5
21,CZT - friction,57.5,0.33340068700747627,206.50000000000003,204,115,494.0,1356.5,5956.5,57706.5
21,CZT - human challenge,13.5,11.199232168114772,1421.0,204,27,1488.5,1691.0,2771.0,14921.0
21,CZT - feedback,13.5,15.952717720751666,1886.0,204,27,1953.5,2156.0,3236.0,15386.0
22,ZT baseline,84.0,0.0,102.00000000000001,193,168,522.0,1782.0,8502.0,84102.0
22,Awareness training,78.0,0.0,102.00000000000001,193,156,492.0,1661.9999999999998,7902.0,78102.0
22,Uniform callback,23.0,14.833139799060937,1557.5,193,46,1672.5,2017.5000000000002,3857.5,24557.5
22,CZT (full),13.0,10.642702075023982,1361.0,193,26,1426.0,1621.0,2661.0,14361.0
22,CZT - provenance,13.0,12.344120765385973,1513.5000000000002,193,26,1578.5,1773.5,2813.5,14513.5
22,CZT - context,13.5,13.949613772908567,1689.5,193,27,1757.0,1959.5000000000002,3039.5,15189.5
22,CZT - authority,17.5,13.540667440803755,1569.0000000000002,193,35,1656.5,1918.9999999999998,3318.9999999999995,19069.0
22,CZT - channel,13.0,14.626142272933812,1748.0,193,26,1813.0,2008.0,3048.0,14748.000000000002
22,CZT - friction,43.5,0.3988488918059272,220.0,193,87,437.5,1090.0,4570.0,43720.0
22,CZT - human challenge,13.0,10.642702075023982,1361.0,193,26,1426.0,1621.0,2661.0,14361.0
22,CZT - feedback,13.0,16.22153784015752,1908.9999999999998,193,26,1974.0,2169.0,3209.0,14908.999999999998
23,ZT baseline,87.50000000000001,0.0,101.0,192,175,538.5,1850.9999999999998,8851.0,87601.0
23,Awareness training,82.5,0.0,101.0,192,165,513.5,1751.0,8351.0,82601.0
23,Uniform callback,23.5,15.226171243941842,1591.5000000000002,192,47,1709.0,2061.5,3941.5,25091.5
23,CZT (full),11.0,12.131462035541194,1518.5000000000002,192,22,1573.5,1738.5,2618.5000000000005,12518.499999999998
23,CZT - provenance,11.5,13.625807754442649,1648.5,192,23,1706.0,1878.5,2798.5,13148.5
23,CZT - context,11.0,15.700726978998384,1875.0,192,22,1930.0,2095.0,2975.0,12875.0
23,CZT - authority,15.0,16.907310177705977,1921.0,192,30,1996.0,2221.0,3421.0,16921.0
23,CZT - channel,11.5,16.40246365105008,1936.5,192,23,1994.0,2166.5,3086.5,13436.5
23,CZT - friction,41.5,0.3281502423263328,198.5,192,83,406.0,1028.5,4348.5,41698.5
23,CZT - human challenge,11.0,12.131462035541194,1518.5000000000002,192,22,1573.5,1738.5,2618.5000000000005,12518.499999999998
23,CZT - feedback,11.0,16.75585621970921,1971.9999999999998,192,22,2027.0,2192.0,3071.9999999999995,12971.999999999998
24,ZT baseline,80.5,0.0,104.49999999999999,182,161,507.0,1714.5,8154.5,80604.5
24,Awareness training,72.5,0.0,104.49999999999999,182,145,467.0,1554.5,7354.500000000001,72604.5
24,Uniform callback,26.0,15.173074982339289,1593.9999999999998,182,52,1724.0,2114.0,4194.0,27594.0
24,CZT (full),12.5,12.347360984963165,1545.9999999999998,182,25,1608.5,1796.0,2796.0,14046.0
24,CZT - provenance,13.0,13.583610858815218,1646.0,182,26,1711.0,1906.0,2945.9999999999995,14645.999999999998
24,CZT - context,13.5,16.62125340599455,1969.0,182,27,2036.5,2239.0,3318.9999999999995,15469.0
24,CZT - authority,15.0,16.52538096679786,1882.0,182,30,1957.0000000000002,2182.0,3382.0,16882.0
24,CZT - channel,13.5,17.221717630436974,2024.0,182,27,2091.5,2294.0,3374.0,15524.0
24,CZT - friction,45.0,0.3733979210818448,214.99999999999997,182,90,440.0,1115.0,4715.0,45214.99999999999
24,CZT - human challenge,12.5,12.347360984963165,1545.9999999999998,182,25,1608.5,1796.0,2796.0,14046.0
24,CZT - feedback,12.5,16.596023816732263,1961.5,182,25,2024.0,2211.5,3211.5,14461.5
25,ZT baseline,89.0,0.0,105.0,206,178,550.0,1885.0,9005.0,89105.00000000001
25,Awareness training,85.0,0.0,105.0,206,170,530.0,1805.0,8605.0,85105.0
25,Uniform callback,21.5,15.231888451045773,1591.5000000000002,206,43,1699.0,2021.5,3741.5,23091.499999999996
25,CZT (full),11.0,11.776295847226432,1504.0,206,22,1559.0,1724.0,2604.0,12504.0
25,CZT - provenance,11.0,13.620288976457513,1678.0,206,22,1733.0,1898.0,2778.0,12678.0
25,CZT - context,11.5,16.05031827826614,1928.0,206,23,1985.5,2158.0,3078.0,13428.0
25,CZT - authority,13.5,16.29786804082045,1846.5,206,27,1913.9999999999998,2116.5,3196.5,15346.5
25,CZT - channel,11.5,16.77781145801758,2000.0,206,23,2057.5,2230.0,3150.0,13500.0
25,CZT - friction,42.5,0.43447509346266544,233.0,206,85,445.5,1083.0,4483.0,42733.0
25,CZT - human challenge,11.5,11.776295847226432,1504.0,206,23,1561.5,1734.0,2654.0000000000005,13004.0
25,CZT - feedback,10.5,16.7525512781651,1990.5,206,21,2043.0,2200.5,3040.5,12490.5
26,ZT baseline,95.5,0.0,90.50000000000001,210,191,568.0,2000.5,9640.5,95590.49999999999
26,Awareness training,86.0,0.0,90.50000000000001,210,172,520.5,1810.5,8690.5,86090.5
26,Uniform callback,27.5,15.133906013137949,1572.0,210,55,1709.5,2122.0,4322.0,29072.0
26,CZT (full),14.499999999999998,11.147043961596765,1408.5,210,29,1481.0,1698.5,2858.5,15908.500000000002
26,CZT - provenance,14.499999999999998,12.829711975745326,1560.0,210,29,1632.5,1850.0,3010.0,16060.000000000002
26,CZT - context,15.5,15.644264780192016,1857.5,210,31,1935.0,2167.5,3407.5,17357.5
26,CZT - authority,16.0,15.811015664477008,1789.0,210,32,1869.0,2109.0,3389.0,17789.0
26,CZT - channel,16.0,16.57402728650834,1944.0,210,32,2024.0,2264.0,3544.0,17944.0
26,CZT - friction,50.5,0.358767054067711,197.0,210,101,449.49999999999994,1207.0,5247.000000000001,50697.0
26,CZT - human challenge,14.499999999999998,11.147043961596765,1408.5,210,29,1481.0,1698.5,2858.5,15908.500000000002
26,CZT - feedback,14.499999999999998,16.15967660434563,1899.0000000000002,210,29,1971.5,2189.0,3348.9999999999995,16399.0
27,ZT baseline,94.5,0.0,101.5,209,189,574.0,1991.5,9551.5,94601.5
27,Awareness training,90.50000000000001,0.0,101.5,209,181,554.0,1911.4999999999998,9151.5,90601.5
27,Uniform callback,26.0,15.163458137537264,1588.5,209,52,1718.5,2108.5,4188.5,27588.499999999996
27,CZT (full),14.499999999999998,12.439997978879289,1560.0,209,29,1632.5,1850.0,3010.0,16060.000000000002
27,CZT - provenance,15.0,13.748673639533122,1670.0,209,30,1744.9999999999998,1970.0,3170.0,16670.0
27,CZT - context,14.499999999999998,16.143701682582993,1927.5,209,29,2000.0,2217.5,3377.5,16427.5
27,CZT - authority,16.0,15.845586377646406,1824.0,209,32,1904.0000000000002,2144.0,3424.0,17824.0
27,CZT - channel,14.499999999999998,17.04310039917134,2003.0,209,29,2075.5,2293.0,3453.0,16503.0
27,CZT - friction,56.0,0.3991713405083119,219.5,209,112,499.5,1339.5000000000002,5819.5,56219.5
27,CZT - human challenge,15.0,12.561265221565357,1572.0,209,30,1647.0000000000002,1872.0,3071.9999999999995,16572.0
27,CZT - feedback,14.0,16.244757718154716,1932.5,209,28,2002.5,2212.5,3332.5,15932.5
28,ZT baseline,91.0,0.0,91.5,200,182,546.5,1911.4999999999998,9191.5,91091.5
28,Awareness training,85.0,0.0,91.5,200,170,516.5,1791.5,8591.5,85091.5
28,Uniform callback,25.500000000000004,15.035353535353535,1562.0,200,51,1689.5,2072.0,4112.0,27062.0
28,CZT (full),13.0,11.318181818181818,1458.5,200,26,1523.5000000000002,1718.5,2758.5,14458.5
28,CZT - provenance,13.0,12.853535353535353,1588.0,200,26,1653.0,1848.0,2888.0,14588.000000000002
28,CZT - context,15.0,17.156565656565657,2033.0,200,30,2108.0,2333.0,3533.0,17033.0
28,CZT - authority,18.5,16.71212121212121,1906.0,200,37,1998.5,2276.0,3756.0,20406.0
28,CZT - channel,14.0,16.87878787878788,2002.0,200,28,2072.0,2282.0,3402.0,16002.0
28,CZT - friction,55.5,0.43434343434343436,220.0,200,111,497.5,1330.0,5770.0,55720.0
28,CZT - human challenge,13.0,11.318181818181818,1458.5,200,26,1523.5000000000002,1718.5,2758.5,14458.5
28,CZT - feedback,12.5,16.18181818181818,1935.5,200,25,1998.0,2185.5,3185.5,14435.500000000002
29,ZT baseline,93.5,0.0,88.0,208,187,555.5,1958.0,9438.0,93588.0
29,Awareness training,88.0,0.0,88.0,208,176,528.0,1848.0,8888.0,88088.0
29,Uniform callback,30.0,14.713015359741311,1531.0000000000002,208,60,1681.0,2131.0,4531.0,31530.999999999996
29,CZT (full),14.0,10.918552950687147,1362.5,208,28,1432.4999999999998,1642.5,2762.5,15362.499999999998
29,CZT - provenance,14.499999999999998,12.894098625707356,1542.0,208,29,1614.5,1832.0,2992.0,16042.0
29,CZT - context,14.499999999999998,15.016168148746969,1767.5,208,29,1840.0,2057.5,3217.5,16267.5
29,CZT - authority,18.0,15.081851253031529,1710.0000000000002,208,36,1800.0,2070.0,3510.0,19710.0
29,CZT - channel,14.0,15.960994341147938,1858.0,208,28,1928.0,2138.0,3258.0,15858.000000000002
29,CZT - friction,57.99999999999999,0.30315278900565884,177.0,208,116,467.0,1337.0000000000002,5977.0,58177.0
29,CZT - human challenge,14.0,10.918552950687147,1362.5,208,28,1432.4999999999998,1642.5,2762.5,15362.499999999998
29,CZT - feedback,13.0,16.203516572352466,1881.0,208,26,1946.0,2141.0,3181.0,14881.0
30,ZT baseline,95.99999999999999,0.0,100.5,205,192,580.5,2020.5,9700.5,96100.5
30,Awareness training,90.50000000000001,0.0,100.5,205,181,553.0,1910.5,9150.5,90600.5
30,Uniform callback,30.0,14.74109623642334,1545.5,205,60,1695.5,2145.5,4545.5,31545.5
30,CZT (full),12.5,11.87168476888103,1487.0,205,25,1549.5,1737.0,2737.0,13987.0
30,CZT - provenance,13.0,13.407426117706493,1624.5,205,26,1689.5,1884.5,2924.5,14624.5
30,CZT - context,14.0,15.43319019954534,1844.5,205,28,1914.5,2124.5,3244.5,15844.5
30,CZT - authority,16.5,15.95352361707502,1809.0,205,33,1891.5000000000002,2139.0,3459.0,18309.0
30,CZT - channel,15.0,16.564789088153574,1947.0000000000002,205,30,2022.0,2247.0,3447.0,16947.0
30,CZT - friction,52.0,0.3687799949482192,210.0,205,104,470.0,1250.0,5410.0,52210.0
30,CZT - human challenge,12.5,11.87168476888103,1487.0,205,25,1549.5,1737.0,2737.0,13987.0
30,CZT - feedback,12.5,16.564789088153574,1948.5,205,25,2011.0,2198.5,3198.5000000000005,14448.5
31,ZT baseline,86.0,0.0,98.0,193,172,528.0,1818.0,8698.0,86098.0
31,Awareness training,79.5,0.0,98.0,193,159,495.49999999999994,1688.0,8048.0,79598.0
31,Uniform callback,22.5,14.696824355026001,1540.5,193,45,1653.0,1990.5,3790.5,24040.499999999996
31,CZT (full),13.0,10.753773918311708,1364.0,193,26,1429.0,1624.0,2664.0000000000005,14363.999999999998
31,CZT - provenance,13.5,12.707628616145808,1546.5,193,27,1613.9999999999998,1816.5,2896.5,15046.5
31,CZT - context,14.499999999999998,14.95935780279699,1781.5,193,29,1854.0,2071.5,3231.5,16281.5
31,CZT - authority,15.0,15.29257333266017,1737.4999999999998,193,30,1812.5,2037.4999999999998,3237.5,16737.5
31,CZT - channel,13.5,15.31781693340738,1807.5,193,27,1875.0,2077.5,3157.4999999999995,15307.5
31,CZT - friction,47.99999999999999,0.30292320896652697,187.5,193,96,427.50000000000006,1147.5,4987.5,48187.5
31,CZT - human challenge,13.0,10.753773918311708,1364.0,193,26,1429.0,1624.0,2664.0000000000005,14363.999999999998
31,CZT - feedback,12.5,15.787347907305499,1856.5,193,25,1918.9999999999998,2106.5,3106.5,14356.500000000002
32,ZT baseline,94.0,0.0,100.5,206,188,570.5,1980.5,9500.5,94100.5
32,Awareness training,89.5,0.0,100.5,206,179,548.0,1890.5,9050.5,89600.50000000001
32,Uniform callback,27.5,15.236940487016268,1593.9999999999998,206,55,1731.5,2144.0,4344.0,29094.000000000004
32,CZT (full),14.0,11.291300394058807,1444.0,206,28,1514.0,1724.0,2844.0,15444.0
32,CZT - provenance,14.499999999999998,12.76649489744367,1566.0,206,29,1638.5,1855.9999999999998,3016.0,16066.0
32,CZT - context,15.5,16.41406486814186,1952.0000000000002,206,31,2029.5,2262.0,3502.0,17452.0
32,CZT - authority,17.5,15.706779832272405,1796.0,206,35,1883.5,2146.0,3546.0000000000005,19296.0
32,CZT - channel,14.0,16.37870061634839,1943.0,206,28,2013.0,2223.0,3343.0,15943.0
32,CZT - friction,54.0,0.4395271294331616,230.5,206,108,500.5,1310.5,5630.500000000001,54230.5
32,CZT - human challenge,14.0,11.291300394058807,1444.0,206,28,1514.0,1724.0,2844.0,15444.0
32,CZT - feedback,14.0,16.621198342932203,1967.0000000000002,206,28,2037.0,2247.0,3367.0,15967.0
33,ZT baseline,83.5,0.0,90.50000000000001,187,167,508.0,1760.5000000000002,8440.5,83590.5
33,Awareness training,75.5,0.0,90.50000000000001,187,151,468.0,1600.5,7640.5,75590.5
33,Uniform callback,17.0,14.682279311563114,1536.5,187,34,1621.4999999999998,1876.5,3236.5,18536.5
33,CZT (full),11.0,11.60349265633675,1468.5,187,22,1523.5000000000002,1688.5,2568.5,12468.5
33,CZT - provenance,11.0,12.77948821480846,1569.5,187,22,1624.5,1789.5,2669.5,12569.5
33,CZT - context,11.5,14.995205168323828,1810.5,187,23,1868.0,2040.5,2960.5,13310.5
33,CZT - authority,13.5,14.616665825468129,1693.5,187,27,1761.0,1963.5,3043.5,15193.5
33,CZT - channel,11.0,15.89360520870136,1888.5,187,22,1943.5,2108.5,2988.5,12888.5
33,CZT - friction,46.49999999999999,0.42396406399838493,216.0,187,93,448.5,1146.0,4866.0,46716.0
33,CZT - human challenge,11.0,11.60349265633675,1468.5,187,22,1523.5000000000002,1688.5,2568.5,12468.5
33,CZT - feedback,10.5,16.499268157270482,1950.0,187,21,2002.5,2160.0,3000.0,12450.000000000002
34,ZT baseline,97.0,0.0,94.0,212,194,579.0,2034.0,9794.0,97094.0
34,Awareness training,91.0,0.0,94.0,212,182,549.0,1913.9999999999998,9194.0,91094.00000000001
34,Uniform callback,27.5,14.589650293106935,1526.0000000000002,212,55,1663.5,2076.0,4276.0,29026.0
34,CZT (full),14.0,12.47725894481504,1535.0,212,28,1605.0,1815.0,2935.0,15535.000000000002
34,CZT - provenance,14.499999999999998,14.08429351121892,1682.5,212,29,1755.0,1972.5,3132.4999999999995,16182.5
34,CZT - context,15.0,16.944612896705074,1979.0,212,30,2054.0,2279.0,3479.0,16979.0
34,CZT - authority,18.0,17.778451586820296,1973.0,212,36,2063.0,2333.0,3773.0000000000005,19973.0
34,CZT - channel,14.499999999999998,18.117040630685263,2084.5,212,29,2157.0,2374.5,3534.5,16584.5
34,CZT - friction,57.5,0.3588033151404892,200.49999999999997,212,115,488.00000000000006,1350.5,5950.5,57700.5
34,CZT - human challenge,14.0,12.47725894481504,1535.0,212,28,1605.0,1815.0,2935.0,15535.000000000002
34,CZT - feedback,14.0,16.186577723873054,1898.0,212,28,1968.0,2178.0,3298.0,15898.000000000002
35,ZT baseline,95.5,0.0,104.0,214,191,581.5,2014.0,9654.0,95604.0
35,Awareness training,90.50000000000001,0.0,104.0,214,181,556.5,1913.9999999999998,9154.0,90604.0
35,Uniform callback,25.0,15.172344081673911,1585.0,214,50,1710.0000000000002,2085.0,4084.9999999999995,26585.0
35,CZT (full),14.499999999999998,10.537753967451733,1375.0,214,29,1447.5,1665.0,2824.9999999999995,15875.0
35,CZT - provenance,14.499999999999998,11.76084099868594,1472.0,214,29,1544.5,1762.0,2922.0,15972.0
35,CZT - context,15.0,13.716769432932377,1692.0,214,30,1767.0,1991.9999999999998,3192.0,16692.0
35,CZT - authority,17.5,13.337713534822601,1574.5,214,35,1661.9999999999998,1924.5,3324.5000000000005,19074.5
35,CZT - channel,14.0,14.682098453451935,1779.5,214,28,1849.5,2059.5,3179.5,15779.5
35,CZT - friction,52.0,0.3689477408268472,213.5,214,104,473.50000000000006,1253.5,5413.5,52213.5
35,CZT - human challenge,15.0,10.537753967451733,1375.0,214,30,1450.0,1675.0,2875.0,16375.0
35,CZT - feedback,14.499999999999998,16.491458607095925,1956.0,214,29,2028.5,2246.0,3406.0,16456.0
36,ZT baseline,80.5,0.0,102.00000000000001,191,161,504.5,1712.0,8152.0,80602.0
36,Awareness training,73.5,0.0,102.00000000000001,191,147,469.5,1572.0,7452.0,73602.0
36,Uniform callback,18.5,14.766015447523854,1545.5,191,37,1638.0,1915.5,3395.5,20045.5
36,CZT (full),8.5,10.81831490736534,1386.0,191,17,1428.5,1555.9999999999998,2236.0,9886.0
36,CZT - provenance,9.5,12.888081175223384,1567.0,191,19,1614.5,1757.0,2517.0,11067.0
36,CZT - context,8.5,14.10974809430057,1716.5,191,17,1759.0,1886.5000000000002,2566.5,10216.5
36,CZT - authority,11.999999999999998,14.766015447523854,1695.0000000000002,191,24,1755.0,1935.0,2895.0,13695.0
36,CZT - channel,9.5,15.326366802968346,1828.5000000000002,191,19,1876.0,2018.5,2778.5,11328.5
36,CZT - friction,47.5,0.3836639911151497,216.0,191,95,453.5,1166.0,4966.0,47716.0
36,CZT - human challenge,8.5,10.81831490736534,1386.0,191,17,1428.5,1555.9999999999998,2236.0,9886.0
36,CZT - feedback,8.5,16.32086425362209,1923.9999999999998,191,17,1966.5,2094.0,2774.0,10424.0
37,ZT baseline,94.5,0.0,95.0,212,189,567.5,1985.0,9545.0,94595.0
37,Awareness training,88.0,0.0,95.0,212,176,535.0,1855.0,8895.0,88095.0
37,Uniform callback,29.5,14.892864362239742,1555.0,212,59,1702.5000000000002,2145.0,4505.0,31055.0
37,CZT (full),13.0,11.663634525975338,1454.0,212,26,1519.0,1714.0,2754.0,14454.0
37,CZT - provenance,13.0,13.033151404891855,1574.5,212,26,1639.5000000000002,1834.5,2874.5,14574.5
37,CZT - context,13.0,15.817667273094804,1867.0,212,26,1932.0,2127.0,3167.0,14867.0
37,CZT - authority,17.5,16.368506165352738,1837.0,212,35,1924.5,2187.0,3587.0,19337.0
37,CZT - channel,14.499999999999998,17.520719628057407,2025.5,212,29,2098.0,2315.5,3475.5000000000005,16525.5
37,CZT - friction,55.0,0.3790175864160097,207.5,212,110,482.5,1307.5,5707.5,55207.49999999999
37,CZT - human challenge,13.5,11.663634525975338,1454.0,212,27,1521.5,1724.0,2804.0,14954.0
37,CZT - feedback,13.0,16.52516676773802,1928.9999999999998,212,26,1994.0,2189.0,3229.0,14928.999999999998
38,ZT baseline,89.5,0.0,97.0,202,179,544.5,1887.0,9047.0,89597.0
38,Awareness training,85.5,0.0,97.0,202,171,524.5,1807.0,8647.0,85597.0
38,Uniform callback,25.500000000000004,15.14294373169007,1578.5,202,51,1706.0,2088.5,4128.5,27078.5
38,CZT (full),10.0,10.768764521668855,1376.5,202,20,1426.5,1576.5000000000002,2376.5,11376.5
38,CZT - provenance,10.0,12.344681280937468,1508.5000000000002,202,20,1558.4999999999998,1708.5,2508.5,11508.5
38,CZT - context,10.5,14.43580159612082,1739.5,202,21,1792.0,1949.5000000000002,2789.4999999999995,12239.500000000002
38,CZT - authority,14.499999999999998,15.602586119810082,1779.0,202,29,1851.5,2069.0,3229.0,16278.999999999998
38,CZT - channel,11.0,15.930902111324377,1881.0,202,22,1936.0,2101.0,2980.9999999999995,12881.0
38,CZT - friction,50.0,0.42428528134154964,223.0,202,100,473.0,1223.0,5223.0,50223.00000000001
38,CZT - human challenge,10.5,10.768764521668855,1376.5,202,21,1429.0,1586.5000000000002,2426.5,11876.500000000002
38,CZT - feedback,10.0,16.370340438428123,1925.0,202,20,1975.0,2125.0,2925.0,11924.999999999998
39,ZT baseline,84.49999999999999,0.0,91.5,188,169,514.0,1781.5,8541.5,84591.5
39,Awareness training,78.5,0.0,91.5,188,157,484.0,1661.5,7941.5,78591.5
39,Uniform callback,24.5,14.718352513628105,1534.5,188,49,1656.9999999999998,2024.5,3984.5000000000005,26034.5
39,CZT (full),11.5,12.007874015748031,1464.0,188,23,1521.5,1694.0,2614.0,12964.0
39,CZT - provenance,11.999999999999998,13.426206339592166,1585.0,188,24,1645.0,1825.0,2785.0000000000005,13585.0
39,CZT - context,11.5,15.616797900262466,1824.0,188,23,1881.5000000000002,2054.0,2974.0,13324.0
39,CZT - authority,13.0,16.863517060367453,1865.5,188,26,1930.5,2125.5,3165.5,14865.5
39,CZT - channel,11.0,16.54048051685847,1920.0,188,22,1975.0,2140.0,3020.0,12920.0
39,CZT - friction,50.5,0.3583686654552796,198.00000000000003,188,101,450.5,1208.0,5248.0,50698.0
39,CZT - human challenge,11.5,12.007874015748031,1464.0,188,23,1521.5,1694.0,2614.0,12964.0
39,CZT - feedback,10.5,16.58086008479709,1913.5,188,21,1966.0,2123.5,2963.5,12413.5
40,ZT baseline,94.5,0.0,92.99999999999999,216,189,565.5,1983.0,9543.0,94593.0
40,Awareness training,88.5,0.0,92.99999999999999,216,177,535.5,1863.0,8943.0,88593.0
40,Uniform callback,23.5,15.042458552365549,1564.5,216,47,1681.9999999999998,2034.5,3914.5,25064.5
40,CZT (full),14.0,11.291953093408816,1419.5,216,28,1489.5,1699.5,2819.5,15419.5
40,CZT - provenance,14.0,13.020622725434695,1573.0,216,28,1643.0,1853.0,2973.0,15572.999999999998
40,CZT - context,15.0,15.487262434290336,1840.0,216,30,1915.0,2140.0,3340.0,16840.0
40,CZT - authority,17.5,15.659118479579458,1778.5,216,35,1865.9999999999998,2128.5,3528.5,19278.5
40,CZT - channel,15.5,16.34654266073595,1908.5,216,31,1986.0,2218.5,3458.5,17408.5
40,CZT - friction,51.00000000000001,0.43469470279013345,221.5,216,102,476.5,1241.5,5321.5,51221.50000000001
40,CZT - human challenge,14.0,11.291953093408816,1419.5,216,28,1489.5,1699.5,2819.5,15419.5
40,CZT - feedback,13.5,16.36170642943793,1916.4999999999998,216,27,1984.0,2186.5,3266.5,15416.5
41,ZT baseline,88.5,0.0,90.0,199,177,532.5,1860.0,8940.0,88590.0
41,Awareness training,81.49999999999999,0.0,90.0,199,163,497.5,1719.9999999999998,8240.0,81590.0
41,Uniform callback,22.5,14.600272713499319,1525.5,199,45,1638.0,1975.5,3775.5,24025.500000000004
41,CZT (full),13.5,11.479218221301954,1439.5,199,27,1507.0,1709.5,2789.4999999999995,14939.499999999998
41,CZT - provenance,13.5,13.16095146709762,1593.5,199,27,1661.0,1863.4999999999998,2943.5,15093.5
41,CZT - context,13.5,15.266905711832734,1816.5,199,27,1884.0000000000002,2086.5,3166.5,15316.5
41,CZT - authority,16.0,16.63047320842382,1870.0,199,32,1950.0,2190.0,3469.9999999999995,17870.0
41,CZT - channel,13.5,15.92848846017878,1874.5,199,27,1942.0000000000002,2144.5,3224.5,15374.5
41,CZT - friction,46.49999999999999,0.3838189990404525,204.00000000000003,199,93,436.5,1134.0,4854.0,46704.0
41,CZT - human challenge,14.0,11.479218221301954,1439.5,199,28,1509.5,1719.5,2839.5,15439.5
41,CZT - feedback,13.0,16.236553709408614,1907.0,199,26,1971.9999999999998,2167.0,3207.0,14907.0
42,ZT baseline,93.5,0.0,102.00000000000001,202,187,569.5,1971.9999999999998,9452.0,93602.00000000001
42,Awareness training,86.0,0.0,102.00000000000001,202,172,532.0,1822.0,8702.0,86102.00000000001
42,Uniform callback,31.5,14.723709465602585,1546.5,202,63,1704.0,2176.5,4696.5,33046.5
42,CZT (full),15.0,10.50611172845742,1359.4999999999998,202,30,1434.5,1659.4999999999998,2859.5,16359.5
42,CZT - provenance,15.0,12.041620365693504,1495.4999999999998,202,30,1570.5,1795.4999999999998,2995.5,16495.5
42,CZT - context,15.5,14.092332558844328,1717.5000000000002,202,31,1795.0,2027.5000000000002,3267.5,17217.5
42,CZT - authority,19.0,15.02677038084655,1729.0,202,38,1824.0,2109.0,3629.0,20729.000000000004
42,CZT - channel,16.5,14.95100515203556,1795.0,202,33,1877.5,2125.0,3444.9999999999995,18295.0
42,CZT - friction,52.5,0.3434690372764926,203.0,202,105,465.5,1253.0,5453.0,52703.0
42,CZT - human challenge,15.0,10.50611172845742,1359.4999999999998,202,30,1434.5,1659.4999999999998,2859.5,16359.5
42,CZT - feedback,15.0,16.05717749267603,1903.5,202,30,1978.5,2203.5,3403.5,16903.5
43,ZT baseline,89.5,0.0,101.0,201,179,548.5,1891.0,9051.0,89601.0
43,Awareness training,84.0,0.0,101.0,201,168,521.0,1781.0,8501.0,84101.0
43,Uniform callback,26.0,15.167432698621141,1589.5,201,52,1719.5,2109.5,4189.5,27589.5
43,CZT (full),15.5,12.667306429617659,1596.0,201,31,1673.5,1906.0,3146.0,17096.0
43,CZT - provenance,15.5,14.354260316177584,1749.0,201,31,1826.5,2059.0,3299.0000000000005,17249.0
43,CZT - context,16.5,16.96045254810849,2021.0,201,33,2103.5,2351.0,3671.0,18521.0
43,CZT - authority,18.0,17.990807616546288,2026.5,201,36,2116.5,2386.5,3826.5,20026.5
43,CZT - channel,16.5,17.965553815849287,2116.5,201,33,2199.0,2446.5,3766.5,18616.5
43,CZT - friction,50.5,0.42931461184908326,228.5,201,101,480.99999999999994,1238.5,5278.5,50728.5
43,CZT - human challenge,15.5,12.667306429617659,1596.0,201,31,1673.5,1906.0,3146.0,17096.0
43,CZT - feedback,15.5,16.354361331380375,1956.5,201,31,2034.0,2266.5,3506.5,17456.5
44,ZT baseline,92.0,0.0,90.0,206,184,550.0,1930.0,9290.0,92090.0
44,Awareness training,87.0,0.0,90.0,206,174,525.0,1830.0,8790.0,87090.0
44,Uniform callback,28.5,15.231888451045773,1588.0,206,57,1730.5,2158.0,4438.0,30088.0
44,CZT (full),16.0,12.165302616954634,1510.0,206,32,1590.0,1830.0,3110.0,17510.0
44,CZT - provenance,16.0,13.640497120339498,1638.5,206,32,1718.5,1958.5,3238.5000000000005,17638.5
44,CZT - context,16.0,15.999797918561178,1895.5,206,32,1975.5,2215.5,3495.5000000000005,17895.5
44,CZT - authority,20.5,17.565929069414974,1964.5000000000002,206,41,2067.0,2374.5,4014.4999999999995,22464.5
44,CZT - channel,16.5,16.93442457310296,1975.0,206,33,2057.5,2305.0,3625.0,18475.0
44,CZT - friction,51.5,0.3991108416691927,208.5,206,103,466.0,1238.5,5358.500000000001,51708.5
44,CZT - human challenge,16.0,12.165302616954634,1510.0,206,32,1590.0,1830.0,3110.0,17510.0
44,CZT - feedback,16.0,16.616146306961703,1948.5,206,32,2028.5,2268.5,3548.5,17948.5
45,ZT baseline,95.5,0.0,111.0,204,191,588.5,2021.0,9661.0,95611.0
45,Awareness training,91.0,0.0,111.0,204,182,566.0,1931.0,9211.0,91111.0
45,Uniform callback,26.0,14.654475651646798,1544.0,204,52,1674.0,2064.0,4144.0,27544.0
45,CZT (full),15.5,11.51747827844009,1447.5,204,31,1525.0,1757.5,2997.5,16947.5
45,CZT - provenance,15.5,13.118811881188119,1589.0000000000002,204,31,1666.5,1899.0000000000002,3139.0,17089.0
45,CZT - context,15.5,15.679935340472822,1863.0,204,31,1940.5,2173.0,3413.0,17363.0
45,CZT - authority,18.0,16.30632451000202,1847.0,204,36,1937.0,2207.0,3647.0000000000005,19847.0
45,CZT - channel,16.0,16.740755708223883,1954.0,204,32,2034.0,2274.0,3554.0,17954.0
45,CZT - friction,64.0,0.3788644170539503,223.0,204,128,543.0,1503.0,6623.0,64223.0
45,CZT - human challenge,15.5,11.51747827844009,1447.5,204,31,1525.0,1757.5,2997.5,16947.5
45,CZT - feedback,15.5,15.972923822994545,1885.0,204,31,1962.5,2195.0,3435.0000000000005,17385.0
46,ZT baseline,75.5,0.0,95.5,175,151,473.0,1605.5,7645.499999999999,75595.5
46,Awareness training,70.5,0.0,95.5,175,141,448.0,1505.5,7145.5,70595.5
46,Uniform callback,20.0,14.784363177805801,1550.9999999999998,175,40,1651.0,1951.0,3551.0000000000005,21551.0
46,CZT (full),11.999999999999998,12.479192938209332,1535.5,175,24,1595.5,1775.5000000000002,2735.5,13535.5
46,CZT - provenance,11.999999999999998,14.441361916771752,1714.5,175,24,1774.5,1954.5000000000002,2914.5,13714.5
46,CZT - context,11.999999999999998,17.099621689785625,1996.5,175,24,2056.5,2236.5,3196.5,13996.5
46,CZT - authority,13.5,17.34174022698613,1946.5,175,27,2014.0,2216.5,3296.5,15446.5
46,CZT - channel,11.5,17.261034047919292,2010.5,175,23,2068.0,2240.5,3160.5,13510.5
46,CZT - friction,44.5,0.32786885245901637,191.99999999999997,175,89,414.5,1082.0,4642.0,44692.0
46,CZT - human challenge,11.999999999999998,12.479192938209332,1535.5,175,24,1595.5,1775.5000000000002,2735.5,13535.5
46,CZT - feedback,11.999999999999998,16.030264817150062,1885.5,175,24,1945.5,2125.5,3085.5,13885.5
47,ZT baseline,91.5,0.0,89.5,205,183,547.0,1919.5,9239.5,91589.50000000001
47,Awareness training,87.0,0.0,89.5,205,174,524.5,1829.5,8789.5,87089.5
47,Uniform callback,21.0,14.928012124273806,1551.5,205,42,1656.5,1971.5,3651.4999999999995,22551.5
47,CZT (full),11.5,10.679464511240212,1357.5,205,23,1414.9999999999998,1587.5,2507.4999999999995,12857.5
47,CZT - provenance,11.0,12.614296539530184,1534.5,205,22,1589.5,1754.5,2634.5,12534.5
47,CZT - context,13.0,14.569335690831018,1744.0,205,26,1809.0,2004.0,3044.0,14744.0
47,CZT - authority,13.5,14.604698156100026,1660.0,205,27,1727.4999999999998,1930.0,3010.0,15160.0
47,CZT - channel,11.0,15.155342258145996,1795.4999999999998,205,22,1850.5,2015.5,2895.4999999999995,12795.5
47,CZT - friction,51.00000000000001,0.4041424602172266,208.99999999999997,205,102,463.99999999999994,1229.0,5309.0,51209.0
47,CZT - human challenge,11.5,10.679464511240212,1357.5,205,23,1414.9999999999998,1587.5,2507.4999999999995,12857.5
47,CZT - feedback,10.5,16.423339227077545,1923.0,205,21,1975.5,2133.0,2973.0,12423.0
48,ZT baseline,85.5,0.0,91.5,185,171,519.0,1801.5,8641.5,85591.5
48,Awareness training,79.5,0.0,91.5,185,159,489.0,1681.5,8041.5,79591.5
48,Uniform callback,19.5,15.402472874085287,1601.0,185,39,1698.5,1991.0,3551.0000000000005,21101.0
48,CZT (full),10.5,11.622508200857935,1466.5,185,21,1519.0,1676.5,2516.5,11966.5
48,CZT - provenance,11.0,12.919505425182942,1573.0,185,22,1628.0,1792.9999999999998,2673.0,12573.0
48,CZT - context,11.999999999999998,15.412566237698714,1843.0,185,24,1903.0,2083.0,3043.0,13843.0
48,CZT - authority,13.5,15.099671965682566,1734.0,185,27,1801.5,2004.0,3084.0,15234.0
48,CZT - channel,11.0,16.179661872318952,1908.0,185,22,1963.0,2128.0,3008.0,12908.0
48,CZT - friction,45.0,0.408781226343679,211.5,185,90,436.5,1111.5,4711.5,45211.49999999999
48,CZT - human challenge,10.5,11.622508200857935,1466.5,185,21,1519.0,1676.5,2516.5,11966.5
48,CZT - feedback,10.0,16.850870552611656,1977.5,185,20,2027.5000000000002,2177.5,2977.5,11977.500000000002
49,ZT baseline,94.0,0.0,99.00000000000001,207,188,569.0,1979.0,9499.0,94099.0
49,Awareness training,86.0,0.0,99.00000000000001,207,172,529.0,1819.0,8699.0,86099.0
49,Uniform callback,22.5,15.166978224624867,1586.5000000000002,207,45,1699.0,2036.5,3836.5,24086.5
49,CZT (full),12.5,11.377759814075683,1441.5,207,25,1504.0,1691.5,2691.5,13941.5
49,CZT - provenance,12.5,13.050068205931389,1592.5,207,25,1655.0,1842.5,2842.5,14092.499999999998
49,CZT - context,12.5,15.490324862325064,1850.5,207,25,1913.0,2100.5,3100.5,14350.5
49,CZT - authority,15.5,16.11175668165513,1824.5,207,31,1902.0,2134.5,3374.5000000000005,17324.5
49,CZT - channel,12.5,16.142070428939522,1908.5,207,25,1971.0,2158.5,3158.5,14408.5
49,CZT - friction,42.0,0.38397413226898397,213.0,207,84,423.0,1053.0,4413.0,42213.0
49,CZT - human challenge,12.5,11.377759814075683,1441.5,207,25,1504.0,1691.5,2691.5,13941.5
49,CZT - feedback,11.999999999999998,16.60182892941949,1953.5,207,24,2013.5,2193.5,3153.5,13953.5
50,ZT baseline,92.99999999999999,0.0,102.5,204,186,567.5,1962.5,9402.5,93102.5
50,Awareness training,89.5,0.0,102.5,204,179,550.0,1892.5,9052.5,89602.5
50,Uniform callback,25.500000000000004,14.962618710850679,1570.5,204,51,1698.0,2080.5,4120.5,27070.5
50,CZT (full),13.0,10.648615881996362,1376.0,204,26,1441.0,1636.0,2676.0,14376.0
50,CZT - provenance,13.5,12.563144069508992,1544.0,204,27,1611.4999999999998,1814.0,2894.0,15044.0
50,CZT - context,13.0,13.87654071529602,1695.5,204,26,1760.5000000000002,1955.5,2995.5,14695.5
50,CZT - authority,16.0,15.346534653465346,1755.0,204,32,1835.0,2075.0,3355.0,17755.0
50,CZT - channel,14.0,14.523135987068095,1756.0,204,28,1826.0000000000002,2036.0,3156.0,15755.999999999998
50,CZT - friction,49.50000000000001,0.40917357041826635,224.0,204,99,471.5,1214.0,5174.0,49724.00000000001
50,CZT - human challenge,13.0,10.648615881996362,1376.0,204,26,1441.0,1636.0,2676.0,14376.0
50,CZT - feedback,11.5,16.56900383915943,1955.5,204,23,2013.0,2185.5,3105.5,13455.5
51,ZT baseline,99.00000000000001,0.0,85.0,229,198,580.0,2065.0,9985.0,99085.0
51,Awareness training,95.5,0.0,85.0,229,191,562.5,1995.0,9635.0,95585.0
51,Uniform callback,34.5,15.173739315158565,1571.5000000000002,229,69,1744.0,2261.5,5021.5,36071.5
51,CZT (full),20.5,13.312427292499116,1613.9999999999998,229,41,1716.5,2024.0,3664.0,22113.999999999996
51,CZT - provenance,21.0,14.536442263921906,1721.0,229,42,1826.0000000000002,2141.0,3821.0,22721.0
51,CZT - context,20.0,17.186788730969603,1996.5,229,40,2096.5,2396.5,3996.5,21996.5
51,CZT - authority,25.500000000000004,18.021344393303323,2000.5,229,51,2128.0,2510.5,4550.5,27500.5
51,CZT - channel,20.0,18.147792220929645,2088.5,229,40,2188.5,2488.5,4088.5,22088.5
51,CZT - friction,54.5,0.28830104698801273,170.5,229,109,443.0,1260.5,5620.500000000001,54670.50000000001
51,CZT - human challenge,20.5,13.312427292499116,1613.9999999999998,229,41,1716.5,2024.0,3664.0,22113.999999999996
51,CZT - feedback,20.0,16.342117242425775,1910.0,229,40,2010.0000000000002,2310.0,3910.0,21910.0
52,ZT baseline,89.0,0.0,94.0,196,178,539.0,1874.0,8994.0,89094.0
52,Awareness training,82.5,0.0,94.0,196,165,506.5,1744.0,8344.0,82594.0
52,Uniform callback,21.5,15.113108462936781,1574.0000000000002,196,43,1681.5,2004.0,3724.0,23074.0
52,CZT (full),13.0,10.962431831953142,1388.0,196,26,1453.0000000000002,1648.0,2688.0,14388.0
52,CZT - provenance,13.0,13.052918602302565,1578.0,196,26,1643.0,1838.0,2878.0,14578.0
52,CZT - context,13.5,15.370632195516057,1830.5,196,27,1898.0,2100.5,3180.5,15330.5
52,CZT - authority,15.5,15.678650777620684,1788.5,196,31,1865.9999999999998,2098.5,3338.5,17288.5
52,CZT - channel,12.5,15.809937386386588,1866.5,196,25,1928.9999999999998,2116.5,3116.5,14366.5
52,CZT - friction,52.5,0.3383154918198344,194.0,196,105,456.50000000000006,1244.0,5444.0,52694.0
52,CZT - human challenge,13.0,10.962431831953142,1388.0,196,26,1453.0000000000002,1648.0,2688.0,14388.0
52,CZT - feedback,12.5,16.35528176126035,1919.5,196,25,1981.9999999999998,2169.5,3169.5,14419.5
53,ZT baseline,93.5,0.0,111.0,209,187,578.5,1981.0,9461.0,93611.0
53,Awareness training,88.0,0.0,111.0,209,176,551.0,1870.9999999999998,8911.0,88111.0
53,Uniform callback,31.5,15.128088525087161,1593.9999999999998,209,63,1751.5,2224.0,4744.0,33094.0
53,CZT (full),17.0,12.141882673942701,1526.0000000000002,209,34,1611.0,1865.9999999999998,3226.0,18526.0
53,CZT - provenance,16.5,13.526350361275327,1651.5,209,33,1734.0,1981.5,3301.5,18151.5
53,CZT - context,16.5,16.58834823909858,1968.0,209,33,2050.5,2298.0,3618.0,18468.0
53,CZT - authority,18.5,17.134050831185892,1934.5,209,37,2027.0,2304.5,3784.5,20434.5
53,CZT - channel,17.5,17.639331009044515,2059.5,209,35,2147.0,2409.5,3809.5,19559.5
53,CZT - friction,53.5,0.37896013339396695,223.49999999999997,209,107,491.0,1293.5,5573.5,53723.5
53,CZT - human challenge,17.0,12.141882673942701,1526.0000000000002,209,34,1611.0,1865.9999999999998,3226.0,18526.0
53,CZT - feedback,16.0,16.52266181597696,1955.0,209,32,2034.9999999999998,2275.0,3555.0,17955.0
54,ZT baseline,98.5,0.0,81.0,212,197,573.5,2051.0,9931.0,98581.0
54,Awareness training,92.5,0.0,81.0,212,185,543.5,1931.0,9331.0,92581.0
54,Uniform callback,29.5,15.039417828987265,1555.0,212,59,1702.5000000000002,2145.0,4505.0,31055.0
54,CZT (full),16.5,12.825955124317767,1559.5,212,33,1642.0000000000002,1889.5,3209.5,18059.5
54,CZT - provenance,17.0,14.296543359611885,1689.5,212,34,1774.5,2029.5,3389.4999999999995,18689.5
54,CZT - context,18.5,17.91489791793006,2065.0,212,37,2157.5,2435.0,3915.0,20565.000000000004
54,CZT - authority,21.0,17.96543359611886,2001.0,212,42,2106.0,2421.0,4101.0,23001.0
54,CZT - channel,17.5,18.511218920557916,2115.5,212,35,2203.0,2465.5,3865.5,19615.5
54,CZT - friction,57.5,0.29816050131392763,168.5,212,115,456.0,1318.5,5918.5,57668.5
54,CZT - human challenge,16.5,12.825955124317767,1559.5,212,33,1642.0000000000002,1889.5,3209.5,18059.5
54,CZT - feedback,16.0,16.47463108954922,1918.0,212,32,1998.0,2238.0,3518.0,17918.0
55,ZT baseline,84.49999999999999,0.0,92.5,189,169,515.0,1782.5,8542.5,84592.50000000001
55,Awareness training,79.00000000000001,0.0,92.5,189,158,487.5,1672.5,7992.5,79092.5
55,Uniform callback,23.0,15.208722426934532,1588.0,189,46,1703.0,2048.0,3888.0,24588.0
55,CZT (full),10.0,11.01913078592701,1401.5,189,20,1451.5,1601.4999999999998,2401.5,11401.5
55,CZT - provenance,11.0,12.841350764726666,1563.0,189,22,1618.0,1782.9999999999998,2663.0,12563.0
55,CZT - context,10.5,14.82004946746757,1778.5,189,21,1831.0000000000002,1988.5,2828.5,12278.500000000002
55,CZT - authority,13.0,15.996163747413053,1820.5,189,26,1885.5,2080.5,3120.5,14820.5
55,CZT - channel,9.5,14.698904648932412,1762.0,189,19,1809.5,1952.0000000000002,2712.0,11262.0
55,CZT - friction,45.5,0.3987683610115592,211.0,189,91,438.5,1121.0,4761.0,45711.00000000001
55,CZT - human challenge,10.0,11.01913078592701,1401.5,189,20,1451.5,1601.4999999999998,2401.5,11401.5
55,CZT - feedback,10.0,16.09207006208672,1898.0,189,20,1948.0,2098.0,2898.0,11898.0
56,ZT baseline,101.0,0.0,97.5,222,202,602.5,2117.5,10197.5,101097.5
56,Awareness training,95.99999999999999,0.0,97.5,222,192,577.5,2017.5000000000002,9697.5,96097.5
56,Uniform callback,30.500000000000004,15.335220952573566,1599.5,222,61,1752.0,2209.5,4649.5,32099.5
56,CZT (full),16.0,11.7908787541713,1489.0,222,32,1569.0000000000002,1809.0,3089.0,17489.0
56,CZT - provenance,16.5,13.535241177065426,1647.0000000000002,222,33,1729.5,1976.9999999999998,3297.0,18147.0
56,CZT - context,16.5,15.759935281626051,1881.0,222,33,1963.5,2211.0,3531.0000000000005,18381.0
56,CZT - authority,19.5,16.95823642430984,1917.5,222,39,2015.0000000000002,2307.5,3867.5,21417.5
56,CZT - channel,16.5,16.432399635959147,1941.0,222,33,2023.5,2271.0,3590.9999999999995,18441.0
56,CZT - friction,57.0,0.3842653453331985,211.0,222,114,496.0,1351.0,5911.0,57211.0
56,CZT - human challenge,16.0,11.7908787541713,1489.0,222,32,1569.0000000000002,1809.0,3089.0,17489.0
56,CZT - feedback,16.0,16.6498129234503,1964.5000000000002,222,32,2044.5,2284.5,3564.5,17964.5
57,ZT baseline,106.5,0.0,110.0,234,213,642.5,2240.0,10760.0,106610.0
57,Awareness training,98.5,0.0,110.0,234,197,602.5,2080.0,9960.0,98610.0
57,Uniform callback,34.5,14.884144490539311,1563.5,234,69,1736.0,2253.5,5013.5,36063.5
57,CZT (full),20.5,12.177476474754629,1535.0,234,41,1637.5,1945.0,3585.0,22035.0
57,CZT - provenance,20.5,12.976828898107861,1596.0,234,41,1698.5,2006.0,3646.0,22096.0
57,CZT - context,20.0,16.199534554285137,1933.0,234,40,2033.0,2333.0,3933.0,21932.999999999996
57,CZT - authority,27.5,16.589092380856016,1889.5,234,55,2027.0,2439.5,4639.5,29389.5
57,CZT - channel,21.5,17.934837599919053,2092.5,234,43,2200.0,2522.4999999999995,4242.5,23592.5
57,CZT - friction,66.5,0.36426186380653647,217.49999999999997,234,133,550.0,1547.5,6867.5,66717.5
57,CZT - human challenge,20.5,12.177476474754629,1535.0,234,41,1637.5,1945.0,3585.0,22035.0
57,CZT - feedback,19.5,16.07811393301629,1913.9999999999998,234,39,2011.5,2304.0,3864.0,21414.0
58,ZT baseline,88.0,0.0,90.50000000000001,203,176,530.5,1850.5,8890.5,88090.49999999999
58,Awareness training,83.5,0.0,90.50000000000001,203,167,508.0,1760.5000000000002,8440.5,83590.5
58,Uniform callback,27.5,15.067939586806082,1571.0,203,55,1708.5,2121.0,4321.0,29070.999999999996
58,CZT (full),14.0,11.143102490276306,1409.0,203,28,1479.0,1689.0,2809.0,15409.0
58,CZT - provenance,14.499999999999998,12.325099762590291,1509.5,203,29,1582.0,1799.5,2959.5,16009.500000000002
58,CZT - context,13.5,14.26478759407991,1724.0,203,27,1791.5,1994.0,3074.0,15224.0
58,CZT - authority,16.5,14.07283931908875,1623.5,203,33,1706.0,1953.5,3273.4999999999995,18123.5
58,CZT - channel,14.499999999999998,15.648835682174067,1847.0,203,29,1919.5,2137.0,3297.0,16347.0
58,CZT - friction,50.0,0.38389654998232053,204.00000000000003,203,100,454.00000000000006,1204.0,5204.0,50204.00000000001
58,CZT - human challenge,14.0,11.143102490276306,1409.0,203,28,1479.0,1689.0,2809.0,15409.0
58,CZT - feedback,13.5,17.118755366974796,1995.5,203,27,2063.0,2265.5,3345.5,15495.5
59,ZT baseline,92.5,0.0,106.5,206,185,569.0,1956.5,9356.5,92606.5
59,Awareness training,87.0,0.0,106.5,206,174,541.5,1846.5,8806.5,87106.5
59,Uniform callback,27.0,14.888350005052036,1566.5000000000002,206,54,1701.5,2106.5,4266.5,28566.5
59,CZT (full),11.5,11.548954228554107,1457.5,206,23,1515.0,1687.5,2607.5,12957.5
59,CZT - provenance,12.5,13.27169849449328,1612.0,206,25,1674.4999999999998,1862.0,2862.0,14112.0
59,CZT - context,13.0,15.231888451045773,1824.5,206,26,1889.5,2084.5,3124.5,14824.5
59,CZT - authority,16.5,15.979589774679196,1819.5,206,33,1902.0,2149.5,3469.5,18319.5
59,CZT - channel,13.5,16.267555824997473,1927.5,206,27,1995.0,2197.5,3277.5,15427.5
59,CZT - friction,55.0,0.32333030211175107,202.5,206,110,477.5,1302.5,5702.5,55202.5
59,CZT - human challenge,11.5,11.548954228554107,1457.5,206,23,1515.0,1687.5,2607.5,12957.5
59,CZT - feedback,11.5,16.21703546529251,1914.5,206,23,1971.9999999999998,2144.5,3064.5,13414.5
60,ZT baseline,101.0,0.0,100.5,220,202,605.5,2120.5,10200.499999999998,101100.5
60,Awareness training,95.5,0.0,100.5,220,191,578.0,2010.5,9650.5,95600.5
60,Uniform callback,28.5,15.06066734074823,1573.0,220,57,1715.5,2143.0,4423.0,30073.0
60,CZT (full),19.0,11.784630940343781,1482.9999999999998,220,38,1578.0,1863.0,3383.0,20482.999999999996
60,CZT - provenance,19.0,13.584428715874623,1643.0,220,38,1738.0,2023.0,3543.0,20642.999999999996
60,CZT - context,20.0,16.23356926188069,1921.0,220,40,2021.0,2321.0,3921.0,21921.0
60,CZT - authority,22.0,16.764408493427705,1886.0,220,44,1996.0,2326.0,4086.0,23886.0
60,CZT - channel,19.0,17.113245702730033,2001.0,220,38,2096.0,2381.0,3901.0,21001.0
60,CZT - friction,57.5,0.3690596562184024,209.5,220,115,497.0,1359.4999999999998,5959.5,57709.5
60,CZT - human challenge,19.0,11.784630940343781,1482.9999999999998,220,38,1578.0,1863.0,3383.0,20482.999999999996
60,CZT - feedback,17.5,16.299292214357937,1921.0,220,35,2008.5,2271.0,3671.0,19421.0
61,ZT baseline,78.5,0.0,105.0,175,157,497.5,1675.0,7955.0,78605.0
61,Awareness training,74.0,0.0,105.0,175,148,475.0,1585.0,7504.999999999999,74105.0
61,Uniform callback,21.0,14.794451450189156,1555.5,175,42,1660.5,1975.5,3655.5,22555.5
61,CZT (full),14.0,12.348045397225725,1558.4999999999998,175,28,1628.5,1838.5000000000002,2958.5,15558.5
61,CZT - provenance,13.5,13.972257250945773,1703.5,175,27,1771.0,1973.5,3053.5,15203.5
61,CZT - context,14.499999999999998,16.615384615384617,1986.0,175,29,2058.5,2276.0,3436.0,16486.0
61,CZT - authority,16.5,17.5031525851198,1990.5,175,33,2073.0,2320.5,3640.5,18490.5
61,CZT - channel,14.499999999999998,17.099621689785625,2023.5,175,29,2096.0,2313.5,3473.5,16523.5
61,CZT - friction,45.5,0.3833543505674653,219.0,175,91,446.5,1129.0,4769.0,45719.0
61,CZT - human challenge,14.0,12.348045397225725,1558.4999999999998,175,28,1628.5,1838.5000000000002,2958.5,15558.5
61,CZT - feedback,13.0,16.49936948297604,1965.0,175,26,2030.0000000000002,2225.0,3265.0,14965.0
62,ZT baseline,96.5,0.0,98.0,220,193,580.5,2028.0,9748.0,96598.0
62,Awareness training,91.5,0.0,98.0,220,183,555.5,1928.0,9248.0,91598.0
62,Uniform callback,26.5,15.06066734074823,1575.5,220,53,1708.0,2105.5,4225.5,28075.5
62,CZT (full),17.0,11.076845298281093,1393.5,220,34,1478.5,1733.5,3093.5,18393.5
62,CZT - provenance,17.0,12.74519716885743,1548.0,220,34,1633.0,1888.0,3248.0,18548.0
62,CZT - context,17.5,15.465116279069768,1830.5,220,35,1918.0,2180.5,3580.5,19330.5
62,CZT - authority,19.5,15.121334681496462,1719.9999999999998,220,39,1817.5,2110.0,3670.0,21220.0
62,CZT - channel,17.5,16.08190091001011,1887.0,220,35,1974.4999999999998,2237.0,3637.0000000000005,19387.0
62,CZT - friction,56.49999999999999,0.3235591506572295,194.0,220,113,476.5,1324.0,5844.0,56694.00000000001
62,CZT - human challenge,17.0,11.076845298281093,1393.5,220,34,1478.5,1733.5,3093.5,18393.5
62,CZT - feedback,17.0,16.34984833164813,1911.4999999999998,220,34,1996.5,2251.5,3611.5000000000005,18911.5
63,ZT baseline,98.5,0.0,95.99999999999999,217,197,588.5,2066.0,9946.0,98596.0
63,Awareness training,94.5,0.0,95.99999999999999,217,189,568.5,1986.0,9546.0,94596.0
63,Uniform callback,28.999999999999996,15.15442551685791,1579.0000000000002,217,58,1724.0,2159.0,4479.0,30579.0
63,CZT (full),14.499999999999998,11.348127179901937,1451.5,217,29,1524.0,1741.5,2901.5,15951.5
63,CZT - provenance,15.0,13.03644543294748,1602.0,217,30,1676.9999999999998,1902.0,3101.9999999999995,16602.0
63,CZT - context,14.499999999999998,14.603447404337059,1773.0000000000002,217,29,1845.5,2063.0,3222.9999999999995,16273.0
63,CZT - authority,17.5,16.028913713794672,1833.0,217,35,1920.5,2183.0,3583.0,19333.0
63,CZT - channel,15.0,15.670019713895769,1863.0,217,30,1938.0,2163.0,3363.0,16863.0
63,CZT - friction,53.5,0.4043876055198908,215.5,217,107,483.0,1285.5,5565.5,53715.5
63,CZT - human challenge,15.0,11.474498306626902,1464.0,217,30,1539.0,1764.0,2964.0,16464.0
63,CZT - feedback,13.5,16.306930192589597,1933.9999999999998,217,27,2001.5,2204.0,3284.0000000000005,15434.000000000002
64,ZT baseline,92.99999999999999,0.0,99.5,208,186,564.5,1959.5000000000002,9399.5,93099.5
64,Awareness training,85.5,0.0,99.5,208,171,527.0,1809.5,8649.5,85599.5
64,Uniform callback,28.0,14.980800323362974,1568.5,208,56,1708.5,2128.5,4368.5,29568.500000000004
64,CZT (full),8.0,11.21160064672595,1430.5,208,16,1470.4999999999998,1590.5,2230.5,9430.5
64,CZT - provenance,8.0,12.959781729991915,1579.0000000000002,208,16,1618.9999999999998,1739.0,2379.0,9579.0
64,CZT - context,8.5,14.596806790622473,1768.0000000000002,208,17,1810.5,1938.0,2617.9999999999995,10268.0
64,CZT - authority,14.0,14.88480194017785,1718.0,208,28,1787.9999999999998,1998.0,3118.0,15718.0
64,CZT - channel,8.0,15.011115602263542,1794.0,208,16,1834.0,1954.0,2594.0,9794.0
64,CZT - friction,47.5,0.4143088116410671,222.0,208,95,459.5,1172.0,4972.0,47722.0
64,CZT - human challenge,8.0,11.21160064672595,1430.5,208,16,1470.4999999999998,1590.5,2230.5,9430.5
64,CZT - feedback,8.0,16.461196443007275,1941.5,208,16,1981.5,2101.5,2741.5,9941.5
65,ZT baseline,85.0,0.0,90.0,183,170,515.0,1790.0,8590.0,85090.0
65,Awareness training,82.0,0.0,90.0,183,164,500.0,1729.9999999999998,8290.0,82090.0
65,Uniform callback,25.500000000000004,15.451380128172781,1603.5,183,51,1731.0,2113.5,4153.5,27103.5
65,CZT (full),13.0,11.823182116364737,1490.4999999999998,183,26,1555.5,1750.5,2790.5,14490.5
65,CZT - provenance,14.0,13.7104506232023,1660.0,183,28,1729.9999999999998,1940.0,3060.0,15660.0
65,CZT - context,13.5,16.707877075238432,1979.4999999999998,183,27,2047.0,2249.5,3329.5000000000005,15479.5
65,CZT - authority,17.5,16.874400767018216,1903.0,183,35,1990.5,2253.0,3653.0,19403.0
65,CZT - channel,13.5,17.025785941363473,1999.0,183,27,2066.5,2269.0,3348.9999999999995,15499.0
65,CZT - friction,44.0,0.4188323156885503,213.5,183,88,433.5,1093.5,4613.5,44213.5
65,CZT - human challenge,13.0,11.823182116364737,1490.4999999999998,183,26,1555.5,1750.5,2790.5,14490.5
65,CZT - feedback,13.0,16.2234445173336,1925.0,183,26,1990.0,2185.0,3225.0,14925.0
66,ZT baseline,87.0,0.0,94.0,194,174,529.0,1834.0,8794.0,87094.0
66,Awareness training,82.0,0.0,94.0,194,164,504.0,1734.0,8294.0,82094.0
66,Uniform callback,27.5,14.904574371402605,1553.0,194,55,1690.5,2103.0,4303.0,29053.0
66,CZT (full),16.0,12.228617590629103,1510.0,194,32,1590.0,1830.0,3110.0,17510.0
66,CZT - provenance,16.0,14.031101686357669,1674.4999999999998,194,32,1754.5,1994.4999999999998,3274.5,17674.5
66,CZT - context,16.5,16.691911541956983,1952.5,194,33,2034.9999999999998,2282.5,3602.5,18452.5
66,CZT - authority,18.5,17.580531152176107,1962.5,194,37,2055.0,2332.5,3812.5,20462.5
66,CZT - channel,16.5,17.343229324447137,2012.5000000000002,194,33,2095.0,2342.5,3662.5,18512.5
66,CZT - friction,52.5,0.36857517923861455,202.5,194,105,465.0,1252.5,5452.5,52702.5
66,CZT - human challenge,16.0,12.228617590629103,1510.0,194,32,1590.0,1830.0,3110.0,17510.0
66,CZT - feedback,16.0,16.20216096132485,1900.5,194,32,1980.5,2220.5,3500.4999999999995,17900.5
67,ZT baseline,99.00000000000001,0.0,90.50000000000001,213,198,585.5,2070.5,9990.5,99090.5
67,Awareness training,91.5,0.0,90.50000000000001,213,183,548.0,1920.5,9240.5,91590.5
67,Uniform callback,33.0,15.115985242836205,1574.0000000000002,213,66,1739.0,2234.0,4874.0,34574.0
67,CZT (full),14.0,11.81078485874564,1480.4999999999998,213,28,1550.5,1760.5000000000002,2880.4999999999995,15480.5
67,CZT - provenance,14.499999999999998,13.458331227573659,1627.5,213,29,1700.0000000000002,1917.5,3077.5000000000005,16127.499999999998
67,CZT - context,14.499999999999998,16.71804720270885,1967.5,213,29,2039.9999999999998,2257.5,3417.5,16467.5
67,CZT - authority,17.0,15.86900490220852,1811.0,213,34,1896.0,2151.0,3511.0000000000005,18811.0
67,CZT - channel,14.499999999999998,17.208268054783442,1997.0,213,29,2069.5,2287.0,3447.0,16497.0
67,CZT - friction,58.5,0.39925203416384497,208.0,213,117,500.5,1378.0,6058.0,58708.0
67,CZT - human challenge,14.0,11.81078485874564,1480.4999999999998,213,28,1550.5,1760.5000000000002,2880.4999999999995,15480.5
67,CZT - feedback,14.0,16.505786627583767,1941.5,213,28,2011.5,2221.5,3341.5,15941.5
68,ZT baseline,86.0,0.0,99.00000000000001,198,172,529.0,1819.0,8699.0,86099.0
68,Awareness training,74.5,0.0,99.00000000000001,198,149,471.5,1589.0000000000002,7549.0,74599.0
68,Uniform callback,21.0,14.796485203514798,1550.0,198,42,1655.0,1970.0,3650.0,22550.0
68,CZT (full),11.0,11.054438945561055,1406.5,198,22,1461.5,1626.5,2506.5,12406.5
68,CZT - provenance,11.0,12.463387536612464,1528.0,198,22,1583.0,1748.0,2628.0,12528.0
68,CZT - context,11.0,14.417735582264418,1737.0,198,22,1792.0,1957.0000000000002,2837.0,12737.0
68,CZT - authority,13.5,14.816685183314817,1694.0,198,27,1761.5,1964.0,3044.0,15194.0
68,CZT - channel,11.999999999999998,16.72053327946672,1967.5,198,24,2027.5000000000002,2207.5,3167.4999999999995,13967.5
68,CZT - friction,48.5,0.35349964650035354,203.5,198,97,446.0,1173.5,5053.5,48703.5
68,CZT - human challenge,11.0,11.054438945561055,1406.5,198,22,1461.5,1626.5,2506.5,12406.5
68,CZT - feedback,10.0,16.346833653166346,1926.4999999999998,198,20,1976.5,2126.5,2926.5,11926.5
69,ZT baseline,103.5,0.0,89.5,230,207,607.0,2159.5,10439.5,103589.5
69,Awareness training,93.5,0.0,89.5,230,187,557.0,1959.5000000000002,9439.5,93589.5
69,Uniform callback,30.0,14.911482043500252,1548.4999999999998,230,60,1698.5,2148.5,4548.5,31548.5
69,CZT (full),15.0,11.219018715225088,1394.5,230,30,1469.5,1694.5,2894.5,16394.5
69,CZT - provenance,15.5,12.964087000505817,1555.9999999999998,230,31,1633.5,1865.9999999999998,3106.0,17056.0
69,CZT - context,16.0,16.034395548811332,1873.0,230,32,1953.0,2193.0,3473.0,17873.0
69,CZT - authority,18.0,16.48963075366717,1850.5,230,36,1940.5,2210.5,3650.5,19850.5
69,CZT - channel,15.5,16.666666666666664,1930.5,230,31,2008.0,2240.5,3480.5000000000005,17430.5
69,CZT - friction,60.5,0.2680829539706626,168.5,230,121,471.00000000000006,1378.5,6218.5,60668.49999999999
69,CZT - human challenge,15.0,11.219018715225088,1394.5,230,30,1469.5,1694.5,2894.5,16394.5
69,CZT - feedback,15.0,16.479514415781487,1911.0,230,30,1986.0,2211.0,3411.0,16911.0
70,ZT baseline,80.5,0.0,102.00000000000001,178,161,504.5,1712.0,8152.0,80602.0
70,Awareness training,76.0,0.0,102.00000000000001,178,152,482.0,1622.0,7702.0,76102.0
70,Uniform callback,27.5,15.15992331752598,1585.5,178,55,1723.0,2135.5,4335.5,29085.5
70,CZT (full),13.0,12.869538896175966,1609.5,178,26,1674.4999999999998,1869.5,2909.5,14609.5
70,CZT - provenance,13.5,15.735041872666732,1866.5,178,27,1933.9999999999998,2136.5,3216.5,15366.5
70,CZT - context,14.499999999999998,17.737867016446373,2093.0,178,29,2165.5,2383.0,3543.0,16593.0
70,CZT - authority,16.5,17.41499344163051,1974.0,178,33,2056.5,2304.0,3624.0,18474.0
70,CZT - channel,14.499999999999998,18.358389668045604,2147.0,178,29,2219.5,2437.0,3597.0,16647.0
70,CZT - friction,51.00000000000001,0.4590858641913026,238.00000000000003,178,102,492.99999999999994,1258.0,5338.000000000001,51238.0
70,CZT - human challenge,13.0,12.869538896175966,1609.5,178,26,1674.4999999999998,1869.5,2909.5,14609.5
70,CZT - feedback,12.5,16.653213601049337,1981.0,178,25,2043.5,2231.0,3231.0,14481.0
71,ZT baseline,96.5,0.0,103.0,209,193,585.5,2033.0,9753.0,96603.0
71,Awareness training,90.50000000000001,0.0,103.0,209,181,555.5,1913.0,9153.0,90603.0
71,Uniform callback,25.500000000000004,14.739022788136023,1547.0,209,51,1674.4999999999998,2057.0,4097.0,27047.0
71,CZT (full),13.0,11.32838158759032,1433.0,209,26,1498.0,1693.0,2733.0,14433.0
71,CZT - provenance,13.0,13.056439795866808,1588.0,209,26,1653.0,1848.0,2888.0,14588.000000000002
71,CZT - context,13.5,16.355919357283614,1926.0,209,27,1993.5,2196.0,3276.0,15426.0
71,CZT - authority,13.5,15.587893486938507,1770.0,209,27,1837.5,2039.9999999999998,3120.0,15270.0
71,CZT - channel,13.5,16.684351472891716,1964.0,209,27,2031.5,2234.0,3313.9999999999995,15464.0
71,CZT - friction,51.00000000000001,0.36380172805820826,210.5,209,102,465.5,1230.5,5310.5,51210.5
71,CZT - human challenge,13.0,11.32838158759032,1433.0,209,26,1498.0,1693.0,2733.0,14433.0
71,CZT - feedback,13.0,15.886008791875096,1880.5,209,26,1945.5,2140.5,3180.5,14880.500000000002
72,ZT baseline,97.0,0.0,98.0,225,194,583.0,2038.0,9798.0,97098.0
72,Awareness training,89.5,0.0,98.0,225,179,545.5,1888.0,9048.0,89598.0
72,Uniform callback,28.0,15.104930467762326,1578.0,225,56,1718.0,2138.0,4378.0,29578.000000000004
72,CZT (full),11.0,11.888748419721871,1498.0,225,22,1553.0,1718.0,2597.9999999999995,12498.0
72,CZT - provenance,11.5,13.694058154235144,1661.0,225,23,1718.5,1891.0,2811.0,13161.0
72,CZT - context,11.0,15.20101137800253,1827.5,225,22,1882.5,2047.4999999999998,2927.5,12827.5
72,CZT - authority,15.0,16.713021491782555,1891.0,225,30,1966.0,2191.0,3391.0,16891.0
72,CZT - channel,11.0,15.742098609355246,1870.9999999999998,225,22,1926.0,2091.0,2970.9999999999995,12871.0
72,CZT - friction,47.99999999999999,0.404551201011378,217.0,225,96,457.0,1177.0,5017.0,48217.0
72,CZT - human challenge,11.0,11.888748419721871,1498.0,225,22,1553.0,1718.0,2597.9999999999995,12498.0
72,CZT - feedback,8.5,16.38938053097345,1940.5,225,17,1983.0,2110.5,2790.5,10440.5
73,ZT baseline,72.5,0.0,81.0,163,145,443.5,1531.0000000000002,7331.0,72581.0
73,Awareness training,67.5,0.0,81.0,163,135,418.5,1431.0,6831.0,67581.0
73,Uniform callback,20.5,15.380349851287997,1593.5,163,41,1696.0,2003.5,3643.5,22093.5
73,CZT (full),11.0,12.426274134193678,1552.5,163,22,1607.5,1772.5,2652.5,12552.5
73,CZT - provenance,11.0,14.725008821898472,1752.5,163,22,1807.5,1972.5,2852.5,12752.5
73,CZT - context,11.999999999999998,17.361496193980944,2043.0,163,24,2103.0,2283.0,3242.9999999999995,14043.000000000002
73,CZT - authority,13.0,16.701114079749964,1885.0,163,26,1950.0,2145.0,3185.0,14885.0
73,CZT - channel,11.0,17.104400867066595,2003.5,163,22,2058.5,2223.5,3103.5,13003.499999999998
73,CZT - friction,41.5,0.45369763573120936,214.5,163,83,422.0,1044.5,4364.5,41714.5
73,CZT - human challenge,11.0,12.426274134193678,1552.5,163,22,1607.5,1772.5,2652.5,12552.5
73,CZT - feedback,10.5,16.35327922568937,1938.0,163,21,1990.5,2148.0,2988.0,12438.0
74,ZT baseline,95.0,0.0,93.5,210,190,568.5,1993.5,9593.5,95093.5
74,Awareness training,89.5,0.0,93.5,210,179,541.0,1883.5,9043.5,89593.5
74,Uniform callback,28.999999999999996,15.159171298635673,1581.0,210,58,1726.0,2161.0,4481.0,30581.0
74,CZT (full),14.499999999999998,11.071248105103587,1399.0,210,29,1471.5,1689.0,2849.0,15899.0
74,CZT - provenance,15.0,12.57200606366852,1525.0,210,30,1600.0,1825.0,3025.0,16525.0
74,CZT - context,14.499999999999998,14.15866599292572,1704.5,210,29,1777.0,1994.4999999999998,3154.5,16204.5
74,CZT - authority,17.5,14.51743304699343,1668.0,210,35,1755.5000000000002,2018.0,3418.0,19168.0
74,CZT - channel,14.499999999999998,14.93178372915614,1777.5,210,29,1850.0,2067.5,3227.5,16277.5
74,CZT - friction,56.0,0.3436078827690753,195.5,210,112,475.5,1315.5,5795.5,56195.5
74,CZT - human challenge,15.0,11.071248105103587,1399.0,210,30,1474.0,1699.0,2899.0,16399.0
74,CZT - feedback,14.499999999999998,16.255684689236986,1904.0000000000002,210,29,1976.5,2194.0,3353.9999999999995,16404.0
75,ZT baseline,94.0,0.0,93.5,200,188,563.5,1973.5,9493.5,94093.5
75,Awareness training,91.0,0.0,93.5,200,182,548.5,1913.5,9193.5,91093.49999999999
75,Uniform callback,33.5,15.0,1562.5,200,67,1729.9999999999998,2232.5,4912.5,35062.5
75,CZT (full),16.0,11.863636363636363,1476.0,200,32,1555.9999999999998,1796.0,3076.0,17476.0
75,CZT - provenance,16.0,13.65151515151515,1640.0,200,32,1719.9999999999998,1960.0,3240.0,17640.0
75,CZT - context,17.0,16.757575757575758,1962.0000000000002,200,34,2047.0,2302.0,3662.0000000000005,18962.0
75,CZT - authority,20.5,17.6010101010101,1961.0,200,41,2063.5,2371.0,4011.0,22461.000000000004
75,CZT - channel,16.0,17.681818181818183,2042.4999999999998,200,32,2122.5,2362.5,3642.5,18042.5
75,CZT - friction,54.0,0.33333333333333337,192.5,200,108,462.5,1272.5,5592.5,54192.5
75,CZT - human challenge,16.0,11.863636363636363,1476.0,200,32,1555.9999999999998,1796.0,3076.0,17476.0
75,CZT - feedback,15.0,16.803030303030305,1956.5,200,30,2031.5,2256.5,3456.5,16956.5
76,ZT baseline,86.0,0.0,89.5,186,172,519.5,1809.5,8689.5,86089.5
76,Awareness training,81.49999999999999,0.0,89.5,186,163,497.0,1719.5,8239.5,81589.50000000001
76,Uniform callback,28.5,15.413344100131221,1604.5,186,57,1747.0,2174.5,4454.5,30104.5
76,CZT (full),10.5,11.03260320985162,1391.0,186,21,1443.5,1601.0,2441.0,11891.0
76,CZT - provenance,11.0,12.854547289795097,1553.0,186,22,1608.0,1773.0000000000002,2653.0,12553.0
76,CZT - context,11.0,14.676491369738567,1757.0,186,22,1812.0,1976.9999999999998,2857.0,12757.0
76,CZT - authority,14.499999999999998,15.978600989199556,1816.0000000000002,186,29,1888.5,2106.0,3266.0,16316.0
76,CZT - channel,10.5,15.10548097304936,1786.0,186,21,1838.5000000000002,1996.0,2836.0,12286.0
76,CZT - friction,51.00000000000001,0.36337942868678713,197.0,186,102,451.99999999999994,1217.0,5296.999999999999,51197.0
76,CZT - human challenge,10.5,11.03260320985162,1391.0,186,21,1443.5,1601.0,2441.0,11891.0
76,CZT - feedback,10.5,16.70535984657313,1948.5,186,21,2001.0,2158.5,2998.5,12448.5
77,ZT baseline,89.5,0.0,101.0,201,179,548.5,1891.0,9051.0,89601.0
77,Awareness training,85.0,0.0,101.0,201,170,526.0,1801.0,8601.0,85101.0
77,Uniform callback,27.0,14.970453053184505,1568.5,201,54,1703.5,2108.5,4268.5,28568.5
77,CZT (full),12.5,11.424819435325016,1447.0,201,25,1509.5,1697.0,2697.0,13947.0
77,CZT - provenance,12.5,13.096621041466742,1585.5,201,25,1648.0,1835.5,2835.5000000000005,14085.5
77,CZT - context,13.0,15.743219354512854,1871.5,201,26,1936.5,2131.5,3171.5,14871.5
77,CZT - authority,17.5,16.74326986211425,1898.5,201,35,1986.0,2248.5,3648.5,19398.5
77,CZT - channel,11.999999999999998,16.233143088034748,1915.0,201,24,1975.0,2155.0,3115.0,13915.0
77,CZT - friction,41.5,0.36365473003687054,208.5,201,83,416.0,1038.5,4358.5,41708.5
77,CZT - human challenge,12.5,11.424819435325016,1447.0,201,25,1509.5,1697.0,2697.0,13947.0
77,CZT - feedback,12.5,16.298802969846964,1923.0,201,25,1985.5,2173.0,3173.0000000000005,14423.0
78,ZT baseline,85.0,0.0,91.5,191,170,516.5,1791.5,8591.5,85091.5
78,Awareness training,81.0,0.0,91.5,191,162,496.5,1711.5,8191.5,81091.5
78,Uniform callback,23.999999999999996,15.099197334544904,1572.0,191,48,1692.0,2052.0,3972.0,25572.0
78,CZT (full),11.999999999999998,10.676965015901862,1363.5,191,24,1423.5,1603.5,2563.5,13363.5
78,CZT - provenance,11.999999999999998,12.176283507496592,1496.5,191,24,1556.5,1736.5,2696.5,13496.5
78,CZT - context,11.999999999999998,14.301580089858145,1722.4999999999998,191,24,1782.5,1962.5,2922.5,13722.5
78,CZT - authority,15.0,14.766015447523854,1683.5,191,30,1758.5,1983.5,3183.5,16683.5
78,CZT - channel,11.999999999999998,14.912413549396739,1779.5,191,24,1839.5,2019.5,2979.5,13779.5
78,CZT - friction,44.5,0.3685193598869201,200.0,191,89,422.5,1090.0,4650.0,44700.0
78,CZT - human challenge,12.5,10.676965015901862,1363.5,191,25,1426.0,1613.5,2613.5000000000005,13863.5
78,CZT - feedback,11.5,16.48745519713262,1934.5,191,23,1991.9999999999998,2164.5,3084.5,13434.5
79,ZT baseline,95.5,0.0,89.5,210,191,567.0,1999.5,9639.5,95589.5
79,Awareness training,91.0,0.0,89.5,210,182,544.5,1909.5,9189.5,91089.5
79,Uniform callback,29.5,14.78524507326933,1537.5,210,59,1685.0,2127.5,4487.5,31037.499999999996
79,CZT (full),17.5,12.895401718039414,1581.0,210,35,1668.5,1931.0,3331.0,19081.0
79,CZT - provenance,18.5,14.300151591712988,1705.5,210,37,1797.9999999999998,2075.5,3555.4999999999995,20205.5
79,CZT - context,18.0,17.54421424962102,2043.5,210,36,2133.5,2403.5,3843.5000000000005,20043.5
79,CZT - authority,20.0,16.96311268317332,1897.5,210,40,1997.5,2297.5,3897.5,21897.5
79,CZT - channel,17.5,17.609903991915107,2041.5,210,35,2129.0,2391.5,3791.5,19541.5
79,CZT - friction,56.49999999999999,0.35371399696816574,194.0,210,113,476.5,1324.0,5844.0,56694.00000000001
79,CZT - human challenge,17.5,12.895401718039414,1581.0,210,35,1668.5,1931.0,3331.0,19081.0
79,CZT - feedback,17.5,16.376958059626073,1922.0,210,35,2009.5,2272.0,3672.0000000000005,19422.0
80,ZT baseline,95.5,0.0,86.0,208,191,563.5,1996.0,9636.0,95586.0
80,Awareness training,91.0,0.0,86.0,208,182,541.0,1906.0,9186.0,91085.99999999999
80,Uniform callback,29.5,15.35468876313662,1588.5,208,59,1736.0,2178.5,4538.5,31088.5
80,CZT (full),16.0,11.969482619240097,1500.5,208,32,1580.5,1820.5,3100.5,17500.5
80,CZT - provenance,16.0,13.449878738884397,1631.5,208,32,1711.5,1951.5,3231.5,17631.5
80,CZT - context,17.5,15.602263540824577,1862.5,208,35,1950.0,2212.5,3612.5,19362.5
80,CZT - authority,21.0,15.945836701697655,1818.5000000000002,208,42,1923.5,2238.5,3918.4999999999995,22818.5
80,CZT - channel,16.0,16.299514955537592,1921.4999999999998,208,32,2001.5,2241.5,3521.5,17921.5
80,CZT - friction,51.00000000000001,0.39409862570735654,202.5,208,102,457.5,1222.5,5302.5,51202.50000000001
80,CZT - human challenge,16.0,11.969482619240097,1500.5,208,32,1580.5,1820.5,3100.5,17500.5
80,CZT - feedback,14.499999999999998,17.15844785772029,2009.0,208,29,2081.5,2299.0,3459.0,16509.0
81,ZT baseline,89.5,0.0,102.00000000000001,201,179,549.5,1892.0,9052.0,89602.0
81,Awareness training,87.0,0.0,102.00000000000001,201,174,537.0,1842.0,8802.0,87102.0
81,Uniform callback,28.0,15.278549421687964,1598.5,201,56,1738.5,2158.5,4398.5,29598.5
81,CZT (full),18.5,11.197535229051972,1429.5,201,37,1522.0,1799.5,3279.5,19929.5
81,CZT - provenance,19.0,12.940047477145312,1586.5000000000002,201,38,1681.5,1966.5,3486.5,20586.5
81,CZT - context,18.5,16.091721804131524,1910.5,201,37,2003.0,2280.5,3760.5,20410.499999999996
81,CZT - authority,21.0,16.74326986211425,1899.5,201,42,2004.5,2319.5,3999.5000000000005,22899.5
81,CZT - channel,19.5,16.798828223647657,1976.0,201,39,2073.5,2366.0,3926.0,21476.0
81,CZT - friction,55.0,0.38890853073387543,216.5,201,110,491.5,1316.5,5716.5,55216.5
81,CZT - human challenge,18.5,11.197535229051972,1429.5,201,37,1522.0,1799.5,3279.5,19929.5
81,CZT - feedback,18.0,16.111924844689128,1913.0,201,36,2003.0,2273.0,3713.0,19913.0
82,ZT baseline,92.5,0.0,108.0,208,185,570.5,1958.0,9358.0,92608.0
82,Awareness training,86.0,0.0,108.0,208,172,538.0,1828.0,8708.0,86108.0
82,Uniform callback,30.0,14.985852869846402,1576.5000000000002,208,60,1726.5,2176.5,4576.5,31576.5
82,CZT (full),15.5,11.868431689571544,1459.0,208,31,1536.5,1769.0,3009.0,16959.0
82,CZT - provenance,16.5,13.545877122069522,1613.9999999999998,208,33,1696.5,1944.0,3264.0000000000005,18114.0
82,CZT - context,17.0,16.835084882780922,1948.0,208,34,2033.0,2288.0,3648.0,18948.0
82,CZT - authority,20.0,17.118027485852867,1906.4999999999998,208,40,2006.5,2306.5,3906.5,21906.500000000004
82,CZT - channel,15.5,17.04729183508488,1970.0,208,31,2047.4999999999998,2280.0,3520.0,17470.0
82,CZT - friction,51.00000000000001,0.2627324171382377,185.99999999999997,208,102,441.0,1206.0,5286.0,51186.0
82,CZT - human challenge,15.5,11.868431689571544,1459.0,208,31,1536.5,1769.0,3009.0,16959.0
82,CZT - feedback,15.5,16.49656426839127,1910.0,208,31,1987.5,2220.0,3459.9999999999995,17410.0
83,ZT baseline,94.0,0.0,109.0,206,188,579.0,1989.0,9509.0,94109.0
83,Awareness training,86.0,0.0,109.0,206,172,539.0,1829.0,8709.0,86109.00000000001
83,Uniform callback,27.5,15.115691623724361,1590.0,206,55,1727.4999999999998,2140.0,4340.0,29089.999999999996
83,CZT (full),14.499999999999998,11.266040214206326,1453.0000000000002,206,29,1525.5,1743.0,2903.0,15953.0
83,CZT - provenance,14.499999999999998,12.892795796706071,1593.0,206,29,1665.5,1883.0,3043.0,16093.0
83,CZT - context,15.0,15.302616954632716,1853.0,206,30,1928.0,2153.0,3353.0,16853.0
83,CZT - authority,17.0,15.666363544508439,1806.5,206,34,1891.5000000000002,2146.5,3506.5,18806.5
83,CZT - channel,15.5,16.136202889764576,1917.5,206,31,1995.0,2227.5,3467.5,17417.5
83,CZT - friction,48.5,0.4496312013741538,242.5,206,97,485.0,1212.5,5092.5,48742.5
83,CZT - human challenge,14.499999999999998,11.266040214206326,1453.0000000000002,206,29,1525.5,1743.0,2903.0,15953.0
83,CZT - feedback,14.0,16.434273012023844,1960.5,206,28,2030.5,2240.5,3360.5,15960.5
84,ZT baseline,98.0,0.0,87.0,213,196,577.0,2047.0,9887.0,98087.0
84,Awareness training,92.0,0.0,87.0,213,184,547.0,1927.0,9287.0,92087.0
84,Uniform callback,32.0,15.156415828574316,1574.5,213,64,1734.5,2214.5,4774.5,33574.5
84,CZT (full),17.0,12.078637489260625,1517.0,213,34,1602.0,1857.0,3217.0,18517.0
84,CZT - provenance,17.5,13.362308586445645,1630.0,213,35,1717.5000000000002,1980.0,3380.0,19130.0
84,CZT - context,18.0,16.71804720270885,1978.0,213,36,2068.0,2338.0,3778.0000000000005,19978.0
84,CZT - authority,19.0,16.429979279324808,1854.0,213,38,1949.0,2234.0,3754.0,20854.0
84,CZT - channel,17.0,17.55698185677465,2054.5,213,34,2139.5,2394.5,3754.5,19054.5
84,CZT - friction,61.00000000000001,0.42452115025016424,212.0,213,122,517.0,1432.0,6312.0,61212.0
84,CZT - human challenge,17.0,12.078637489260625,1517.0,213,34,1602.0,1857.0,3217.0,18517.0
84,CZT - feedback,17.0,16.500732804366503,1952.5,213,34,2037.4999999999998,2292.5,3652.5,18952.5
85,ZT baseline,87.50000000000001,0.0,103.0,196,175,540.5,1853.0,8853.0,87603.00000000001
85,Awareness training,82.0,0.0,103.0,196,164,513.0,1743.0,8303.0,82103.0
85,Uniform callback,25.500000000000004,14.401131084629368,1513.5000000000002,196,51,1641.0,2023.5,4063.5,27013.5
85,CZT (full),12.5,11.134114320339325,1414.9999999999998,196,25,1477.5,1665.0,2665.0,13915.0
85,CZT - provenance,13.0,12.43183195314078,1523.0,196,26,1588.0,1782.9999999999998,2823.0,14523.0
85,CZT - context,13.0,14.603110482730761,1761.5,196,26,1826.5,2021.5,3061.5,14761.5
85,CZT - authority,15.0,14.714199151686527,1701.0,196,30,1776.0,2001.0,3201.0,16701.0
85,CZT - channel,13.0,15.461522924661686,1848.0,196,26,1913.0,2108.0,3148.0000000000005,14847.999999999998
85,CZT - friction,51.5,0.35851343162997373,209.5,196,103,467.0,1239.5,5359.5,51709.50000000001
85,CZT - human challenge,12.5,11.134114320339325,1414.9999999999998,196,25,1477.5,1665.0,2665.0,13915.0
85,CZT - feedback,11.999999999999998,16.087659058776005,1902.5,196,24,1962.5,2142.5,3102.5000000000005,13902.5
86,ZT baseline,78.0,0.0,105.0,175,156,495.0,1665.0,7905.0,78105.0
86,Awareness training,73.0,0.0,105.0,175,146,470.0,1565.0,7405.000000000001,73105.0
86,Uniform callback,22.0,15.172761664564943,1595.5,175,44,1705.5,2035.5,3795.5,23595.5
86,CZT (full),11.5,10.849936948297605,1381.0,175,23,1438.5,1611.0,2531.0,12881.0
86,CZT - provenance,11.0,12.559899117276165,1529.0,175,22,1584.0000000000002,1749.0,2629.0,12528.999999999998
86,CZT - context,11.5,14.264817150063053,1719.5,175,23,1777.0,1949.5000000000002,2869.5,13219.5
86,CZT - authority,13.0,14.063051702395965,1633.0,175,26,1698.0,1893.0,2933.0,14633.0
86,CZT - channel,10.5,15.147540983606559,1802.5,175,21,1855.0,2012.5000000000002,2852.5,12302.5
86,CZT - friction,42.0,0.3076923076923077,196.5,175,84,406.5,1036.5,4396.5,42196.5
86,CZT - human challenge,11.5,10.849936948297605,1381.0,175,23,1438.5,1611.0,2531.0,12881.0
86,CZT - feedback,11.0,16.171500630517023,1903.5,175,22,1958.5,2123.5,3003.5,12903.500000000002
87,ZT baseline,99.00000000000001,0.0,98.5,210,198,593.5,2078.5,9998.5,99098.5
87,Awareness training,92.99999999999999,0.0,98.5,210,186,563.5,1958.5,9398.5,93098.50000000001
87,Uniform callback,26.5,15.113693784739768,1580.5,210,53,1713.0,2110.5,4230.5,28080.5
87,CZT (full),11.5,10.939868620515412,1408.0,210,23,1465.5000000000002,1638.0,2558.0000000000005,12908.0
87,CZT - provenance,13.0,13.087417887822134,1602.5,210,26,1667.5,1862.5,2902.5,14602.5
87,CZT - context,13.0,15.199595755432036,1836.5,210,26,1901.5000000000002,2096.5,3136.5,14836.5
87,CZT - authority,15.0,14.790298130368873,1712.0,210,30,1787.0,2012.0,3212.0,16712.0
87,CZT - channel,12.5,15.836280949974736,1892.0,210,25,1954.5000000000002,2142.0,3142.0,14392.0
87,CZT - friction,51.00000000000001,0.35371399696816574,202.5,210,102,457.5,1222.5,5302.5,51202.50000000001
87,CZT - human challenge,11.5,10.939868620515412,1408.0,210,23,1465.5000000000002,1638.0,2558.0000000000005,12908.0
87,CZT - feedback,10.5,16.14957049014654,1918.9999999999998,210,21,1971.5,2129.0,2969.0,12419.0
88,ZT baseline,92.0,0.0,104.0,204,184,564.0,1944.0,9304.0,92104.0
88,Awareness training,87.50000000000001,0.0,104.0,204,175,541.5,1854.0,8854.0,87604.0
88,Uniform callback,22.5,14.932309557486361,1569.0000000000002,204,45,1681.5,2019.0,3819.0,24068.999999999996
88,CZT (full),11.999999999999998,11.370984037179229,1447.5,204,24,1507.5,1687.5,2647.5,13447.499999999998
88,CZT - provenance,11.999999999999998,13.250151545766823,1613.9999999999998,204,24,1674.0,1854.0,2814.0,13614.0
88,CZT - context,12.5,15.417256011315416,1849.0,204,25,1911.4999999999998,2099.0,3099.0,14349.0
88,CZT - authority,13.5,15.634471610426349,1792.0,204,27,1859.5,2062.0,3142.0,15291.999999999998
88,CZT - channel,12.5,15.937563144069507,1895.0,204,25,1957.5,2145.0,3145.0,14395.0
88,CZT - friction,52.5,0.404122044857547,223.49999999999997,204,105,486.0,1273.5,5473.5,52723.5
88,CZT - human challenge,12.5,11.527581329561528,1463.0000000000002,204,25,1525.5,1713.0,2713.0,13963.000000000002
88,CZT - feedback,11.999999999999998,16.84178621943827,1985.5,204,24,2045.5,2225.5,3185.5,13985.5
89,ZT baseline,95.5,0.0,98.5,217,191,576.0,2008.5,9648.5,95598.50000000001
89,Awareness training,85.0,0.0,98.5,217,170,523.5,1798.5,8598.5,85098.5
89,Uniform callback,32.5,15.397058080169842,1605.5,217,65,1768.0000000000002,2255.5,4855.5,34105.5
89,CZT (full),16.5,12.081079714906737,1538.0,217,33,1620.5,1868.0,3187.9999999999995,18038.0
89,CZT - provenance,17.5,13.749178587676289,1673.0,217,35,1760.5000000000002,2023.0,3423.0,19173.0
89,CZT - context,16.5,16.610220896729516,1986.5,217,33,2069.0,2316.5,3636.4999999999995,18486.5
89,CZT - authority,20.0,17.25724106556134,1962.0000000000002,217,40,2062.0,2362.0,3962.0,21962.0
89,CZT - channel,18.0,17.823383713289186,2087.0,217,36,2177.0,2447.0,3887.0,20087.0
89,CZT - friction,58.5,0.5004296618308649,246.49999999999997,217,117,539.0,1416.5,6096.5,58746.5
89,CZT - human challenge,16.5,12.081079714906737,1538.0,217,33,1620.5,1868.0,3187.9999999999995,18038.0
89,CZT - feedback,16.0,16.797250164282467,1997.0,217,32,2077.0,2317.0,3597.0,17997.0
90,ZT baseline,84.0,0.0,107.0,189,168,527.0,1787.0,8507.0,84107.0
90,Awareness training,81.0,0.0,107.0,189,162,512.0,1727.0,8207.0,81107.0
90,Uniform callback,23.0,14.850335672101359,1561.0,189,46,1676.0,2021.0,3861.0,24561.0
90,CZT (full),13.5,14.522235121901975,1731.5,189,27,1799.0,2001.5,3081.5,15231.5
90,CZT - provenance,13.5,16.324264297612437,1895.0,189,27,1962.5,2165.0,3245.0,15395.0
90,CZT - context,14.499999999999998,19.06516581697037,2185.0,189,29,2257.5,2475.0,3635.0,16685.0
90,CZT - authority,15.0,18.408964716571603,2054.5,189,30,2129.5,2354.5,3554.5,17054.5
90,CZT - channel,14.499999999999998,19.29736005249609,2205.5,189,29,2278.0,2495.5,3655.5,16705.5
90,CZT - friction,50.5,0.29276664479329667,194.0,189,101,446.5,1204.0,5244.0,50694.0
90,CZT - human challenge,13.5,14.522235121901975,1731.5,189,27,1799.0,2001.5,3081.5,15231.5
90,CZT - feedback,13.5,16.359598203018525,1911.4999999999998,189,27,1979.0,2181.5,3261.5,15411.5
91,ZT baseline,91.5,0.0,96.5,199,183,554.0,1926.4999999999998,9246.5,91596.49999999999
91,Awareness training,86.5,0.0,96.5,199,173,529.0,1826.5,8746.5,86596.49999999999
91,Uniform callback,22.5,14.862885712842786,1550.0,199,45,1662.5,2000.0,3800.0,24049.999999999996
91,CZT (full),11.0,11.883238220291904,1476.0,199,22,1531.0000000000002,1696.0,2576.0,12476.0
91,CZT - provenance,11.0,13.74678046563305,1645.5,199,22,1700.5,1865.5,2745.5,12645.5
91,CZT - context,11.5,16.514317458714206,1933.0,199,23,1990.5,2163.0,3083.0,13433.0
91,CZT - authority,14.0,16.398161709004597,1846.5,199,28,1916.4999999999998,2126.5,3246.5,15846.499999999998
91,CZT - channel,11.999999999999998,17.539518206151207,2028.5,199,24,2088.5,2268.5,3228.5000000000005,14028.5
91,CZT - friction,53.0,0.3030149992424625,186.5,199,106,451.5,1246.5,5486.5,53186.5
91,CZT - human challenge,11.0,11.883238220291904,1476.0,199,22,1531.0000000000002,1696.0,2576.0,12476.0
91,CZT - feedback,10.5,16.095146709762133,1888.5,199,21,1941.0,2098.5,2938.5,12388.5
92,ZT baseline,91.0,0.0,100.5,201,182,555.5,1920.5,9200.5,91100.5
92,Awareness training,84.49999999999999,0.0,100.5,201,169,523.0,1790.4999999999998,8550.5,84600.50000000001
92,Uniform callback,26.0,15.076519016111925,1583.5,201,52,1713.5,2103.5,4183.5,27583.5
92,CZT (full),14.0,11.44502247588262,1444.0,201,28,1514.0,1724.0,2844.0,15444.0
92,CZT - provenance,14.0,13.09157028132734,1592.5,201,28,1662.5,1872.5,2992.5,15592.5
92,CZT - context,14.0,16.223041567755946,1914.5,201,28,1984.4999999999998,2194.5,3314.5,15914.5
92,CZT - authority,14.499999999999998,16.18263548664074,1832.5,201,29,1905.0,2122.5,3282.5,16332.5
92,CZT - channel,14.0,16.89984342643568,1976.9999999999998,201,28,2047.0,2257.0,3377.0,15976.999999999998
92,CZT - friction,52.0,0.3535532097580686,205.5,201,104,465.5,1245.5,5405.5,52205.5
92,CZT - human challenge,14.0,11.44502247588262,1444.0,201,28,1514.0,1724.0,2844.0,15444.0
92,CZT - feedback,14.0,16.217990807616548,1911.4999999999998,201,28,1981.5,2191.5,3311.5,15911.5
93,ZT baseline,99.5,0.0,100.0,220,199,597.5,2090.0,10049.999999999998,99600.00000000001
93,Awareness training,94.0,0.0,100.0,220,188,570.0,1980.0,9500.0,94100.0
93,Uniform callback,36.0,15.283114256825076,1592.0,220,72,1772.0,2312.0,5192.0,37592.0
93,CZT (full),17.5,12.527805864509606,1574.5,220,35,1661.9999999999998,1924.5,3324.5000000000005,19074.5
93,CZT - provenance,19.0,14.211324570273003,1717.5000000000002,220,38,1812.5,2097.5,3617.5,20717.500000000004
93,CZT - context,18.5,17.204246713852374,2035.5,220,37,2128.0,2405.5,3885.5,20535.5
93,CZT - authority,24.5,18.038422649140546,2024.0,220,49,2146.5,2514.0,4474.0,26524.0
93,CZT - channel,19.0,17.745197168857434,2091.0,220,38,2186.0,2471.0,3991.0,21091.000000000004
93,CZT - friction,57.99999999999999,0.48533872598584427,243.0,220,116,533.0,1403.0,6042.999999999999,58243.0
93,CZT - human challenge,17.5,12.527805864509606,1574.5,220,35,1661.9999999999998,1924.5,3324.5000000000005,19074.5
93,CZT - feedback,17.5,16.541961577350857,1967.5,220,35,2055.0,2317.5,3717.5000000000005,19467.5
94,ZT baseline,92.5,0.0,99.00000000000001,203,185,561.5,1949.0,9349.0,92599.0
94,Awareness training,88.0,0.0,99.00000000000001,203,176,539.0,1859.0,8899.0,88099.00000000001
94,Uniform callback,23.0,14.936606556548973,1563.5,203,46,1678.5,2023.5,3863.5000000000005,24563.5
94,CZT (full),12.5,10.774359751477498,1373.5,203,25,1436.0,1623.5,2623.5000000000005,13873.5
94,CZT - provenance,12.5,12.486740415214427,1530.0,203,25,1592.5,1780.0,2780.0000000000005,14030.0
94,CZT - context,15.0,14.870940041420416,1784.5,203,30,1859.5,2084.5,3284.5,16784.5
94,CZT - authority,15.5,15.325554376925796,1750.0,203,31,1827.5,2060.0,3300.0,17250.0
94,CZT - channel,13.0,14.992170530888519,1784.0,203,26,1849.0,2044.0,3084.0,14784.0
94,CZT - friction,55.0,0.3081274940647573,190.0,203,110,465.0,1290.0,5689.999999999999,55190.0
94,CZT - human challenge,12.5,10.774359751477498,1373.5,203,25,1436.0,1623.5,2623.5000000000005,13873.5
94,CZT - feedback,11.999999999999998,16.00242460978936,1883.5,203,24,1943.5,2123.5,3083.5,13883.5
95,ZT baseline,85.5,0.0,84.49999999999999,184,171,512.0,1794.5,8634.5,85584.5
95,Awareness training,79.00000000000001,0.0,84.49999999999999,184,158,479.5,1664.4999999999998,7984.5,79084.5
95,Uniform callback,27.0,14.664917238595073,1525.5,184,54,1660.5,2065.5,4225.5,28525.5
95,CZT (full),17.0,11.889382317319338,1463.0000000000002,184,34,1548.0,1802.9999999999998,3163.0000000000005,18463.0
95,CZT - provenance,17.0,12.999596285829632,1554.0,184,34,1639.0,1894.0000000000002,3254.0,18554.0
95,CZT - context,17.5,16.592652402099315,1926.4999999999998,184,35,2014.0,2276.5,3676.4999999999995,19426.5
95,CZT - authority,19.0,16.602745256358496,1862.0,184,38,1957.0000000000002,2242.0,3762.0,20862.0
95,CZT - channel,18.0,18.217601937828018,2087.5,184,36,2177.5,2447.5,3887.5,20087.5
95,CZT - friction,49.50000000000001,0.3482034719418652,187.0,184,99,434.5,1177.0,5137.0,49687.0
95,CZT - human challenge,17.0,11.889382317319338,1463.0000000000002,184,34,1548.0,1802.9999999999998,3163.0000000000005,18463.0
95,CZT - feedback,17.0,16.279773920064596,1895.5,184,34,1980.5,2235.5,3595.5,18895.5
96,ZT baseline,98.0,0.0,101.5,219,196,591.5,2061.5,9901.5,98101.5
96,Awareness training,94.0,0.0,101.5,219,188,571.5,1981.5,9501.5,94101.5
96,Uniform callback,23.5,14.882968505131187,1560.5,219,47,1678.0,2030.5,3910.5,25060.5
96,CZT (full),15.0,11.647540569233103,1478.5,219,30,1553.4999999999998,1778.5,2978.5,16478.5
96,CZT - provenance,14.499999999999998,13.30064203023103,1620.0,219,29,1692.5000000000002,1910.0,3070.0,16120.000000000002
96,CZT - context,15.5,15.590718366108892,1873.5,219,31,1951.0,2183.5,3423.5,17373.5
96,CZT - authority,17.5,16.36418785703453,1860.9999999999998,219,35,1948.5,2211.0,3610.9999999999995,19361.0
96,CZT - channel,15.5,16.672564582174815,1969.0,219,31,2046.5,2279.0,3519.0,17469.0
96,CZT - friction,59.0,0.42464991658662354,227.00000000000003,219,118,522.0,1407.0,6127.0,59227.0
96,CZT - human challenge,15.0,11.647540569233103,1478.5,219,30,1553.4999999999998,1778.5,2978.5,16478.5
96,CZT - feedback,14.0,16.58156817147768,1963.5,219,28,2033.5,2243.5,3363.5,15963.5
97,ZT baseline,95.5,0.0,110.50000000000001,208,191,588.0,2020.5,9660.5,95610.5
97,Awareness training,88.5,0.0,110.50000000000001,208,177,553.0,1880.5,8960.5,88610.5
97,Uniform callback,26.0,14.99090541632983,1578.5,208,52,1708.5,2098.5,4178.5,27578.5
97,CZT (full),13.0,11.262126111560226,1446.5,208,26,1511.5,1706.5,2746.5,14446.5
97,CZT - provenance,13.5,13.075990299110751,1610.0,208,27,1677.5,1880.0,2960.0,15109.999999999998
97,CZT - context,13.5,15.283953112368634,1844.5,208,27,1912.0,2114.5,3194.5,15344.500000000002
97,CZT - authority,17.0,16.895715440582055,1911.4999999999998,208,34,1996.5,2251.5,3611.5000000000005,18911.5
97,CZT - channel,13.0,16.5571948261924,1970.5,208,26,2035.5,2230.5,3270.5,14970.5
97,CZT - friction,54.0,0.3637833468067906,218.5,208,108,488.5,1298.5,5618.5,54218.5
97,CZT - human challenge,13.0,11.262126111560226,1446.5,208,26,1511.5,1706.5,2746.5,14446.5
97,CZT - feedback,11.5,16.511721907841554,1959.5000000000002,208,23,2017.0,2189.5,3109.5,13459.5
98,ZT baseline,90.0,0.0,106.5,194,180,556.5,1906.4999999999998,9106.5,90106.5
98,Awareness training,86.0,0.0,106.5,194,172,536.5,1826.5,8706.5,86106.5
98,Uniform callback,26.5,14.712713319196203,1550.9999999999998,194,53,1683.5,2081.0,4201.0,28051.0
98,CZT (full),12.5,11.496516207209936,1455.0,194,25,1517.5,1705.0000000000002,2705.0,13955.0
98,CZT - provenance,12.5,13.081894375441786,1601.4999999999998,194,25,1664.0,1851.5,2851.5,14101.5
98,CZT - context,13.0,14.985357972331617,1807.0,194,26,1872.0,2067.0,3106.9999999999995,14806.999999999998
98,CZT - authority,17.5,16.222356861557106,1834.0,194,35,1921.4999999999998,2184.0,3584.0,19334.0
98,CZT - channel,12.5,15.919418358073312,1891.0,194,25,1953.5,2141.0,3141.0,14391.0
98,CZT - friction,45.5,0.33828132889023527,206.50000000000003,194,91,434.0,1116.5,4756.5,45706.5
98,CZT - human challenge,12.5,11.496516207209936,1455.0,194,25,1517.5,1705.0000000000002,2705.0,13955.0
98,CZT - feedback,12.5,16.227405836615166,1918.5,194,25,1981.0,2168.5,3168.5,14418.5
99,ZT baseline,74.0,0.0,100.0,170,148,470.0,1580.0,7500.0,74100.0
99,Awareness training,71.0,0.0,100.0,170,142,455.0,1520.0,7200.0,71100.0
99,Uniform callback,21.5,14.720121028744327,1545.5,170,43,1653.0,1975.5,3695.5,23045.5
99,CZT (full),11.999999999999998,11.260716086737267,1419.9999999999998,170,24,1480.0,1660.0,2620.0,13420.0
99,CZT - provenance,12.5,12.919818456883512,1562.5,170,25,1625.0,1812.5,2812.5,14062.5
99,CZT - context,13.0,15.365607665153808,1828.5000000000002,170,26,1893.5,2088.5,3128.5,14828.5
99,CZT - authority,15.0,16.142208774583963,1842.0,170,30,1917.0,2142.0,3342.0,16842.0
99,CZT - channel,14.0,16.62632375189107,1941.0,170,28,2011.0,2221.0,3341.0,15941.0
99,CZT - friction,41.5,0.3883005547150782,215.5,170,83,423.0,1045.5,4365.5,41715.5
99,CZT - human challenge,11.999999999999998,11.260716086737267,1419.9999999999998,170,24,1480.0,1660.0,2620.0,13420.0
99,CZT - feedback,11.999999999999998,16.37418053454362,1922.0,170,24,1981.9999999999998,2162.0,3122.0,13922.000000000002
100,ZT baseline,86.5,0.0,105.0,195,173,537.5,1835.0,8755.0,86605.00000000001
100,Awareness training,81.0,0.0,105.0,195,162,509.99999999999994,1724.9999999999998,8205.0,81105.0
100,Uniform callback,26.5,15.046705377429943,1577.5,195,53,1710.0000000000002,2107.5,4227.5,28077.5
100,CZT (full),14.0,12.057561221913659,1496.5,195,28,1566.5000000000002,1776.5,2896.5,15496.5
100,CZT - provenance,14.0,13.587477909618784,1633.0,195,28,1703.0,1913.0,3033.0,15633.0
100,CZT - context,14.0,17.313809644029284,2018.5,195,28,2088.5,2298.5,3418.5,16018.5
100,CZT - authority,16.0,17.101741984347388,1927.0,195,32,2007.0,2247.0,3527.0,17927.0
100,CZT - channel,14.499999999999998,17.288563494067155,2006.5,195,29,2079.0,2296.5,3456.5,16506.5
100,CZT - friction,42.5,0.3382984094925524,205.5,195,85,417.99999999999994,1055.5,4455.5,42705.5
100,CZT - human challenge,14.0,12.057561221913659,1496.5,195,28,1566.5000000000002,1776.5,2896.5,15496.5
100,CZT - feedback,14.0,16.46553900530169,1930.5,195,28,2000.5,2210.5,3330.5,15930.5
101,ZT baseline,78.0,0.0,98.0,166,156,488.00000000000006,1658.0,7897.999999999999,78098.0
101,Awareness training,72.5,0.0,98.0,166,145,460.5,1548.0,7348.0,72598.0
101,Uniform callback,18.5,14.394474135323183,1514.0,166,37,1606.4999999999998,1884.0000000000002,3363.9999999999995,20014.0
101,CZT (full),10.5,10.950892406977916,1407.4999999999998,166,21,1460.0,1617.5,2457.5,11907.5
101,CZT - provenance,10.0,12.604618332156903,1550.0,166,20,1600.0,1750.0,2550.0,11550.0
101,CZT - context,11.999999999999998,14.449934455984673,1761.0,166,24,1821.0000000000002,2001.0,2960.9999999999995,13761.000000000002
101,CZT - authority,13.0,14.999495815266714,1732.0,166,26,1797.0,1991.9999999999998,3032.0000000000005,14732.0
101,CZT - channel,10.5,15.130583845921144,1816.0000000000002,166,21,1868.4999999999998,2026.0,2866.0,12316.0
101,CZT - friction,47.0,0.42855702329333467,225.0,166,94,460.0,1165.0,4925.0,47225.0
101,CZT - human challenge,10.5,10.950892406977916,1407.4999999999998,166,21,1460.0,1617.5,2457.5,11907.5
101,CZT - feedback,9.5,16.335585358475345,1937.0,166,19,1984.4999999999998,2127.0,2887.0,11437.0
102,ZT baseline,104.49999999999999,0.0,95.0,229,209,617.5,2185.0,10545.0,104595.0
102,Awareness training,99.00000000000001,0.0,95.0,229,198,590.0,2075.0,9995.0,99095.0
102,Uniform callback,28.0,14.839917050225077,1545.5,229,56,1685.5,2105.5,4345.5,29545.499999999996
102,CZT (full),13.0,11.061655960750594,1395.0000000000002,229,26,1460.0,1655.0,2695.0,14395.0
102,CZT - provenance,13.5,12.867330939254465,1557.0,229,27,1624.5,1827.0,2907.0,15057.0
102,CZT - context,13.0,15.679530625663851,1857.0,229,26,1922.0,2117.0,3157.0,14857.0
102,CZT - authority,15.5,15.760457235344697,1777.5,229,31,1855.0,2087.5,3327.5,17277.5
102,CZT - channel,11.999999999999998,16.01335289059734,1885.0,229,24,1945.0,2125.0,3085.0,13885.0
102,CZT - friction,60.5,0.32876435182843555,191.99999999999997,229,121,494.5,1402.0,6242.0,60692.00000000001
102,CZT - human challenge,13.0,11.061655960750594,1395.0000000000002,229,26,1460.0,1655.0,2695.0,14395.0
102,CZT - feedback,11.999999999999998,16.311769763795457,1908.0,229,24,1968.0,2148.0,3108.0,13908.0
103,ZT baseline,90.50000000000001,0.0,99.5,200,181,552.0,1909.5,9149.5,90599.5
103,Awareness training,85.5,0.0,99.5,200,171,527.0,1809.5,8649.5,85599.5
103,Uniform callback,29.5,15.237373737373739,1591.0,200,59,1738.5,2181.0,4541.0,31091.000000000004
103,CZT (full),15.5,11.974747474747474,1508.0,200,31,1585.5,1818.0,3058.0,17008.0
103,CZT - provenance,16.0,13.59090909090909,1655.5,200,32,1735.5,1975.5,3255.5,17655.5
103,CZT - context,16.0,17.18181818181818,2028.5,200,32,2108.5,2348.5,3628.5,18028.5
103,CZT - authority,17.0,16.252525252525253,1855.9999999999998,200,34,1941.0,2196.0,3556.0000000000005,18856.0
103,CZT - channel,16.0,16.762626262626263,1980.5,200,32,2060.5,2300.5,3580.5,17980.5
103,CZT - friction,53.5,0.3181818181818182,194.0,200,107,461.49999999999994,1264.0000000000002,5544.0,53694.0
103,CZT - human challenge,15.5,11.974747474747474,1508.0,200,31,1585.5,1818.0,3058.0,17008.0
103,CZT - feedback,15.0,16.51010101010101,1951.5,200,30,2026.5,2251.5,3451.5,16951.5
104,ZT baseline,94.5,0.0,93.5,210,189,566.0,1983.5,9543.5,94593.5
104,Awareness training,88.5,0.0,93.5,210,177,536.0,1863.4999999999998,8943.5,88593.49999999999
104,Uniform callback,27.5,14.901465386558868,1555.5,210,55,1693.0,2105.5,4305.5,29055.5
104,CZT (full),15.0,11.515917129863567,1451.5,210,30,1526.5,1751.5,2951.5000000000005,16451.5
104,CZT - provenance,15.0,13.208691258211216,1599.5,210,30,1674.4999999999998,1899.5,3099.5,16599.5
104,CZT - context,15.0,16.220313289540172,1920.0,210,30,1995.0,2220.0,3420.0000000000005,16920.0
104,CZT - authority,17.0,16.52854977261243,1868.4999999999998,210,34,1953.5,2208.5,3568.5,18868.5
104,CZT - channel,15.5,17.468418393127845,2036.5,210,31,2114.0,2346.5,3586.5000000000005,17536.5
104,CZT - friction,54.0,0.3638201111672562,201.5,210,108,471.5,1281.4999999999998,5601.5,54201.49999999999
104,CZT - human challenge,15.0,11.515917129863567,1451.5,210,30,1526.5,1751.5,2951.5000000000005,16451.5
104,CZT - feedback,15.0,16.49823143001516,1940.5,210,30,2015.5,2240.5,3440.5,16940.5
105,ZT baseline,87.0,0.0,101.0,194,174,536.0,1841.0000000000002,8801.0,87101.0
105,Awareness training,82.5,0.0,101.0,194,165,513.5,1751.0,8351.0,82601.0
105,Uniform callback,29.5,15.111582348783198,1582.0,194,59,1729.5,2172.0,4532.0,31082.0
105,CZT (full),14.499999999999998,10.845198424719783,1395.5,194,29,1468.0000000000002,1685.5,2845.5000000000005,15895.5
105,CZT - provenance,14.499999999999998,12.561849944461272,1547.5,194,29,1620.0,1837.5,2997.5,16047.499999999998
105,CZT - context,15.5,14.576390992628497,1764.0,194,31,1841.5,2074.0,3313.9999999999995,17264.0
105,CZT - authority,19.5,16.055740684641016,1832.0,194,39,1929.5,2222.0,3782.0,21332.0
105,CZT - channel,15.5,15.177219024538019,1817.5,194,31,1895.0,2127.5,3367.5,17317.5
105,CZT - friction,50.0,0.36352620418055137,208.5,194,100,458.5,1208.5,5208.5,50208.5
105,CZT - human challenge,14.499999999999998,10.845198424719783,1395.5,194,29,1468.0000000000002,1685.5,2845.5000000000005,15895.5
105,CZT - feedback,13.0,16.40411996364738,1942.0000000000002,194,26,2007.0,2202.0,3242.0,14942.0
106,ZT baseline,94.5,0.0,110.0,208,189,582.5,2000.0,9560.0,94610.0
106,Awareness training,90.0,0.0,110.0,208,180,560.0,1910.0,9110.0,90109.99999999999
106,Uniform callback,25.500000000000004,14.6928051738076,1550.9999999999998,208,51,1678.5,2061.0,4101.0,27051.0
106,CZT (full),15.0,10.93371059013743,1382.5000000000002,208,30,1457.5,1682.5,2882.5,16382.5
106,CZT - provenance,15.0,12.590945836701698,1530.5,208,30,1605.5,1830.5,3030.5,16530.5
106,CZT - context,15.5,14.515966046887632,1733.0,208,31,1810.5,2043.0,3283.0,17233.0
106,CZT - authority,16.5,14.96564268391269,1705.0000000000002,208,33,1787.5,2034.9999999999998,3355.0,18205.0
106,CZT - channel,15.0,15.344583670169765,1811.0,208,30,1886.0,2111.0,3311.0,16811.0
106,CZT - friction,57.5,0.3082053354890865,201.0,208,115,488.5,1351.0,5951.0,57701.0
106,CZT - human challenge,15.0,10.93371059013743,1382.5000000000002,208,30,1457.5,1682.5,2882.5,16382.5
106,CZT - feedback,14.499999999999998,16.12772837510105,1888.5,208,29,1961.0,2178.5,3338.5,16388.5
107,ZT baseline,100.5,0.0,95.0,220,201,597.5,2105.0,10145.0,100595.0
107,Awareness training,93.5,0.0,95.0,220,187,562.5,1965.0,9445.0,93595.0
107,Uniform callback,32.0,14.92922143579373,1558.0,220,64,1718.0,2198.0,4758.0,33558.0
107,CZT (full),17.0,13.331648129423659,1629.0,220,34,1714.0,1969.0,3328.9999999999995,18629.0
107,CZT - provenance,17.0,14.585439838220424,1739.0,220,34,1824.0,2079.0,3439.0,18739.0
107,CZT - context,16.5,16.48634984833165,1944.0,220,33,2026.5,2274.0,3594.0,18444.0
107,CZT - authority,21.0,17.972699696663298,2007.5000000000002,220,42,2112.5,2427.5,4107.5,23007.5
107,CZT - channel,16.5,17.87158746208291,2076.0,220,33,2158.5,2406.0,3726.0,18576.0
107,CZT - friction,62.5,0.3538928210313448,199.5,220,125,512.0,1449.5,6449.5,62699.5
107,CZT - human challenge,17.5,13.377148634984835,1633.5,220,35,1721.0,1983.5,3383.5,19133.5
107,CZT - feedback,17.0,16.208291203235593,1912.5,220,34,1997.5,2252.5,3612.5,18912.5
108,ZT baseline,81.49999999999999,0.0,97.5,187,163,505.00000000000006,1727.4999999999998,8247.5,81597.5
108,Awareness training,77.0,0.0,97.5,187,154,482.5,1637.5,7797.500000000001,77097.5
108,Uniform callback,27.5,15.111290566799576,1576.5000000000002,187,55,1714.0,2126.5,4326.5,29076.5
108,CZT (full),11.5,11.179528592338364,1411.0,187,23,1468.5,1641.0,2561.0,12911.0
108,CZT - provenance,11.5,12.860243274617675,1557.5,187,23,1615.0,1787.5,2707.5,13057.5
108,CZT - context,11.999999999999998,15.348508554989149,1826.0000000000002,187,24,1886.0,2066.0,3026.0,13826.0
108,CZT - authority,17.0,16.34280522889012,1858.0,187,34,1943.0,2198.0,3558.0,18858.0
108,CZT - channel,12.5,15.908746782415587,1879.5,187,25,1942.0000000000002,2129.5,3129.5,14379.5
108,CZT - friction,45.0,0.2927370918084086,184.5,187,90,409.5,1084.5,4684.5,45184.49999999999
108,CZT - human challenge,11.5,11.179528592338364,1411.0,187,23,1468.5,1641.0,2561.0,12911.0
108,CZT - feedback,11.5,16.463937818603945,1928.9999999999998,187,23,1986.5,2159.0,3079.0,13429.0
109,ZT baseline,85.5,0.0,98.0,191,171,525.5,1807.9999999999998,8648.0,85597.99999999999
109,Awareness training,80.0,0.0,98.0,191,160,497.99999999999994,1698.0,8098.0,80098.0
109,Uniform callback,25.0,15.008329547175524,1572.0,191,50,1697.0,2072.0,4072.0,26572.0
109,CZT (full),16.0,13.983542834065323,1693.0,191,32,1773.0000000000002,2013.0,3293.0,17693.0
109,CZT - provenance,16.5,15.62925942753294,1835.0,191,33,1917.5,2165.0,3484.9999999999995,18335.0
109,CZT - context,17.0,18.839921247917612,2175.5,191,34,2260.5,2515.5,3875.5,19175.5
109,CZT - authority,19.0,18.85001766873643,2097.0,191,38,2192.0,2477.0,3997.0,21097.0
109,CZT - channel,17.0,20.1120702710889,2296.5,191,34,2381.5,2636.5,3996.5,19296.5
109,CZT - friction,53.5,0.3685193598869201,207.5,191,107,475.0,1277.5,5557.5,53707.5
109,CZT - human challenge,16.0,13.983542834065323,1693.0,191,32,1773.0000000000002,2013.0,3293.0,17693.0
109,CZT - feedback,16.0,16.29057499116563,1920.0,191,32,2000.0,2240.0,3520.0,17920.0
110,ZT baseline,81.49999999999999,0.0,104.0,180,163,511.5,1734.0,8254.0,81603.99999999999
110,Awareness training,78.0,0.0,104.0,180,156,494.0,1664.0,7904.0,78104.0
110,Uniform callback,27.5,14.848637739656912,1557.5,180,55,1695.0000000000002,2107.5,4307.5,29057.5
110,CZT (full),11.0,12.39656912209889,1542.0,180,22,1597.0,1762.0,2642.0,12542.0
110,CZT - provenance,11.5,14.268415741675074,1709.0,180,23,1766.5,1939.0,2859.0,13209.0
110,CZT - context,11.5,16.64480322906155,1963.5,180,23,2021.0,2193.5,3113.5,13463.5
110,CZT - authority,15.0,17.769929364278507,1991.5,180,30,2066.5,2291.5,3491.5,16991.5
110,CZT - channel,12.5,17.739656912209888,2064.5,180,25,2127.0,2314.5,3314.5,14564.5
110,CZT - friction,42.0,0.3683148335015136,212.0,180,84,422.0,1052.0,4412.0,42211.99999999999
110,CZT - human challenge,11.0,12.39656912209889,1542.0,180,22,1597.0,1762.0,2642.0,12542.0
110,CZT - feedback,10.5,16.518668012108982,1945.5,180,21,1998.0,2155.5,2995.5,12445.5
111,ZT baseline,86.0,0.0,106.0,190,172,536.0,1826.0000000000002,8706.0,86106.0
111,Awareness training,84.0,0.0,106.0,190,168,526.0,1786.0,8506.0,84106.0
111,Uniform callback,22.0,14.760222110045431,1552.0,190,44,1661.9999999999998,1991.9999999999998,3752.0,23552.0
111,CZT (full),14.0,11.635537607269056,1470.0,190,28,1540.0,1750.0,2870.0,15470.0
111,CZT - provenance,14.0,13.25593134780414,1616.0,190,28,1686.0,1896.0,3016.0,15616.000000000002
111,CZT - context,15.0,15.68904593639576,1875.0,190,30,1950.0,2175.0,3375.0,16875.0
111,CZT - authority,15.5,15.729429581019689,1795.0,190,31,1872.5,2105.0,3345.0,17295.0
111,CZT - channel,14.0,16.269560827864716,1931.4999999999998,190,28,2001.5,2211.5,3331.5,15931.5
111,CZT - friction,48.5,0.3432609793033821,207.0,190,97,449.49999999999994,1177.0,5057.0,48707.0
111,CZT - human challenge,14.0,11.635537607269056,1470.0,190,28,1540.0,1750.0,2870.0,15470.0
111,CZT - feedback,14.0,16.59262998485613,1956.5,190,28,2026.5,2236.5,3356.5,15956.5
112,ZT baseline,86.5,0.0,97.5,180,173,530.0,1827.5,8747.5,86597.5
112,Awareness training,79.5,0.0,97.5,180,159,495.0,1687.5,8047.5,79597.5
112,Uniform callback,22.0,15.065590312815338,1577.0,180,44,1687.0,2017.0,3777.0,23577.0
112,CZT (full),11.999999999999998,11.680121089808274,1492.9999999999998,180,24,1553.0,1733.0,2693.0,13493.0
112,CZT - provenance,12.5,13.314833501513624,1627.5,180,25,1690.0,1877.5,2877.5,14127.5
112,CZT - context,12.5,15.459132189707367,1867.5,180,25,1930.0,2117.5,3117.5000000000005,14367.5
112,CZT - authority,18.0,16.92734611503532,1923.5,180,36,2013.5,2283.5,3723.5,19923.5
112,CZT - channel,11.999999999999998,15.39858728557013,1859.5,180,24,1919.5,2099.5,3059.5,13859.5
112,CZT - friction,49.0,0.38345105953582237,211.5,180,98,456.50000000000006,1191.5,5111.5,49211.5
112,CZT - human challenge,11.999999999999998,11.680121089808274,1492.9999999999998,180,24,1553.0,1733.0,2693.0,13493.0
112,CZT - feedback,11.0,16.831483350151363,1999.0,180,22,2054.0,2219.0,3099.0,12999.0
113,ZT baseline,92.99999999999999,0.0,95.0,200,186,560.0,1955.0,9395.0,93095.0
113,Awareness training,86.0,0.0,95.0,200,172,525.0,1815.0,8695.0,86095.0
113,Uniform callback,23.5,14.702020202020202,1533.0,200,47,1650.5,2003.0,3883.0,25033.0
113,CZT (full),8.5,10.94949494949495,1398.0,200,17,1440.5,1568.0,2248.0,9898.0
113,CZT - provenance,8.5,12.762626262626261,1562.5,200,17,1605.0,1732.4999999999998,2412.5,10062.5
113,CZT - context,9.5,13.686868686868687,1672.5,200,19,1719.9999999999998,1862.5,2622.5,11172.5
113,CZT - authority,11.999999999999998,14.909090909090908,1705.0000000000002,200,24,1765.0,1945.0,2905.0,13705.0
113,CZT - channel,8.5,14.439393939393941,1734.9999999999998,200,17,1777.5,1905.0,2585.0,10235.0
113,CZT - friction,50.5,0.4242424242424243,221.00000000000003,200,101,473.50000000000006,1231.0,5271.0,50721.0
113,CZT - human challenge,8.5,10.94949494949495,1398.0,200,17,1440.5,1568.0,2248.0,9898.0
113,CZT - feedback,7.5,16.090909090909093,1903.5,200,15,1941.0,2053.5,2653.4999999999995,9403.5
114,ZT baseline,92.0,0.0,113.50000000000001,210,184,573.5,1953.5,9313.5,92113.5
114,Awareness training,90.0,0.0,113.50000000000001,210,180,563.5,1913.5,9113.5,90113.5
114,Uniform callback,31.0,15.325922182920667,1613.5,210,62,1768.5,2233.5,4713.5,32613.500000000004
114,CZT (full),15.0,11.561394643759474,1477.5,210,30,1552.5,1777.5,2977.5,16477.5
114,CZT - provenance,15.5,13.385548256695301,1638.5,210,31,1716.0,1948.5,3188.5,17138.5
114,CZT - context,16.0,14.901465386558868,1807.5,210,32,1887.5,2127.5,3407.5,17807.5
114,CZT - authority,16.5,15.775644264780192,1816.0000000000002,210,33,1898.5,2146.0,3466.0,18316.0
114,CZT - channel,16.5,15.93734209196564,1904.0000000000002,210,33,1986.5,2234.0,3554.0,18404.0
114,CZT - friction,52.5,0.358767054067711,219.5,210,105,482.0,1269.5,5469.500000000001,52719.5
114,CZT - human challenge,15.0,11.561394643759474,1477.5,210,30,1552.5,1777.5,2977.5,16477.5
114,CZT - feedback,14.499999999999998,16.781202627589693,1989.0,210,29,2061.5,2279.0,3439.0,16489.0
115,ZT baseline,85.5,0.0,99.5,194,171,527.0,1809.5,8649.5,85599.5
115,Awareness training,79.5,0.0,99.5,194,159,497.0,1689.5,8049.500000000001,79599.5
115,Uniform callback,26.0,15.141876199131577,1580.5,194,52,1710.5,2100.5,4180.5,27580.5
115,CZT (full),11.5,11.607593658487326,1453.0000000000002,194,23,1510.5,1683.0,2602.9999999999995,12952.999999999998
115,CZT - provenance,12.5,13.359588003635261,1615.5,194,25,1678.0,1865.5,2865.5000000000005,14115.5
115,CZT - context,12.5,15.535696253660507,1844.5,194,25,1907.0,2094.5,3094.5,14344.5
115,CZT - authority,13.5,15.167121074421894,1733.5,194,27,1801.0,2003.5,3083.5,15233.5
115,CZT - channel,12.5,16.126426335453903,1893.5,194,25,1956.0,2143.5,3143.5,14393.499999999998
115,CZT - friction,46.49999999999999,0.33828132889023527,199.0,194,93,431.5,1129.0,4849.0,46699.0
115,CZT - human challenge,11.5,11.607593658487326,1453.0000000000002,194,23,1510.5,1683.0,2602.9999999999995,12952.999999999998
115,CZT - feedback,11.5,16.313238412602242,1915.5,194,23,1973.0,2145.5,3065.5,13415.5
116,ZT baseline,93.5,0.0,105.0,203,187,572.5,1975.0,9455.0,93605.0
116,Awareness training,90.50000000000001,0.0,105.0,203,181,557.5,1915.0,9155.0,90605.0
116,Uniform callback,26.0,14.739607011163308,1542.5,203,52,1672.5,2062.5,4142.5,27542.5
116,CZT (full),13.0,10.627872910036874,1371.0,203,26,1436.0,1631.0,2671.0,14371.0
116,CZT - provenance,13.5,12.602919634288023,1550.9999999999998,203,27,1618.5,1821.0000000000002,2901.0000000000005,15051.000000000002
116,CZT - context,14.0,14.709299388796282,1777.5,203,28,1847.5,2057.5,3177.4999999999995,15777.5
116,CZT - authority,16.5,15.669040763752085,1792.5,203,33,1875.0,2122.5,3442.5,18292.5
116,CZT - channel,14.499999999999998,16.143860180835482,1910.0,203,29,1982.5,2200.0,3360.0,16410.0
116,CZT - friction,48.5,0.3434863868262868,206.0,203,97,448.5,1176.0,5056.000000000001,48705.99999999999
116,CZT - human challenge,13.0,10.627872910036874,1371.0,203,26,1436.0,1631.0,2671.0,14371.0
116,CZT - feedback,11.999999999999998,16.123655099257466,1908.5,203,24,1968.5,2148.5,3108.5,13908.5
117,ZT baseline,97.0,0.0,94.0,220,194,579.0,2034.0,9794.0,97094.0
117,Awareness training,89.5,0.0,94.0,220,179,541.5,1884.0000000000002,9044.0,89594.0
117,Uniform callback,25.500000000000004,15.384226491405459,1601.4999999999998,220,51,1729.0,2111.5,4151.5,27101.5
117,CZT (full),11.999999999999998,11.248736097067745,1424.5,220,24,1484.5,1664.4999999999998,2624.5,13424.5
117,CZT - provenance,11.5,13.13953488372093,1597.0,220,23,1654.5000000000002,1827.0,2747.0,13097.0
117,CZT - context,12.5,15.64206268958544,1860.5,220,25,1923.0,2110.5,3110.5,14360.5
117,CZT - authority,15.0,16.22851365015167,1830.5,220,30,1905.5,2130.5,3330.5,16830.5
117,CZT - channel,11.999999999999998,16.061678463094033,1893.0,220,24,1953.0,2133.0,3093.0,13893.0
117,CZT - friction,47.99999999999999,0.38422649140546006,208.0,220,96,448.0,1168.0,5008.0,48208.0
117,CZT - human challenge,11.999999999999998,11.248736097067745,1424.5,220,24,1484.5,1664.4999999999998,2624.5,13424.5
117,CZT - feedback,11.5,16.73407482305359,1962.0000000000002,220,23,2019.5,2192.0,3111.9999999999995,13462.0
118,ZT baseline,92.5,0.0,98.0,218,185,560.5,1948.0,9348.0,92598.0
118,Awareness training,86.5,0.0,98.0,218,173,530.5,1828.0,8748.0,86598.0
118,Uniform callback,27.5,15.316954807400668,1600.0,218,55,1737.4999999999998,2150.0,4350.0,29100.0
118,CZT (full),14.0,12.218178141745021,1543.0,218,28,1613.0,1823.0,2943.0,15543.0
118,CZT - provenance,14.499999999999998,13.43645738550197,1651.5,218,29,1724.0,1941.5,3101.5,16151.5
118,CZT - context,15.0,15.574764937822264,1881.5000000000002,218,30,1956.5,2181.5,3381.5,16881.5
118,CZT - authority,19.0,16.520068749368114,1880.0,218,38,1975.0,2260.0,3780.0,20880.0
118,CZT - channel,16.5,17.096350217369324,2020.0000000000002,218,33,2102.5,2350.0,3670.0,18520.0
118,CZT - friction,50.5,0.4397937518956627,227.00000000000003,218,101,479.5,1237.0,5276.999999999999,50727.0
118,CZT - human challenge,14.0,12.218178141745021,1543.0,218,28,1613.0,1823.0,2943.0,15543.0
118,CZT - feedback,13.0,16.86381558993024,1998.5,218,26,2063.5,2258.5,3298.4999999999995,14998.499999999998
119,ZT baseline,78.0,0.0,101.5,172,156,491.5,1661.5,7901.5,78101.5
119,Awareness training,72.5,0.0,101.5,172,145,463.99999999999994,1551.5,7351.5,72601.5
119,Uniform callback,17.0,15.266290094815412,1603.0,172,34,1688.0,1943.0,3303.0,18603.0
119,CZT (full),6.5,11.534194068993344,1484.0,172,13,1516.5,1613.9999999999998,2134.0,7984.0
119,CZT - provenance,5.999999999999999,13.274157756707686,1638.0,172,12,1668.0,1758.0000000000002,2238.0,7638.0
119,CZT - context,7.0,15.629412951381886,1893.0,172,14,1928.0,2033.0,2592.9999999999995,8893.0
119,CZT - authority,7.5,15.256203348799676,1775.5000000000002,172,15,1813.0,1925.5,2525.5,9275.5
119,CZT - channel,7.0,16.108533387129313,1923.0,172,14,1958.0,2063.0,2623.0,8923.0
119,CZT - friction,43.5,0.38833972160581,217.0,172,87,434.5,1087.0,4567.0,43717.0
119,CZT - human challenge,6.5,11.534194068993344,1484.0,172,13,1516.5,1613.9999999999998,2134.0,7984.0
119,CZT - feedback,5.999999999999999,16.320355053459753,1953.0,172,12,1983.0,2073.0,2553.0000000000005,7953.0
120,ZT baseline,88.5,0.0,91.5,188,177,534.0,1861.5,8941.5,88591.5
120,Awareness training,82.0,0.0,91.5,188,164,501.5,1731.5,8291.5,82091.5
120,Uniform callback,22.5,14.970724813244498,1562.5,188,45,1675.0,2012.5000000000002,3812.5,24062.5
120,CZT (full),11.5,11.316373914799112,1406.5,188,23,1464.0,1636.5,2556.5,12906.5
120,CZT - provenance,11.999999999999998,13.204118715929738,1574.0000000000002,188,24,1634.0,1814.0,2774.0,13574.0
120,CZT - context,11.999999999999998,14.864728447405612,1758.5,188,24,1818.5000000000002,1998.5,2958.5,13758.5
120,CZT - authority,16.0,16.691903896628308,1867.5,188,32,1947.5,2187.5,3467.5,17867.5
120,CZT - channel,11.5,15.576418332323843,1824.5,188,23,1882.0,2054.5,2974.5,13324.5
120,CZT - friction,43.5,0.33817888148596814,191.99999999999997,188,87,409.5,1062.0,4542.0,43692.0
120,CZT - human challenge,11.5,11.316373914799112,1406.5,188,23,1464.0,1636.5,2556.5,12906.5
120,CZT - feedback,11.0,16.19725418938017,1887.0,188,22,1942.0000000000002,2107.0,2987.0,12887.0
121,ZT baseline,88.5,0.0,99.00000000000001,197,177,541.5,1869.0,8949.0,88599.0
121,Awareness training,83.0,0.0,99.00000000000001,197,166,514.0,1759.0,8399.0,83099.00000000001
121,Uniform callback,26.5,15.179518254809876,1586.0,197,53,1718.5,2116.0,4236.0,28086.000000000004
121,CZT (full),14.499999999999998,12.770792304196336,1600.0,197,29,1672.5,1890.0,3050.0,16100.000000000002
121,CZT - provenance,15.0,14.56344998232591,1753.5,197,30,1828.5000000000002,2053.5,3253.4999999999995,16753.5
121,CZT - context,15.0,17.79528354289754,2096.5,197,30,2171.5,2396.5,3596.5000000000005,17096.5
121,CZT - authority,20.5,18.81028127051457,2114.0,197,41,2216.5,2524.0,4164.0,22614.0
121,CZT - channel,16.5,19.825278998131594,2285.5,197,33,2368.0,2615.5,3935.5,18785.5
121,CZT - friction,53.0,0.39387971519466747,215.5,197,106,480.5,1275.5,5515.5,53215.5
121,CZT - human challenge,14.499999999999998,12.770792304196336,1600.0,197,29,1672.5,1890.0,3050.0,16100.000000000002
121,CZT - feedback,14.499999999999998,16.224814422057264,1938.0,197,29,2010.5,2228.0,3388.0,16438.0
122,ZT baseline,86.0,0.0,85.0,195,172,515.0,1805.0,8685.0,86085.0
122,Awareness training,81.0,0.0,85.0,195,162,490.0,1705.0000000000002,8185.0,81085.0
122,Uniform callback,23.999999999999996,14.8649330977026,1546.5,195,48,1666.5,2026.5,3946.5,25546.5
122,CZT (full),11.999999999999998,11.865690482201465,1476.5,195,24,1536.5,1716.5,2676.5,13476.5
122,CZT - provenance,11.999999999999998,13.410754859883866,1613.5,195,24,1673.5,1853.4999999999998,2813.5,13613.5
122,CZT - context,12.5,16.117142135824285,1897.5,195,25,1960.0,2147.5,3147.4999999999995,14397.5
122,CZT - authority,15.0,16.76849280484726,1881.0,195,30,1956.0,2181.0,3381.0,16881.0
122,CZT - channel,11.999999999999998,16.57157283514264,1934.5,195,24,1994.4999999999998,2174.5,3134.5,13934.5
122,CZT - friction,48.5,0.39383993940924006,202.0,195,97,444.50000000000006,1172.0,5052.0,48702.0
122,CZT - human challenge,11.999999999999998,11.865690482201465,1476.5,195,24,1536.5,1716.5,2676.5,13476.5
122,CZT - feedback,11.999999999999998,16.303963645544055,1910.5,195,24,1970.5,2150.5,3110.5,13910.499999999998
123,ZT baseline,80.5,0.0,107.49999999999999,181,161,509.99999999999994,1717.5000000000002,8157.5,80607.5
123,Awareness training,76.0,0.0,107.49999999999999,181,152,487.5,1627.5,7707.500000000001,76107.5
123,Uniform callback,23.0,15.172309400070638,1599.5,181,46,1714.5,2059.5,3899.5,24599.5
123,CZT (full),13.0,11.458701246278824,1457.0,181,26,1522.0,1717.0,2757.0,14457.0
123,CZT - provenance,13.0,13.108633129824915,1606.0,181,26,1671.0,1865.9999999999998,2906.0000000000005,14605.999999999998
123,CZT - context,13.5,14.819112972400223,1791.5,181,27,1859.0,2061.5,3141.5,15291.5
123,CZT - authority,15.5,15.525505827741057,1771.5,181,31,1849.0,2081.5,3321.5,17271.5
123,CZT - channel,13.0,15.903930571673646,1893.5,181,26,1958.5,2153.5,3193.5,14893.5
123,CZT - friction,42.5,0.3582420909228518,214.0,181,85,426.5,1064.0,4464.0,42714.0
123,CZT - human challenge,13.0,11.458701246278824,1457.0,181,26,1522.0,1717.0,2757.0,14457.0
123,CZT - feedback,12.5,16.48418184570362,1951.5,181,25,2014.0,2201.5,3201.5,14451.5
124,ZT baseline,81.0,0.0,94.0,181,162,499.0,1714.0,8194.0,81094.00000000001
124,Awareness training,75.0,0.0,94.0,181,150,469.0,1593.9999999999998,7594.0,75094.0
124,Uniform callback,20.5,15.586053786770272,1625.5,181,41,1728.0,2035.5,3675.5,22125.499999999996
124,CZT (full),10.5,11.090367828851102,1414.0,181,21,1466.5,1624.0,2464.0,11914.0
124,CZT - provenance,11.999999999999998,12.83616731419345,1571.0,181,24,1631.0,1811.0,2771.0,13571.0
124,CZT - context,10.5,14.743428023613703,1777.0,181,21,1829.5,1986.9999999999998,2827.0,12277.0
124,CZT - authority,12.5,14.375094606185984,1668.5,181,25,1731.0,1918.5,2918.5,14168.5
124,CZT - channel,10.5,15.737423684343307,1865.9999999999998,181,21,1918.5,2076.0,2916.0000000000005,12366.0
124,CZT - friction,43.5,0.3431051011655482,196.0,181,87,413.5,1066.0,4546.0,43696.0
124,CZT - human challenge,10.5,11.090367828851102,1414.0,181,21,1466.5,1624.0,2464.0,11914.0
124,CZT - feedback,9.5,16.64059740652909,1959.0,181,19,2006.5,2149.0,2909.0,11459.0
125,ZT baseline,92.0,0.0,83.5,207,184,543.5,1923.5,9283.5,92083.5
125,Awareness training,89.0,0.0,83.5,207,178,528.5,1863.4999999999998,8983.5,89083.5
125,Uniform callback,32.0,15.439801950184409,1599.5,207,64,1759.5,2239.5,4799.5,33599.5
125,CZT (full),17.5,14.18178143788208,1712.0,207,35,1799.5,2062.0,3462.0,19212.0
125,CZT - provenance,17.5,15.571161521750113,1832.0,207,35,1919.5,2182.0,3582.0,19332.0
125,CZT - context,17.0,18.531804173192544,2146.0,207,34,2231.0,2486.0,3846.0,19146.0
125,CZT - authority,20.0,19.006719547314706,2110.0,207,40,2210.0,2510.0,4110.0,22110.0
125,CZT - channel,19.0,20.835648966806446,2361.5,207,38,2456.5,2741.5,4261.5,21361.500000000004
125,CZT - friction,54.5,0.4243924619815086,209.5,207,109,482.0,1299.5,5659.499999999999,54709.5
125,CZT - human challenge,17.5,14.18178143788208,1712.0,207,35,1799.5,2062.0,3462.0,19212.0
125,CZT - feedback,17.5,16.58161976456323,1948.5,207,35,2036.0,2298.5,3698.5,19448.5
126,ZT baseline,99.5,0.0,108.5,213,199,606.0,2098.5,10058.5,99608.5
126,Awareness training,92.0,0.0,108.5,213,184,568.5,1948.5,9308.5,92108.5
126,Uniform callback,31.0,14.97447819275282,1572.5,213,62,1727.4999999999998,2192.5,4672.5,32572.5
126,CZT (full),14.0,11.168949310153131,1406.5,213,28,1476.5,1686.5,2806.5,15406.5
126,CZT - provenance,13.5,12.927679789760955,1564.0,213,27,1631.5,1834.0,2914.0,15064.0
126,CZT - context,14.499999999999998,15.257492292919594,1816.5,213,29,1889.0000000000002,2106.5,3266.5,16316.5
126,CZT - authority,16.5,15.0048011320564,1725.5,213,33,1807.9999999999998,2055.5,3375.5,18225.5
126,CZT - channel,15.0,16.152019002375297,1891.0,213,30,1966.0,2191.0,3391.0,16891.0
126,CZT - friction,55.5,0.32344468590488706,204.5,213,111,482.0,1314.5,5754.5,55704.5
126,CZT - human challenge,14.0,11.168949310153131,1406.5,213,28,1476.5,1686.5,2806.5,15406.5
126,CZT - feedback,11.999999999999998,16.328902814979532,1913.9999999999998,213,24,1974.0,2154.0,3114.0,13914.0
127,ZT baseline,92.99999999999999,0.0,97.5,210,186,562.5,1957.5,9397.5,93097.5
127,Awareness training,89.0,0.0,97.5,210,178,542.5,1877.5,8997.5,89097.5
127,Uniform callback,31.5,14.8155634158666,1551.5,210,63,1709.0,2181.5,4701.5,33051.5
127,CZT (full),14.0,11.066195048004042,1368.5,210,28,1438.5,1648.5,2768.5,15368.5
127,CZT - provenance,14.0,12.46589186457807,1494.5,210,28,1564.5,1774.5,2894.5,15494.5
127,CZT - context,14.499999999999998,14.74987367357251,1731.0,210,29,1803.5,2021.0,3181.0,16231.0
127,CZT - authority,16.0,14.95199595755432,1683.0,210,32,1763.0000000000002,2003.0,3283.0,17683.0
127,CZT - channel,14.499999999999998,15.497726124305206,1807.9999999999998,210,29,1880.5,2098.0,3258.0,16308.0
127,CZT - friction,47.99999999999999,0.2880242546740778,182.5,210,96,422.5,1142.5,4982.5,48182.5
127,CZT - human challenge,14.0,11.066195048004042,1368.5,210,28,1438.5,1648.5,2768.5,15368.5
127,CZT - feedback,13.5,16.164729661445172,1868.4999999999998,210,27,1936.0,2138.5,3218.5000000000005,15368.5
128,ZT baseline,90.0,0.0,102.00000000000001,210,180,552.0,1902.0,9102.0,90102.0
128,Awareness training,86.0,0.0,102.00000000000001,210,172,532.0,1822.0,8702.0,86102.00000000001
128,Uniform callback,23.5,15.58868115209702,1629.0,210,47,1746.5,2099.0,3978.9999999999995,25129.0
128,CZT (full),13.5,11.25821121778676,1442.5,210,27,1510.0,1712.5000000000002,2792.5,14942.5
128,CZT - provenance,13.5,12.875189489641233,1582.0,210,27,1649.5000000000002,1852.0,2932.0,15082.0
128,CZT - context,14.0,14.896412329459324,1802.9999999999998,210,28,1873.0,2083.0,3202.9999999999995,15803.0
128,CZT - authority,16.0,15.836280949974736,1814.0,210,32,1894.0000000000002,2134.0,3414.0,17814.0
128,CZT - channel,15.5,16.543708943911067,1949.5000000000002,210,31,2027.0,2259.5,3499.5,17449.5
128,CZT - friction,49.50000000000001,0.4244567963617989,227.5,210,99,475.0,1217.5,5177.5,49727.49999999999
128,CZT - human challenge,13.5,11.25821121778676,1442.5,210,27,1510.0,1712.5000000000002,2792.5,14942.5
128,CZT - feedback,13.5,16.58413340070743,1966.5,210,27,2034.0,2236.5,3316.5,15466.5
129,ZT baseline,92.99999999999999,0.0,93.5,203,186,558.5,1953.5,9393.5,93093.5
129,Awareness training,87.50000000000001,0.0,93.5,203,175,531.0,1843.5000000000002,8843.5,87593.5
129,Uniform callback,27.0,14.734555740768803,1535.5,203,54,1670.5,2075.5,4235.5,28535.499999999996
129,CZT (full),11.999999999999998,10.971359296863161,1392.0,203,24,1452.0,1632.0000000000002,2592.0,13392.0
129,CZT - provenance,13.0,13.062585240187907,1586.0,203,26,1651.0,1845.9999999999998,2886.0000000000005,14585.999999999998
129,CZT - context,14.0,16.15901399201899,1904.0000000000002,203,28,1974.0,2184.0,3304.0000000000005,15904.0
129,CZT - authority,17.0,16.583320705157348,1877.5,203,34,1962.5,2217.5,3577.5,18877.5
129,CZT - channel,13.5,17.05308885184624,1986.9999999999998,203,27,2054.5,2257.0,3337.0,15487.0
129,CZT - friction,52.0,0.3434863868262868,195.5,203,104,455.5,1235.5,5395.5,52195.5
129,CZT - human challenge,11.999999999999998,10.971359296863161,1392.0,203,24,1452.0,1632.0000000000002,2592.0,13392.0
129,CZT - feedback,11.5,16.11860382886296,1895.5,203,23,1953.0,2125.5,3045.5,13395.5
130,ZT baseline,90.50000000000001,0.0,105.5,204,181,558.0,1915.5,9155.5,90605.49999999999
130,Awareness training,83.0,0.0,105.5,204,166,520.5,1765.5000000000002,8405.5,83105.49999999999
130,Uniform callback,27.0,14.86663972519701,1557.5,204,54,1692.5000000000002,2097.5,4257.5,28557.5
130,CZT (full),17.5,11.916548797736917,1522.0,204,35,1609.5,1872.0,3272.0,19022.0
130,CZT - provenance,17.5,13.437057991513438,1652.5,204,35,1739.9999999999998,2002.5,3402.5,19152.5
130,CZT - context,18.5,16.594261466963022,1988.0,204,37,2080.5,2358.0,3837.9999999999995,20488.0
130,CZT - authority,19.0,15.942614669630228,1842.5,204,38,1937.5,2222.5,3742.5000000000005,20842.5
130,CZT - channel,18.0,16.634673671448777,1979.4999999999998,204,36,2069.5,2339.5,3779.5,19979.5
130,CZT - friction,54.5,0.41927662153970496,230.0,204,109,502.50000000000006,1320.0,5679.999999999999,54730.0
130,CZT - human challenge,17.5,11.916548797736917,1522.0,204,35,1609.5,1872.0,3272.0,19022.0
130,CZT - feedback,17.5,16.33158213780562,1953.0,204,35,2040.5,2303.0,3703.0,19453.0
131,ZT baseline,89.5,0.0,87.50000000000001,203,179,535.0,1877.5,9037.5,89587.5
131,Awareness training,85.5,0.0,87.50000000000001,203,171,515.0,1797.5,8637.5,85587.5
131,Uniform callback,28.0,14.810324796686366,1545.0,203,56,1685.0,2105.0,4345.0,29545.0
131,CZT (full),11.999999999999998,11.127948679092793,1420.5,203,24,1480.4999999999998,1660.5,2620.5,13420.5
131,CZT - provenance,12.5,13.102995403343943,1596.4999999999998,203,25,1659.0,1846.5,2846.5,14096.5
131,CZT - context,13.5,15.23463150982472,1830.5,203,27,1898.0,2100.5,3180.5,15330.5
131,CZT - authority,14.499999999999998,16.133757640046472,1829.0,203,29,1901.5000000000002,2119.0,3279.0000000000005,16329.0
131,CZT - channel,13.0,15.901399201899277,1892.0,203,26,1957.0000000000002,2152.0,3192.0,14892.0
131,CZT - friction,43.5,0.43440925392736274,216.5,203,87,434.0,1086.5,4566.5,43716.5
131,CZT - human challenge,11.999999999999998,11.127948679092793,1420.5,203,24,1480.4999999999998,1660.5,2620.5,13420.5
131,CZT - feedback,11.999999999999998,16.229731777542053,1921.0,203,24,1981.0,2161.0,3121.0,13920.999999999998
132,ZT baseline,87.50000000000001,0.0,84.49999999999999,201,175,522.0,1834.5,8834.5,87584.5
132,Awareness training,80.5,0.0,84.49999999999999,201,161,487.0,1694.5,8134.5,80584.5
132,Uniform callback,26.5,15.147229658063537,1571.0,201,53,1703.5,2101.0,4221.0,28071.0
132,CZT (full),13.5,11.076316985706349,1387.5000000000002,201,27,1455.0,1657.5,2737.5,14887.5
132,CZT - provenance,14.0,12.753169351987474,1535.9999999999998,201,28,1606.0,1816.0000000000002,2936.0000000000005,15536.000000000002
132,CZT - context,14.499999999999998,15.15228041820294,1796.5,201,29,1869.0,2086.5,3246.5,16296.5
132,CZT - authority,15.0,14.217889792413757,1628.5,201,30,1703.5,1928.5,3128.5,16628.5
132,CZT - channel,14.499999999999998,15.768473155209858,1848.0,201,29,1920.5,2138.0,3298.0,16348.0
132,CZT - friction,48.5,0.3737562503156725,195.5,201,97,438.0,1165.5,5045.500000000001,48695.5
132,CZT - human challenge,13.5,11.076316985706349,1387.5000000000002,201,27,1455.0,1657.5,2737.5,14887.5
132,CZT - feedback,13.5,16.344259811101573,1904.0000000000002,201,27,1971.5,2174.0,3254.0,15404.0
133,ZT baseline,74.0,0.0,96.5,166,148,466.49999999999994,1576.5000000000002,7496.5,74096.5
133,Awareness training,70.0,0.0,96.5,166,140,446.5,1496.5,7096.5,70096.5
133,Uniform callback,23.999999999999996,15.075123525259654,1576.5000000000002,166,48,1696.5,2056.5,3976.5,25576.500000000004
133,CZT (full),11.999999999999998,13.098719370777454,1593.9999999999998,166,24,1654.0,1834.0,2794.0,13594.0
133,CZT - provenance,12.5,14.641524654633459,1727.4999999999998,166,25,1790.0,1977.5,2977.5,14227.5
133,CZT - context,12.5,17.31370374105072,2014.0,166,25,2076.5,2264.0,3264.0000000000005,14514.0
133,CZT - authority,13.0,17.056569527074718,1915.0,166,26,1980.0,2175.0,3215.0,14915.0
133,CZT - channel,12.5,18.821216093576687,2158.5,166,25,2221.0,2408.5,3408.5,14658.500000000002
133,CZT - friction,41.0,0.3428456186346678,198.00000000000003,166,82,403.0,1018.0,4298.0,41198.0
133,CZT - human challenge,11.999999999999998,13.098719370777454,1593.9999999999998,166,24,1654.0,1834.0,2794.0,13594.0
133,CZT - feedback,11.999999999999998,16.36079459513966,1915.5,166,24,1975.5,2155.5,3115.5,13915.5
134,ZT baseline,90.0,0.0,100.0,200,180,550.0,1900.0,9100.0,90100.0
134,Awareness training,82.5,0.0,100.0,200,165,512.5,1750.0,8350.0,82600.0
134,Uniform callback,22.5,14.449494949494948,1513.0,200,45,1625.5,1963.0,3763.0000000000005,24013.0
134,CZT (full),11.999999999999998,10.777777777777779,1389.5,200,24,1449.5,1629.5000000000002,2589.5,13389.5
134,CZT - provenance,12.5,12.434343434343434,1534.0,200,25,1596.4999999999998,1784.0,2784.0,14034.0
134,CZT - context,11.999999999999998,13.994949494949497,1709.5,200,24,1769.5,1949.5000000000002,2909.5,13709.499999999998
134,CZT - authority,13.0,14.075757575757574,1630.0,200,26,1695.0000000000002,1890.0,2930.0,14630.0
134,CZT - channel,12.5,15.383838383838382,1834.0,200,25,1896.5000000000002,2084.0,3084.0,14334.0
134,CZT - friction,53.0,0.393939393939394,217.0,200,106,482.0,1277.0,5517.0,53217.0
134,CZT - human challenge,11.999999999999998,10.777777777777779,1389.5,200,24,1449.5,1629.5000000000002,2589.5,13389.5
134,CZT - feedback,10.5,16.04040404040404,1901.5000000000002,200,21,1954.0,2111.5,2951.5000000000005,12401.5
135,ZT baseline,84.49999999999999,0.0,104.0,189,169,526.5,1794.0,8554.0,84604.0
135,Awareness training,79.00000000000001,0.0,104.0,189,158,499.0,1684.0,8004.0,79104.0
135,Uniform callback,21.5,14.921003482913534,1564.5,189,43,1671.9999999999998,1994.4999999999998,3714.5,23064.5
135,CZT (full),11.5,11.433042249255463,1439.0,189,23,1496.5,1669.0,2589.0,12939.0
135,CZT - provenance,11.5,12.876684670132754,1565.0,189,23,1622.5,1795.0,2715.0,13065.0
135,CZT - context,13.0,15.698349401847459,1860.9999999999998,189,26,1926.0,2121.0,3161.0,14861.0
135,CZT - authority,13.5,15.254151733885216,1736.5,189,27,1804.0,2006.5,3086.5,15236.5
135,CZT - channel,11.999999999999998,16.60188784008884,1946.5,189,24,2006.5,2186.5,3146.5,13946.5
135,CZT - friction,42.0,0.3432436525162788,206.0,189,84,416.0,1046.0,4406.0,42206.0
135,CZT - human challenge,11.5,11.433042249255463,1439.0,189,23,1496.5,1669.0,2589.0,12939.0
135,CZT - feedback,11.5,16.57160163545505,1944.0,189,23,2001.5,2174.0,3094.0,13444.0
136,ZT baseline,95.99999999999999,0.0,103.0,214,192,583.0,2023.0,9703.0,96103.0
136,Awareness training,89.5,0.0,103.0,214,179,550.5,1893.0,9053.0,89603.0
136,Uniform callback,28.5,14.864045284544627,1555.9999999999998,214,57,1698.5,2126.0,4406.0,30056.0
136,CZT (full),16.5,12.453249772566462,1563.5,214,33,1646.0,1893.5,3213.5000000000005,18063.5
136,CZT - provenance,16.0,14.201960982512887,1719.0,214,32,1799.0,2039.0,3318.9999999999995,17719.0
136,CZT - context,16.0,15.72323865359345,1886.5000000000002,214,32,1966.5,2206.5,3486.5,17886.5
136,CZT - authority,20.5,17.50732841403012,1983.0,214,41,2085.5,2393.0,4033.0,22483.0
136,CZT - channel,16.5,16.96654199939351,1997.0,214,33,2079.5,2327.0,3647.0000000000005,18497.0
136,CZT - friction,60.5,0.3992722126756293,220.5,214,121,523.0,1430.5,6270.5,60720.5
136,CZT - human challenge,16.5,12.453249772566462,1563.5,214,33,1646.0,1893.5,3213.5000000000005,18063.5
136,CZT - feedback,16.0,16.248862832305672,1934.5,214,32,2014.5,2254.5,3534.5,17934.5
137,ZT baseline,92.0,0.0,92.5,208,184,552.5,1932.5,9292.5,92092.50000000001
137,Awareness training,87.50000000000001,0.0,92.5,208,175,530.0,1842.5,8842.5,87592.5
137,Uniform callback,29.5,15.127324171382378,1572.0,208,59,1719.5,2162.0,4522.0,31072.000000000004
137,CZT (full),18.0,11.929062247372677,1482.0,208,36,1572.0,1842.0,3282.0,19482.0
137,CZT - provenance,18.5,13.8338722716249,1644.0,208,37,1736.5,2014.0,3494.0,20144.000000000004
137,CZT - context,18.0,15.925626515763943,1880.0,208,36,1970.0,2240.0,3680.0,19880.0
137,CZT - authority,21.0,16.461196443007275,1856.5,208,42,1961.5,2276.5,3956.5,22856.5
137,CZT - channel,18.5,16.739086499595796,1961.0,208,37,2053.5,2331.0,3811.0,20461.0
137,CZT - friction,54.0,0.40925626515763947,214.0,208,108,484.0,1293.9999999999998,5614.0,54214.0
137,CZT - human challenge,18.0,11.929062247372677,1482.0,208,36,1572.0,1842.0,3282.0,19482.0
137,CZT - feedback,17.5,16.511721907841554,1933.5,208,35,2021.0,2283.5,3683.5,19433.5
138,ZT baseline,94.0,0.0,103.5,208,188,573.5,1983.5,9503.5,94103.5
138,Awareness training,88.0,0.0,103.5,208,176,543.5,1863.4999999999998,8903.5,88103.5
138,Uniform callback,28.0,15.056588520614389,1575.5,208,56,1715.5,2135.5,4375.5,29575.5
138,CZT (full),15.5,11.93916734033953,1494.0,208,31,1571.5000000000002,1804.0,3044.0,16994.0
138,CZT - provenance,16.0,13.419563459983832,1625.5,208,32,1705.5,1945.5,3225.5,17625.5
138,CZT - context,16.5,15.233427647534356,1821.0000000000002,208,33,1903.5,2151.0,3471.0,18321.0
138,CZT - authority,18.0,15.117219078415523,1729.0,208,36,1819.0,2089.0,3529.0,19729.0
138,CZT - channel,17.0,16.27930476960388,1913.5,208,34,1998.5,2253.5,3613.5,18913.5
138,CZT - friction,54.0,0.38904607922392886,218.0,208,108,488.00000000000006,1298.0,5618.0,54218.0
138,CZT - human challenge,15.5,11.93916734033953,1494.0,208,31,1571.5000000000002,1804.0,3044.0,16994.0
138,CZT - feedback,15.5,16.51677445432498,1940.5,208,31,2018.0,2250.5,3490.5000000000005,17440.5
139,ZT baseline,100.0,0.0,90.0,216,200,590.0,2090.0,10089.999999999998,100090.0
139,Awareness training,96.5,0.0,90.0,216,193,572.5,2020.0000000000002,9740.0,96590.0
139,Uniform callback,31.0,15.199150828952689,1582.5,216,62,1737.4999999999998,2202.5,4682.5,32582.5
139,CZT (full),19.0,11.423372422159321,1455.5000000000002,216,38,1550.5,1835.5,3355.5,20455.5
139,CZT - provenance,19.0,13.293570562070359,1621.0,216,38,1716.0,2001.0,3521.0000000000005,20621.0
139,CZT - context,19.0,15.30529720986656,1838.0,216,38,1933.0,2218.0,3738.0,20838.0
139,CZT - authority,23.5,16.40214314597655,1855.9999999999998,216,47,1973.5,2326.0,4206.0,25356.0
139,CZT - channel,19.0,16.220177921552768,1923.9999999999998,216,38,2019.0,2304.0,3824.0,20924.0
139,CZT - friction,54.5,0.42964011322280626,217.49999999999997,216,109,490.0,1307.5,5667.5,54717.5
139,CZT - human challenge,19.0,11.423372422159321,1455.5000000000002,216,38,1550.5,1835.5,3355.5,20455.5
139,CZT - feedback,18.0,16.20501415285079,1923.5,216,36,2013.5,2283.5,3723.5,19923.5
140,ZT baseline,87.50000000000001,0.0,95.5,197,175,533.0,1845.5,8845.5,87595.50000000001
140,Awareness training,82.0,0.0,95.5,197,164,505.5,1735.5,8295.5,82095.5
140,Uniform callback,21.5,15.401706812099178,1607.5,197,43,1715.0000000000002,2037.4999999999998,3757.4999999999995,23107.5
140,CZT (full),10.5,11.735595616825734,1487.0,197,21,1539.5,1697.0,2537.0,11987.000000000002
140,CZT - provenance,11.0,13.422208756249054,1633.0,197,22,1688.0,1853.0,2733.0,12633.0
140,CZT - context,11.5,15.952128465384034,1903.0,197,23,1960.5,2133.0,3053.0,13403.0
140,CZT - authority,14.0,16.406605059839418,1861.5,197,28,1931.4999999999998,2141.5,3261.5,15861.5
140,CZT - channel,11.0,16.21471494218048,1920.5,197,22,1975.5,2140.5,3020.5,12920.5
140,CZT - friction,47.0,0.43932737464020605,225.99999999999997,197,94,461.0,1166.0,4926.0,47226.0
140,CZT - human challenge,10.5,11.735595616825734,1487.0,197,21,1539.5,1697.0,2537.0,11987.000000000002
140,CZT - feedback,10.0,16.815633994849264,1982.5,197,20,2032.4999999999998,2182.5,2982.5,11982.5
141,ZT baseline,103.5,0.0,101.5,228,207,619.0,2171.5,10451.5,103601.50000000001
141,Awareness training,97.0,0.0,101.5,228,194,586.5,2041.5,9801.5,97101.5
141,Uniform callback,34.5,15.253894396115719,1594.5,228,69,1767.0,2284.5,5044.499999999999,36094.5
141,CZT (full),15.0,11.728707262795874,1490.0,228,30,1565.0,1790.0,2990.0,16490.0
141,CZT - provenance,15.0,13.316811652842404,1633.0,228,30,1708.0,1933.0,3133.0000000000005,16633.0
141,CZT - context,16.0,15.420797086789397,1858.0,228,32,1938.0,2178.0,3458.0,17858.0
141,CZT - authority,18.5,16.300829455796077,1852.5,228,37,1945.0,2222.5,3702.5000000000005,20352.5
141,CZT - channel,16.5,16.543597005866882,1952.0000000000002,228,33,2034.5,2282.0,3602.0,18452.0
141,CZT - friction,60.5,0.44001618450333807,231.99999999999997,228,121,534.5,1442.0,6282.0,60732.0
141,CZT - human challenge,15.0,11.728707262795874,1490.0,228,30,1565.0,1790.0,2990.0,16490.0
141,CZT - feedback,14.499999999999998,16.34129071414121,1944.0,228,29,2016.5,2234.0,3394.0,16444.0
142,ZT baseline,94.0,0.0,98.5,206,188,568.5,1978.5,9498.5,94098.5
142,Awareness training,87.50000000000001,0.0,98.5,206,175,536.0,1848.4999999999998,8848.5,87598.5
142,Uniform callback,29.5,15.161159947458827,1587.0,206,59,1734.5,2177.0,4537.0,31086.999999999996
142,CZT (full),18.5,14.433666767707386,1729.5,206,37,1822.0,2099.5,3579.5,20229.499999999996
142,CZT - provenance,18.5,14.90855814893402,1758.0000000000002,206,37,1850.5,2128.0,3608.0,20258.0
142,CZT - context,19.0,18.657168839042136,2148.0,206,38,2243.0,2528.0000000000005,4048.0,21147.999999999996
142,CZT - authority,21.5,18.67737698292412,2078.5,206,43,2186.0,2508.5,4228.5,23578.5
142,CZT - channel,19.0,20.612306759624126,2332.5,206,38,2427.5,2712.5,4232.5,21332.5
142,CZT - friction,53.5,0.3536425179347277,202.5,206,107,470.0,1272.5,5552.5,53702.50000000001
142,CZT - human challenge,18.5,14.433666767707386,1729.5,206,37,1822.0,2099.5,3579.5,20229.499999999996
142,CZT - feedback,18.5,16.343336364554915,1916.4999999999998,206,37,2009.0,2286.5,3766.5,20416.500000000004
143,ZT baseline,95.0,0.0,91.0,206,190,566.0,1991.0,9591.0,95091.0
143,Awareness training,90.0,0.0,91.0,206,180,541.0,1891.0,9091.0,90091.0
143,Uniform callback,26.5,14.706476710114174,1535.9999999999998,206,53,1668.5,2066.0,4186.0,28036.0
143,CZT (full),10.5,11.917752854400323,1482.5,206,21,1535.0,1692.5000000000002,2532.4999999999995,11982.5
143,CZT - provenance,11.0,13.463675861372131,1625.0,206,22,1680.0,1845.0,2725.0,12625.0
143,CZT - context,10.5,16.035162170354653,1892.5,206,21,1945.0,2102.5,2942.5,12392.5
143,CZT - authority,15.5,17.616449429119935,1967.5,206,31,2044.9999999999998,2277.5,3517.5,17467.5
143,CZT - channel,11.0,16.929372537132465,1969.0,206,22,2024.0,2189.0,3069.0,12969.0
143,CZT - friction,49.50000000000001,0.3485904819642316,194.0,206,99,441.5,1184.0,5144.0,49694.0
143,CZT - human challenge,10.5,11.917752854400323,1482.5,206,21,1535.0,1692.5000000000002,2532.4999999999995,11982.5
143,CZT - feedback,10.0,16.136202889764576,1894.5,206,20,1944.5000000000002,2094.5,2894.5,11894.499999999998
144,ZT baseline,94.0,0.0,95.99999999999999,211,188,566.0,1976.0,9496.0,94096.0
144,Awareness training,87.50000000000001,0.0,95.99999999999999,211,175,533.5,1845.9999999999998,8846.0,87596.0
144,Uniform callback,26.0,14.897165091717621,1555.0,211,52,1685.0,2075.0,4155.0,27555.0
144,CZT (full),13.0,11.915710748395574,1481.5,211,26,1546.5,1741.5,2781.5,14481.5
144,CZT - provenance,13.0,13.11839911061701,1586.5000000000002,211,26,1651.5,1846.5,2886.5,14586.5
144,CZT - context,15.0,15.756228207590075,1860.0,211,30,1935.0,2160.0,3360.0,16860.0
144,CZT - authority,16.5,16.731517509727624,1878.5,211,33,1961.0,2208.5,3528.5,18378.5
144,CZT - channel,14.499999999999998,16.499065137197434,1939.5,211,29,2012.0,2229.5,3389.4999999999995,16439.5
144,CZT - friction,49.50000000000001,0.363838496134216,204.00000000000003,211,99,451.5,1194.0,5154.0,49704.0
144,CZT - human challenge,13.0,11.915710748395574,1481.5,211,26,1546.5,1741.5,2781.5,14481.5
144,CZT - feedback,12.5,15.902774268533024,1872.5,211,25,1935.0,2122.5,3122.5000000000005,14372.5
145,ZT baseline,89.5,0.0,93.5,206,179,541.0,1883.5,9043.5,89593.5
145,Awareness training,86.5,0.0,93.5,206,173,526.0,1823.5000000000002,8743.5,86593.5
145,Uniform callback,25.0,14.797413357583105,1544.5,206,50,1669.4999999999998,2044.5,4044.4999999999995,26544.500000000004
145,CZT (full),14.499999999999998,12.84227543700111,1571.0,206,29,1643.5,1860.9999999999998,3021.0,16071.0
145,CZT - provenance,14.499999999999998,14.554915630999293,1723.5,206,29,1796.0,2013.5,3173.5,16223.5
145,CZT - context,15.5,17.899363443467717,2070.0,206,31,2147.5,2380.0,3620.0,17570.0
145,CZT - authority,16.5,17.838739011821765,1982.5,206,33,2065.0,2312.5,3632.5,18482.5
145,CZT - channel,15.5,18.146913206022028,2093.0,206,31,2170.5,2403.0,3643.0,17593.0
145,CZT - friction,53.5,0.36879862584621603,203.0,206,107,470.5,1273.0,5553.0,53703.0
145,CZT - human challenge,14.499999999999998,12.84227543700111,1571.0,206,29,1643.5,1860.9999999999998,3021.0,16071.0
145,CZT - feedback,14.0,16.28776396887946,1909.5,206,28,1979.4999999999998,2189.5,3309.5,15909.5
146,ZT baseline,95.0,0.0,102.5,207,190,577.5,2002.5,9602.5,95102.49999999999
146,Awareness training,87.50000000000001,0.0,102.5,207,175,540.0,1852.5,8852.5,87602.49999999999
146,Uniform callback,26.5,15.212448845551457,1593.5,207,53,1726.0,2123.5,4243.5,28093.499999999996
146,CZT (full),13.0,11.155459000656798,1416.5,207,26,1481.5,1676.5,2716.5,14416.500000000002
146,CZT - provenance,14.0,13.090486535643914,1589.0000000000002,207,28,1659.0,1869.0,2989.0,15589.0
146,CZT - context,16.0,15.328651543474967,1831.0000000000002,207,32,1911.0,2151.0,3431.0,17831.0
146,CZT - authority,18.0,15.914717324306574,1795.0,207,36,1885.0,2155.0,3595.0,19795.0
146,CZT - channel,15.0,15.520638609609458,1845.5,207,30,1920.5,2145.5,3345.5,16845.5
146,CZT - friction,60.0,0.34355580255645934,204.5,207,120,504.5,1404.5,6204.499999999999,60204.5
146,CZT - human challenge,13.0,11.155459000656798,1416.5,207,26,1481.5,1676.5,2716.5,14416.500000000002
146,CZT - feedback,12.5,16.44015561056939,1930.0,207,25,1992.5,2180.0,3180.0,14430.0
147,ZT baseline,99.00000000000001,0.0,90.50000000000001,211,198,585.5,2070.5,9990.5,99090.5
147,Awareness training,94.0,0.0,90.50000000000001,211,188,560.5,1970.5,9490.5,94090.5
147,Uniform callback,28.5,14.669766031633735,1531.5,211,57,1674.0,2101.5,4381.5,30031.500000000004
147,CZT (full),10.0,12.229016120066703,1514.5,211,20,1564.5,1714.5,2514.5,11514.5
147,CZT - provenance,10.0,13.760169791298196,1654.0,211,20,1704.0,1854.0,2654.0000000000005,11654.0
147,CZT - context,11.0,16.670877760371923,1953.5,211,22,2008.5,2173.5,3053.5,12953.5
147,CZT - authority,14.499999999999998,18.485016928596696,2050.5,211,29,2123.0,2340.5,3500.4999999999995,16550.5
147,CZT - channel,11.5,17.32780837839204,2019.0,211,23,2076.5,2249.0,3169.0,13519.000000000002
147,CZT - friction,56.49999999999999,0.3436252463489818,192.5,211,113,475.0,1322.5,5842.500000000001,56692.5
147,CZT - human challenge,10.0,12.229016120066703,1514.5,211,20,1564.5,1714.5,2514.5,11514.5
147,CZT - feedback,10.0,16.16049320329476,1901.0,211,20,1951.0,2101.0,2901.0000000000005,11901.0
148,ZT baseline,88.0,0.0,94.5,192,176,534.5,1854.5,8894.5,88094.5
148,Awareness training,82.0,0.0,94.5,192,164,504.5,1734.5,8294.5,82094.5
148,Uniform callback,27.0,14.766760904684975,1540.0,192,54,1675.0,2080.0,4240.0,28540.0
148,CZT (full),11.0,10.924878836833603,1378.5,192,22,1433.5,1598.5,2478.5,12378.499999999998
148,CZT - provenance,11.5,12.646405492730208,1538.0,192,23,1595.5,1768.0000000000002,2688.0,13038.0
148,CZT - context,12.5,14.524434571890147,1736.0,192,25,1798.5,1986.0,2985.9999999999995,14236.0
148,CZT - authority,14.499999999999998,14.842487883683361,1696.0,192,29,1768.5,1986.0,3146.0,16196.0
148,CZT - channel,11.5,15.311995153473342,1807.0,192,23,1864.5,2037.0,2957.0,13307.0
148,CZT - friction,45.5,0.36348949919224555,202.0,192,91,429.5,1112.0,4752.0,45702.0
148,CZT - human challenge,11.0,10.924878836833603,1378.5,192,22,1433.5,1598.5,2478.5,12378.499999999998
148,CZT - feedback,10.5,16.44789983844911,1919.5,192,21,1971.9999999999998,2129.5,2969.5,12419.500000000002
149,ZT baseline,92.99999999999999,0.0,97.5,211,186,562.5,1957.5,9397.5,93097.5
149,Awareness training,85.5,0.0,97.5,211,171,525.0,1807.5,8647.5,85597.5
149,Uniform callback,28.0,14.73040578098944,1540.0,211,56,1680.0,2100.0,4340.0,29540.0
149,CZT (full),13.5,10.606902824801658,1363.0,211,27,1430.5,1633.0,2713.0,14863.0
149,CZT - provenance,13.5,12.143109808479458,1501.0,211,27,1568.5,1771.0,2851.0,15001.0
149,CZT - context,13.5,14.341300722623679,1738.0,211,27,1805.4999999999998,2008.0,3088.0,15238.0
149,CZT - authority,19.5,16.50411844964374,1863.0,211,39,1960.5,2253.0,3812.9999999999995,21363.0
149,CZT - channel,14.0,15.21552377583506,1817.0,211,28,1887.0,2097.0,3217.0,15817.000000000002
149,CZT - friction,47.0,0.3587851836879074,204.00000000000003,211,94,439.0,1144.0,4904.0,47204.0
149,CZT - human challenge,13.5,10.606902824801658,1363.0,211,27,1430.5,1633.0,2713.0,14863.0
149,CZT - feedback,13.0,16.05942695436859,1896.5000000000002,211,26,1961.5,2156.5,3196.5,14896.5
150,ZT baseline,92.99999999999999,0.0,106.0,201,186,571.0,1966.0,9406.0,93106.00000000001
150,Awareness training,88.5,0.0,106.0,201,177,548.5,1876.0,8956.0,88606.0
150,Uniform callback,25.500000000000004,15.425021465730593,1619.5,201,51,1747.0,2129.5,4169.5,27119.5
150,CZT (full),11.5,12.591545027526644,1585.5,201,23,1643.0,1815.5,2735.5,13085.500000000002
150,CZT - provenance,11.5,14.490630839941412,1753.5,201,23,1811.0,1983.5,2903.5,13253.5
150,CZT - context,12.5,17.23319359563614,2044.5,201,25,2107.0,2294.5,3294.5,14544.5
150,CZT - authority,14.0,16.4957826152836,1890.5,201,28,1960.5,2170.5,3290.5,15890.5
150,CZT - channel,12.5,18.642355674529014,2176.0,201,25,2238.5,2426.0,3426.0,14676.0
150,CZT - friction,48.5,0.3939592908732764,223.0,201,97,465.5,1193.0,5073.0,48723.0
150,CZT - human challenge,11.5,12.591545027526644,1585.5,201,23,1643.0,1815.5,2735.5,13085.500000000002
150,CZT - feedback,11.5,16.80892974392646,2000.0,201,23,2057.5,2230.0,3150.0,13500.0
151,ZT baseline,97.5,0.0,102.00000000000001,217,195,589.5,2052.0,9852.0,97602.0
151,Awareness training,92.0,0.0,102.00000000000001,217,184,562.0,1942.0000000000002,9302.0,92102.0
151,Uniform callback,28.999999999999996,14.835970277510993,1560.0,217,58,1705.0000000000002,2140.0,4460.0,30560.0
151,CZT (full),15.0,11.92437951776778,1501.5,217,30,1576.5000000000002,1801.5,3001.4999999999995,16501.5
151,CZT - provenance,15.0,13.344790982156397,1618.9999999999998,217,30,1694.0,1918.9999999999998,3119.0,16619.0
151,CZT - context,15.0,16.842743769903453,1990.5,217,30,2065.5,2290.5,3490.5000000000005,16990.5
151,CZT - authority,18.5,17.08537633321539,1935.0,217,37,2027.5000000000002,2305.0,3785.0,20435.0
151,CZT - channel,16.0,17.156144164181367,2017.0,217,32,2097.0,2337.0,3617.0,18017.0
151,CZT - friction,49.50000000000001,0.374058535105899,213.0,217,99,460.5,1203.0,5163.0,49713.0
151,CZT - human challenge,15.0,11.92437951776778,1501.5,217,30,1576.5000000000002,1801.5,3001.4999999999995,16501.5
151,CZT - feedback,14.499999999999998,16.499014305211546,1951.0,217,29,2023.5,2241.0,3401.0,16451.0
152,ZT baseline,90.0,0.0,116.5,196,180,566.5,1916.4999999999998,9116.5,90116.5
152,Awareness training,84.49999999999999,0.0,116.5,196,169,539.0,1806.5,8566.5,84616.5
152,Uniform callback,27.0,15.224197131892547,1606.4999999999998,196,54,1741.5,2146.5,4306.5,28606.5
152,CZT (full),11.5,11.017976166431025,1437.5,196,23,1495.0,1667.5,2587.5,12937.5
152,CZT - provenance,11.5,12.840840234296103,1593.9999999999998,196,23,1651.5,1824.0,2744.0,13093.999999999998
152,CZT - context,11.999999999999998,14.961623914360736,1827.0,196,24,1887.0,2067.0,3027.0000000000005,13827.0
152,CZT - authority,15.5,15.203999192082406,1761.5,196,31,1839.0,2071.5,3311.5,17261.5
152,CZT - channel,11.5,15.390830135326198,1862.0,196,23,1919.5,2092.0,3012.0000000000005,13362.0
152,CZT - friction,45.0,0.43930519087053116,247.0,196,90,472.0,1147.0,4747.0,45247.0
152,CZT - human challenge,11.5,11.017976166431025,1437.5,196,23,1495.0,1667.5,2587.5,12937.5
152,CZT - feedback,11.5,16.617854978792163,1985.5,196,23,2043.0,2215.5,3135.5,13485.5
153,ZT baseline,81.0,0.0,99.00000000000001,176,162,504.0,1719.0,8199.0,81099.0
153,Awareness training,75.5,0.0,99.00000000000001,176,151,476.5,1608.9999999999998,7649.0,75599.0
153,Uniform callback,23.0,14.795197740112995,1553.4999999999998,176,46,1668.5,2013.5,3853.5000000000005,24553.5
153,CZT (full),15.0,10.951372074253431,1378.0,176,30,1453.0000000000002,1678.0,2878.0,16378.0
153,CZT - provenance,15.0,12.39406779661017,1507.5,176,30,1582.5,1807.5,3007.5,16507.5
153,CZT - context,14.499999999999998,14.341202582728007,1717.5000000000002,176,29,1790.0,2007.5000000000002,3167.4999999999995,16217.5
153,CZT - authority,18.0,15.138216303470543,1724.0,176,36,1814.0,2084.0,3524.0,19724.0
153,CZT - channel,14.499999999999998,14.548022598870055,1727.4999999999998,176,29,1800.0,2017.5000000000002,3177.4999999999995,16227.5
153,CZT - friction,43.5,0.3228410008071025,194.49999999999997,176,87,412.0,1064.5,4544.5,43694.49999999999
153,CZT - human challenge,15.0,10.951372074253431,1378.0,176,30,1453.0000000000002,1678.0,2878.0,16378.0
153,CZT - feedback,14.0,16.232849071832124,1899.5,176,28,1969.4999999999998,2179.5,3299.5,15899.5
154,ZT baseline,92.5,0.0,107.49999999999999,208,185,570.0,1957.5,9357.5,92607.5
154,Awareness training,87.0,0.0,107.49999999999999,208,174,542.5,1847.5,8807.5,87107.50000000001
154,Uniform callback,23.5,14.652384801940176,1543.4999999999998,208,47,1661.0,2013.5,3893.4999999999995,25043.5
154,CZT (full),11.999999999999998,11.140864995957962,1434.0,208,24,1494.0,1674.0,2634.0000000000005,13434.0
154,CZT - provenance,12.5,12.843573160873081,1578.0,208,25,1640.5,1828.0,2828.0,14078.0
154,CZT - context,13.0,14.803961196443009,1795.4999999999998,208,26,1860.5,2055.5,3095.5,14795.5
154,CZT - authority,13.5,14.950485044462408,1726.5,208,27,1794.0,1996.5,3076.5,15226.5
154,CZT - channel,13.0,15.258690379951496,1837.0,208,26,1902.0,2097.0,3137.0,14837.0
154,CZT - friction,50.5,0.4244139046079224,233.0,208,101,485.50000000000006,1243.0,5283.0,50733.0
154,CZT - human challenge,11.999999999999998,11.140864995957962,1434.0,208,24,1494.0,1674.0,2634.0000000000005,13434.0
154,CZT - feedback,11.999999999999998,16.223726758286176,1931.4999999999998,208,24,1991.5,2171.5,3131.5,13931.500000000002
155,ZT baseline,91.0,0.0,97.5,198,182,552.5,1917.5,9197.5,91097.5
155,Awareness training,87.0,0.0,97.5,198,174,532.5,1837.5,8797.5,87097.5
155,Uniform callback,27.0,14.932835067164932,1561.0,198,54,1696.0,2101.0,4261.0,28561.0
155,CZT (full),12.5,12.337137662862336,1515.5,198,25,1578.0,1765.5000000000002,2765.5,14015.5
155,CZT - provenance,13.5,14.326835673164325,1702.0,198,27,1769.5,1971.9999999999998,3052.0000000000005,15202.0
155,CZT - context,11.999999999999998,16.65993334006666,1941.0,198,24,2001.0,2181.0,3141.0,13940.999999999998
155,CZT - authority,16.0,16.503383496616504,1855.0,198,32,1935.0,2175.0,3454.9999999999995,17855.0
155,CZT - channel,13.0,17.93758206241794,2067.5,198,26,2132.5,2327.5,3367.5,15067.5
155,CZT - friction,51.00000000000001,0.2777497222502777,180.0,198,102,434.99999999999994,1200.0,5280.0,51180.0
155,CZT - human challenge,12.5,12.337137662862336,1515.5,198,25,1578.0,1765.5000000000002,2765.5,14015.5
155,CZT - feedback,12.5,16.013533986466015,1874.0,198,25,1936.5,2124.0,3124.0,14374.0
156,ZT baseline,85.0,0.0,119.5,197,170,544.5,1819.5,8619.5,85119.5
156,Awareness training,80.5,0.0,119.5,197,161,522.0,1729.5,8169.499999999999,80619.5
156,Uniform callback,30.0,14.805837499368781,1562.0,197,60,1712.0,2162.0,4562.0,31562.0
156,CZT (full),16.5,11.114477604403374,1413.5,197,33,1496.0,1743.5,3063.5,17913.5
156,CZT - provenance,16.5,12.432459728323991,1528.5000000000002,197,33,1611.0,1858.4999999999998,3178.5,18028.5
156,CZT - context,16.5,14.972478917335758,1797.0,197,33,1879.5,2127.0,3447.0,18297.0
156,CZT - authority,21.5,15.977377165075998,1825.5,197,43,1933.0,2255.5,3975.5,23325.5
156,CZT - channel,16.5,15.29566227339292,1824.5,197,33,1907.0,2154.5,3474.5,18324.5
156,CZT - friction,48.5,0.34338231581073575,221.00000000000003,197,97,463.5,1191.0,5071.0,48721.0
156,CZT - human challenge,16.5,11.114477604403374,1413.5,197,33,1496.0,1743.5,3063.5,17913.5
156,CZT - feedback,16.5,15.942028985507244,1887.0,197,33,1969.4999999999998,2217.0,3537.0,18387.0
157,ZT baseline,95.5,0.0,105.0,208,191,582.5,2015.0000000000002,9655.0,95605.0
157,Awareness training,89.0,0.0,105.0,208,178,550.0,1885.0,9005.0,89105.00000000001
157,Uniform callback,32.0,14.637227162489893,1541.5,208,64,1701.5,2181.5,4741.5,33541.5
157,CZT (full),15.5,12.656628940986256,1565.5,208,31,1643.0,1875.5,3115.5,17065.5
157,CZT - provenance,15.0,13.636822958771223,1645.0,208,30,1719.9999999999998,1945.0,3145.0,16645.0
157,CZT - context,16.0,16.855295068714632,1981.0,208,32,2061.0,2301.0,3580.9999999999995,17981.0
157,CZT - authority,20.0,17.16350040420372,1935.0,208,40,2034.9999999999998,2335.0,3935.0,21934.999999999996
157,CZT - channel,15.0,17.75970088924818,2066.5,208,30,2141.5,2366.5,3566.5,17066.5
157,CZT - friction,54.5,0.34357316087308004,207.0,208,109,479.5,1297.0,5657.0,54707.0
157,CZT - human challenge,15.5,12.656628940986256,1565.5,208,31,1643.0,1875.5,3115.5,17065.5
157,CZT - feedback,14.499999999999998,15.900363783346808,1884.0000000000002,208,29,1956.5,2174.0,3333.9999999999995,16384.0
158,ZT baseline,84.0,0.0,102.00000000000001,193,168,522.0,1782.0,8502.0,84102.0
158,Awareness training,80.5,0.0,102.00000000000001,193,161,504.5,1712.0,8152.0,80602.0
158,Uniform callback,26.0,14.656434593830465,1536.5,193,52,1666.5,2056.5,4136.5,27536.5
158,CZT (full),11.5,10.980966325036604,1390.0000000000002,193,23,1447.5,1620.0,2540.0,12890.0
158,CZT - provenance,11.5,12.424900287777048,1515.5,193,23,1573.0,1745.5,2665.5,13015.5
158,CZT - context,12.5,14.792750037865401,1765.0,193,25,1827.5,2015.0000000000002,3015.0,14265.000000000002
158,CZT - authority,14.499999999999998,15.322865653556825,1736.0,193,29,1808.5,2026.0,3186.0,16236.0
158,CZT - channel,11.999999999999998,15.69647094461554,1853.4999999999998,193,24,1913.5,2093.5,3053.5,13853.5
158,CZT - friction,51.00000000000001,0.34836169031150604,205.0,193,102,460.0,1225.0,5305.0,51205.0
158,CZT - human challenge,11.5,10.980966325036604,1390.0000000000002,193,23,1447.5,1620.0,2540.0,12890.0
158,CZT - feedback,11.0,16.352804564043016,1913.0,193,22,1968.0,2133.0,3013.0,12912.999999999998
159,ZT baseline,86.5,0.0,98.5,194,173,531.0,1828.5000000000002,8748.5,86598.5
159,Awareness training,80.5,0.0,98.5,194,161,501.0,1708.5,8148.5,80598.50000000001
159,Uniform callback,23.999999999999996,14.72281126931233,1544.5,194,48,1664.4999999999998,2024.5,3944.5000000000005,25544.5
159,CZT (full),14.0,10.703827123094012,1368.5,194,28,1438.5,1648.5,2768.5,15368.5
159,CZT - provenance,14.0,12.465919418358073,1516.0000000000002,194,28,1586.0,1796.0,2916.0000000000005,15516.0
159,CZT - context,16.0,15.338786226396042,1823.0,194,32,1903.0,2143.0,3423.0,17823.0
159,CZT - authority,16.5,15.232757750176715,1747.5,194,33,1830.0,2077.5,3397.5,18247.5
159,CZT - channel,15.0,15.904271432899122,1874.5,194,30,1949.5000000000002,2174.5,3374.5000000000005,16874.5
159,CZT - friction,52.5,0.36857517923861455,207.5,194,105,470.0,1257.5,5457.5,52707.49999999999
159,CZT - human challenge,14.0,10.703827123094012,1368.5,194,28,1438.5,1648.5,2768.5,15368.5
159,CZT - feedback,14.0,16.035544784408764,1889.0000000000002,194,28,1959.0,2169.0,3289.0000000000005,15889.0
160,ZT baseline,90.50000000000001,0.0,85.0,197,181,537.5,1895.0,9135.0,90585.0
160,Awareness training,85.0,0.0,85.0,197,170,509.99999999999994,1785.0,8585.0,85085.0
160,Uniform callback,28.5,15.073473716103623,1566.0,197,57,1708.5,2136.0,4416.0,30066.0
160,CZT (full),16.0,12.750593344442763,1556.5,197,32,1636.5,1876.5,3156.5,17556.5
160,CZT - provenance,16.0,13.901934050396406,1653.5,197,32,1733.5,1973.5,3253.4999999999995,17653.5
160,CZT - context,16.5,17.638741604807354,2037.4999999999998,197,33,2120.0,2367.5,3687.5,18537.5
160,CZT - authority,19.0,17.95182548098773,1987.5,197,38,2082.5,2367.5,3887.5,20987.5
160,CZT - channel,16.0,18.280058576983286,2094.5,197,32,2174.5,2414.5,3694.5,18094.5
160,CZT - friction,53.0,0.3534817956875221,190.0,197,106,455.0,1250.0,5490.0,53190.0
160,CZT - human challenge,16.0,12.750593344442763,1556.5,197,32,1636.5,1876.5,3156.5,17556.5
160,CZT - feedback,16.0,16.39145584002424,1913.5,197,32,1993.5,2233.5,3513.5,17913.5
161,ZT baseline,80.0,0.0,98.0,184,160,497.99999999999994,1698.0,8098.0,80098.0
161,Awareness training,73.0,0.0,98.0,184,146,463.0,1558.0,7398.0,73098.0
161,Uniform callback,20.5,15.351231328219619,1601.4999999999998,184,41,1704.0,2011.5,3651.4999999999995,22101.5
161,CZT (full),10.5,11.364553895841745,1444.0,184,21,1496.5,1654.0,2494.0,11943.999999999998
161,CZT - provenance,11.0,13.196406943883732,1606.4999999999998,184,22,1661.5,1826.5,2706.5,12606.5
161,CZT - context,10.5,14.88191360516754,1794.0,184,21,1846.5,2004.0,2844.0,12294.0
161,CZT - authority,14.0,15.825595478401292,1809.5,184,28,1879.5,2089.5,3209.5,15809.5
161,CZT - channel,11.0,16.032498990714576,1900.0,184,22,1955.0,2120.0,3000.0,12900.0
161,CZT - friction,48.5,0.3734356075898264,208.5,184,97,451.0,1178.5,5058.5,48708.5
161,CZT - human challenge,10.5,11.364553895841745,1444.0,184,21,1496.5,1654.0,2494.0,11943.999999999998
161,CZT - feedback,10.5,17.09729511505854,2003.5,184,21,2056.0,2213.5,3053.5,12503.5
162,ZT baseline,98.0,0.0,90.0,217,196,580.0,2050.0,9890.0,98090.0
162,Awareness training,90.0,0.0,90.0,217,180,540.0,1890.0,9090.0,90090.0
162,Uniform callback,28.0,14.992670474649952,1563.0,217,56,1703.0,2123.0,4363.0,29563.0
162,CZT (full),14.0,10.984178334934034,1389.0,217,28,1459.0,1669.0,2789.0,15389.0
162,CZT - provenance,14.0,13.051609968154477,1578.5,217,28,1648.5,1858.4999999999998,2978.5,15578.5
162,CZT - context,14.499999999999998,15.159480361926908,1800.4999999999998,217,29,1873.0,2090.5,3250.5,16300.5
162,CZT - authority,16.0,14.810696052166,1680.0,217,32,1760.0,2000.0,3280.0,17680.0
162,CZT - channel,14.499999999999998,15.73573269979275,1845.9999999999998,217,29,1918.5,2136.0,3296.0,16346.0
162,CZT - friction,59.0,0.38922307031289494,205.0,217,118,500.0,1385.0000000000002,6105.0,59205.0
162,CZT - human challenge,14.0,10.984178334934034,1389.0,217,28,1459.0,1669.0,2789.0,15389.0
162,CZT - feedback,13.5,16.064297629277664,1884.5,217,27,1952.0000000000002,2154.5,3234.5,15384.500000000002
163,ZT baseline,85.0,0.0,94.0,194,170,519.0,1794.0,8594.0,85094.0
163,Awareness training,77.5,0.0,94.0,194,155,481.5,1644.0,7844.0,77594.0
163,Uniform callback,25.0,15.192365949712208,1583.0,194,50,1708.0,2083.0,4083.0,26583.0
163,CZT (full),11.0,10.703827123094012,1376.5,194,22,1431.5,1596.4999999999998,2476.5,12376.5
163,CZT - provenance,11.999999999999998,12.566898919519337,1548.4999999999998,194,24,1608.5,1788.5,2748.5,13548.500000000002
163,CZT - context,11.999999999999998,14.273452489144702,1731.0,194,24,1791.0,1971.0,2931.0000000000005,13731.0
163,CZT - authority,15.5,15.237806725234776,1754.0,194,31,1831.5,2064.0,3304.0000000000005,17254.0
163,CZT - channel,11.5,14.778349994951027,1768.5,194,23,1826.0000000000002,1998.5,2918.5,13268.5
163,CZT - friction,49.0,0.3837221044128042,208.0,194,98,453.0,1188.0,5108.0,49208.0
163,CZT - human challenge,11.0,10.703827123094012,1376.5,194,22,1431.5,1596.4999999999998,2476.5,12376.5
163,CZT - feedback,10.0,16.17186711097647,1913.9999999999998,194,20,1964.0,2114.0,2914.0,11914.0
164,ZT baseline,80.0,0.0,105.0,173,160,505.00000000000006,1705.0000000000002,8105.0,80105.0
164,Awareness training,73.0,0.0,105.0,173,146,470.0,1565.0,7405.000000000001,73105.0
164,Uniform callback,26.0,14.762697331921117,1553.4999999999998,173,52,1683.5,2073.5,4153.5,27553.5
164,CZT (full),10.5,12.145054723357038,1500.0,173,21,1552.5,1710.0000000000002,2550.0,12000.0
164,CZT - provenance,11.0,13.935542442124376,1660.0,173,22,1715.0000000000002,1880.0,2760.0000000000005,12660.0
164,CZT - context,11.0,16.048822313007516,1890.0,173,22,1945.0,2110.0,2990.0,12890.0
164,CZT - authority,12.5,15.963080647601755,1815.0,173,25,1877.5,2065.0,3065.0,14315.0
164,CZT - channel,11.5,18.10157865536894,2082.5,173,23,2140.0,2312.5,3232.5,13582.5
164,CZT - friction,43.5,0.3782720532607051,217.0,173,87,434.5,1087.0,4567.0,43717.0
164,CZT - human challenge,10.5,12.145054723357038,1500.0,173,21,1552.5,1710.0000000000002,2550.0,12000.0
164,CZT - feedback,10.5,16.346396328239273,1915.5,173,21,1968.0,2125.5,2965.5,12415.5
165,ZT baseline,88.5,0.0,104.49999999999999,201,177,547.0,1874.5,8954.5,88604.5
165,Awareness training,82.5,0.0,104.49999999999999,201,165,517.0,1754.5,8354.5,82604.5
165,Uniform callback,28.5,15.470478306985203,1621.4999999999998,201,57,1764.0,2191.5,4471.5,30121.5
165,CZT (full),17.5,12.940047477145312,1601.4999999999998,201,35,1689.0,1951.5,3351.5,19101.5
165,CZT - provenance,17.5,14.409818677710994,1719.9999999999998,201,35,1807.5,2070.0,3469.9999999999995,19220.0
165,CZT - context,17.5,17.697863528461035,2074.5,201,35,2162.0,2424.5,3824.5,19574.5
165,CZT - authority,20.0,17.526137683721398,1981.5,201,40,2081.5,2381.5,3981.5,21981.5
165,CZT - channel,17.5,18.687812515783627,2157.0,201,35,2244.5,2507.0,3907.0,19657.0
165,CZT - friction,52.0,0.42931461184908326,231.0,201,104,491.0,1271.0,5431.0,52230.99999999999
165,CZT - human challenge,17.5,12.940047477145312,1601.4999999999998,201,35,1689.0,1951.5,3351.5,19101.5
165,CZT - feedback,17.5,16.263447648871153,1925.5,201,35,2013.0,2275.5,3675.5,19425.5
166,ZT baseline,84.49999999999999,0.0,114.5,200,169,537.0,1804.5,8564.5,84614.49999999999
166,Awareness training,77.5,0.0,114.5,200,155,502.0,1664.4999999999998,7864.5,77614.5
166,Uniform callback,26.0,15.106060606060606,1591.5000000000002,200,52,1721.5,2111.5,4191.5,27591.5
166,CZT (full),17.0,12.121212121212121,1487.5,200,34,1572.5,1827.5,3187.5,18487.5
166,CZT - provenance,17.0,13.595959595959595,1620.5,200,34,1705.5,1960.5,3320.5,18620.5
166,CZT - context,17.5,17.47979797979798,2016.0,200,35,2103.5,2366.0,3766.0,19516.0
166,CZT - authority,19.5,17.52020202020202,1952.5,200,39,2050.0,2342.5,3902.5,21452.5
166,CZT - channel,17.0,18.303030303030305,2094.0,200,34,2179.0,2434.0,3794.0,19094.0
166,CZT - friction,45.5,0.2777777777777778,197.0,200,91,424.5,1107.0,4747.0,45697.0
166,CZT - human challenge,17.0,12.121212121212121,1487.5,200,34,1572.5,1827.5,3187.5,18487.5
166,CZT - feedback,17.0,16.69191919191919,1936.0,200,34,2021.0,2276.0,3636.0,18936.0
167,ZT baseline,86.5,0.0,96.5,192,173,529.0,1826.5,8746.5,86596.49999999999
167,Awareness training,84.0,0.0,96.5,192,168,516.5,1776.5,8496.5,84096.49999999999
167,Uniform callback,26.0,14.827342487883682,1549.5,192,52,1679.4999999999998,2069.5,4149.5,27549.5
167,CZT (full),13.5,11.207592891760905,1402.5000000000002,192,27,1470.0,1672.5,2752.5,14902.5
167,CZT - provenance,14.0,12.994749596122778,1567.0,192,28,1637.0000000000002,1847.0,2967.0,15567.0
167,CZT - context,13.5,16.129846526655896,1891.5000000000002,192,27,1959.0,2161.5,3241.5,15391.5
167,CZT - authority,14.499999999999998,16.094507269789986,1804.5,192,29,1877.0,2094.5,3254.5,16304.5
167,CZT - channel,14.499999999999998,17.467689822294023,2022.5000000000002,192,29,2095.0,2312.5,3472.5,16522.5
167,CZT - friction,45.0,0.297859450726979,184.5,192,90,409.5,1084.5,4684.5,45184.49999999999
167,CZT - human challenge,13.5,11.207592891760905,1402.5000000000002,192,27,1470.0,1672.5,2752.5,14902.5
167,CZT - feedback,13.5,16.09955573505654,1882.5,192,27,1950.0,2152.5,3232.5,15382.499999999998
168,ZT baseline,87.0,0.0,95.99999999999999,197,174,531.0,1836.0000000000002,8796.0,87096.0
168,Awareness training,82.5,0.0,95.99999999999999,197,165,508.5,1746.0,8346.0,82596.0
168,Uniform callback,28.5,15.194667474625057,1586.0,197,57,1728.5,2156.0,4436.0,30086.0
168,CZT (full),16.0,12.866737363025804,1577.0,197,32,1656.9999999999998,1897.0,3177.0,17577.0
168,CZT - provenance,16.0,14.108973387870524,1681.0,197,32,1761.0,2001.0,3281.0,17681.0
168,CZT - context,16.0,16.88633035398677,1971.9999999999998,197,32,2052.0,2292.0,3572.0,17972.0
168,CZT - authority,21.0,18.133616118769883,2015.0000000000002,197,42,2120.0,2435.0,4115.0,23015.0
168,CZT - channel,16.0,17.568045245669847,2044.0,197,32,2124.0,2364.0,3644.0,18044.0
168,CZT - friction,48.5,0.3231833560571631,191.5,197,97,434.0,1161.5,5041.5,48691.5
168,CZT - human challenge,16.0,12.866737363025804,1577.0,197,32,1656.9999999999998,1897.0,3177.0,17577.0
168,CZT - feedback,16.0,16.340958440640307,1916.0,197,32,1996.0,2236.0,3516.0000000000005,17916.0
169,ZT baseline,79.5,0.0,93.5,180,159,491.0,1683.5,8043.5,79593.5
169,Awareness training,75.0,0.0,93.5,180,150,468.5,1593.5,7593.5,75093.5
169,Uniform callback,21.0,15.554994954591322,1623.5,180,42,1728.5,2043.5,3723.5,22623.5
169,CZT (full),10.0,10.731584258324926,1384.5,180,20,1434.5,1584.5,2384.5,11384.5
169,CZT - provenance,10.0,11.538849646821392,1442.0,180,20,1492.0,1642.0000000000002,2442.0,11442.000000000002
169,CZT - context,11.5,14.106962663975784,1720.5,180,23,1778.0000000000002,1950.5,2870.5000000000005,13220.5
169,CZT - authority,14.0,13.87991927346115,1613.9999999999998,180,28,1684.0,1894.0000000000002,3014.0,15613.999999999998
169,CZT - channel,9.5,14.278506559031282,1733.5,180,19,1781.0,1923.5,2683.5,11233.5
169,CZT - friction,40.0,0.42381432896064586,218.5,180,80,418.5,1018.5,4218.5,40218.5
169,CZT - human challenge,10.0,10.731584258324926,1384.5,180,20,1434.5,1584.5,2384.5,11384.5
169,CZT - feedback,9.5,16.614530776992936,1962.5,180,19,2010.0000000000002,2152.5,2912.5,11462.5
170,ZT baseline,89.0,0.0,94.5,201,178,539.5,1874.5,8994.5,89094.5
170,Awareness training,86.5,0.0,94.5,201,173,527.0,1824.5,8744.5,86594.5
170,Uniform callback,25.500000000000004,14.621950603565836,1528.5000000000002,201,51,1656.0,2038.5,4078.5,27028.500000000004
170,CZT (full),14.499999999999998,10.944997222081923,1393.0,201,29,1465.5000000000002,1683.0,2843.0,15893.0
170,CZT - provenance,15.0,12.485479064599222,1527.5,201,30,1602.5,1827.5,3027.5,16527.5
170,CZT - context,15.0,14.758321127329662,1771.5,201,30,1846.5,2071.5,3271.5,16771.5
170,CZT - authority,16.5,15.586645790191426,1768.5,201,33,1850.9999999999998,2098.5,3418.5,18268.5
170,CZT - channel,14.499999999999998,15.57654426991262,1852.5,201,29,1925.0,2142.5,3302.5,16352.500000000002
170,CZT - friction,46.0,0.3535532097580686,199.0,201,92,429.0,1119.0,4799.0,46199.0
170,CZT - human challenge,14.499999999999998,10.944997222081923,1393.0,201,29,1465.5000000000002,1683.0,2843.0,15893.0
170,CZT - feedback,14.0,16.076569523713317,1898.0,201,28,1968.0,2178.0,3298.0,15898.000000000002
171,ZT baseline,82.0,0.0,108.5,176,164,518.5,1748.5,8308.5,82108.5
171,Awareness training,76.0,0.0,108.5,176,152,488.5,1628.5,7708.5,76108.5
171,Uniform callback,23.5,15.153349475383374,1595.5,176,47,1713.0,2065.5,3945.5,25095.5
171,CZT (full),11.0,13.47356739305892,1668.5,176,22,1723.5,1888.5,2768.5,12668.5
171,CZT - provenance,11.5,15.208837772397093,1829.0,176,23,1886.5000000000002,2059.0,2979.0,13329.0
171,CZT - context,11.5,17.524213075060533,2069.5,176,23,2127.0,2299.5,3219.5,13569.500000000002
171,CZT - authority,15.0,18.3363599677159,2064.5,176,30,2139.5,2364.5,3564.5,17064.5
171,CZT - channel,11.0,18.871065375302663,2184.0,176,22,2239.0,2404.0,3284.0000000000005,13184.0
171,CZT - friction,42.5,0.423728813559322,233.5,176,85,446.0,1083.5,4483.5,42733.5
171,CZT - human challenge,11.0,13.47356739305892,1668.5,176,22,1723.5,1888.5,2768.5,12668.5
171,CZT - feedback,11.0,16.918886198547213,2007.0,176,22,2062.0,2227.0,3106.9999999999995,13007.0
172,ZT baseline,89.5,0.0,94.5,198,179,542.0,1884.5,9044.5,89594.5
172,Awareness training,84.49999999999999,0.0,94.5,198,169,517.0,1784.5,8544.5,84594.5
172,Uniform callback,26.5,14.867185132814868,1555.0,198,53,1687.5,2085.0,4205.0,28055.0
172,CZT (full),9.0,11.367538632461367,1442.0,198,18,1487.0,1622.0,2342.0,10442.0
172,CZT - provenance,9.5,13.15018684981315,1601.4999999999998,198,19,1649.0,1791.5,2551.5,11101.5
172,CZT - context,9.5,15.12978487021513,1814.0,198,19,1861.5,2004.0,2764.0,11314.0
172,CZT - authority,13.5,14.998485001515,1728.5,198,27,1796.0,1998.5,3078.5,15228.5
172,CZT - channel,10.5,16.276133723866277,1917.5,198,21,1970.0,2127.5,2967.5,12417.5
172,CZT - friction,43.5,0.36864963135036866,204.00000000000003,198,87,421.5,1074.0,4554.0,43704.0
172,CZT - human challenge,9.0,11.367538632461367,1442.0,198,18,1487.0,1622.0,2342.0,10442.0
172,CZT - feedback,9.0,16.614483385516614,1956.5,198,18,2001.5,2136.5,2856.5,10956.5
173,ZT baseline,78.0,0.0,99.5,175,156,489.5,1659.4999999999998,7899.5,78099.5
173,Awareness training,73.0,0.0,99.5,175,146,464.5,1559.5,7399.5,73099.5
173,Uniform callback,24.5,14.915510718789408,1561.5,175,49,1684.0,2051.5,4011.5,26061.5
173,CZT (full),14.0,11.757881462799496,1466.5,175,28,1536.5,1746.5,2866.5,15466.5
173,CZT - provenance,14.0,13.34174022698613,1610.0,175,28,1680.0,1890.0,3010.0,15610.0
173,CZT - context,14.499999999999998,16.292559899117276,1918.9999999999998,175,29,1991.5,2209.0,3369.0,16419.0
173,CZT - authority,16.5,15.934426229508198,1812.0,175,33,1894.5,2142.0,3462.0,18312.0
173,CZT - channel,14.0,16.54981084489281,1938.5,175,28,2008.5,2218.5,3338.5,15938.5
173,CZT - friction,47.5,0.35813366960907944,206.0,175,95,443.5,1156.0,4956.0,47706.0
173,CZT - human challenge,14.0,11.757881462799496,1466.5,175,28,1536.5,1746.5,2866.5,15466.5
173,CZT - feedback,14.0,16.822194199243377,1964.0,175,28,2034.0,2244.0,3363.9999999999995,15964.0
174,ZT baseline,83.5,0.0,100.5,187,167,518.0,1770.5000000000002,8450.5,83600.5
174,Awareness training,80.0,0.0,100.5,187,160,500.5,1700.5,8100.500000000001,80100.5
174,Uniform callback,28.999999999999996,14.894261343562306,1561.0,187,58,1706.0,2141.0,4461.0,30560.999999999996
174,CZT (full),17.5,12.199061222429718,1510.5,187,35,1598.0,1860.5,3260.5,19010.5
174,CZT - provenance,18.0,13.657699490233686,1645.5,187,36,1735.5,2005.5,3445.5000000000005,19645.5
174,CZT - context,17.5,16.96865694241155,1979.4999999999998,187,35,2067.0,2329.5,3729.5,19479.5
174,CZT - authority,20.5,17.82667945288447,1998.0,187,41,2100.5,2408.0,4048.0,22498.0
174,CZT - channel,17.5,17.836773835360624,2065.0,187,35,2152.5,2415.0,3815.0,19565.0
174,CZT - friction,41.5,0.2826427093322566,184.5,187,83,392.0,1014.5,4334.5,41684.5
174,CZT - human challenge,17.5,12.199061222429718,1510.5,187,35,1598.0,1860.5,3260.5,19010.5
174,CZT - feedback,16.5,16.090445666986323,1891.5000000000002,187,33,1974.0,2221.5,3541.5,18391.5
175,ZT baseline,92.5,0.0,92.99999999999999,200,185,555.5,1943.0,9343.0,92593.0
175,Awareness training,87.50000000000001,0.0,92.99999999999999,200,175,530.5,1843.0,8843.0,87593.0
175,Uniform callback,23.999999999999996,14.772727272727273,1540.0,200,48,1660.0,2020.0000000000002,3940.0,25540.0
175,CZT (full),13.5,11.38888888888889,1424.0,200,27,1491.5,1694.0,2774.0,14924.0
175,CZT - provenance,14.0,13.292929292929292,1593.0,200,28,1663.0,1873.0,2993.0,15592.999999999998
175,CZT - context,14.499999999999998,15.257575757575758,1811.0,200,29,1883.5,2101.0,3261.0,16311.0
175,CZT - authority,18.0,17.030303030303028,1914.5,200,36,2004.5,2274.5,3714.5,19914.5
175,CZT - channel,14.0,16.31313131313131,1911.0,200,28,1981.0,2191.0,3311.0,15911.0
175,CZT - friction,51.5,0.3232323232323232,188.0,200,103,445.5,1218.0,5338.000000000001,51688.0
175,CZT - human challenge,14.0,11.38888888888889,1424.0,200,28,1494.0,1704.0,2824.0,15424.0
175,CZT - feedback,13.5,16.232323232323232,1901.0,200,27,1968.5,2171.0,3251.0,15401.0
176,ZT baseline,81.49999999999999,0.0,92.99999999999999,183,163,500.5,1723.0,8243.0,81593.0
176,Awareness training,77.0,0.0,92.99999999999999,183,154,478.0,1633.0,7793.0,77093.0
176,Uniform callback,23.0,15.022455467527879,1566.5000000000002,183,46,1681.5,2026.5,3866.5,24566.499999999996
176,CZT (full),11.0,11.69198163193218,1452.0,183,22,1507.0,1671.9999999999998,2552.0,12452.0
176,CZT - provenance,11.0,13.27143361760105,1593.9999999999998,183,22,1649.0,1814.0,2693.9999999999995,12594.0
176,CZT - context,11.5,15.239440884089417,1808.5,183,23,1865.9999999999998,2038.5,2958.5,13308.5
176,CZT - authority,12.5,15.350456678609275,1749.5,183,25,1812.0,1999.5,2999.5,14249.5
176,CZT - channel,13.0,15.996366755815714,1872.5,183,26,1937.5,2132.5,3172.4999999999995,14872.5
176,CZT - friction,42.5,0.31790886612504415,187.5,183,85,400.0,1037.5,4437.5,42687.5
176,CZT - human challenge,11.0,11.69198163193218,1452.0,183,22,1507.0,1671.9999999999998,2552.0,12452.0
176,CZT - feedback,10.5,16.45052227885149,1919.5,183,21,1971.9999999999998,2129.5,2969.5,12419.500000000002
177,ZT baseline,104.49999999999999,0.0,100.5,228,209,623.0,2190.5,10550.5,104600.50000000001
177,Awareness training,98.0,0.0,100.5,228,196,590.5,2060.5,9900.5,98100.5
177,Uniform callback,37.5,14.839166498078091,1553.0,228,75,1740.5,2303.0,5303.0,39053.0
177,CZT (full),18.5,12.487355856767145,1553.4999999999998,228,37,1646.0,1923.5,3403.5,20053.5
177,CZT - provenance,19.5,13.519117944568077,1638.0,228,39,1735.5,2028.0,3588.0,21138.0
177,CZT - context,20.0,16.821768156989684,1984.0,228,40,2084.0,2384.0,3983.9999999999995,21984.0
177,CZT - authority,20.5,16.659923123609143,1881.5000000000002,228,41,1984.0,2291.5,3931.5,22381.5
177,CZT - channel,19.0,17.484321262391262,2039.9999999999998,228,38,2135.0,2420.0,3940.0,21040.0
177,CZT - friction,57.5,0.3692089823993526,209.5,228,115,497.0,1359.4999999999998,5959.5,57709.5
177,CZT - human challenge,18.5,12.487355856767145,1553.4999999999998,228,37,1646.0,1923.5,3403.5,20053.5
177,CZT - feedback,18.5,15.734371838964192,1873.5,228,37,1966.0,2243.5,3723.5,20373.5
178,ZT baseline,86.5,0.0,102.00000000000001,193,173,534.5,1832.0,8752.0,86602.0
178,Awareness training,81.49999999999999,0.0,102.00000000000001,193,163,509.5,1732.0,8252.0,81602.0
178,Uniform callback,27.5,14.878578280405916,1560.5,193,55,1698.0,2110.5,4310.5,29060.5
178,CZT (full),11.5,11.04155096682991,1414.0,193,23,1471.5,1644.0,2564.0,12914.000000000002
178,CZT - provenance,11.5,12.722774776594134,1557.5,193,23,1615.0,1787.5,2707.5,13057.5
178,CZT - context,11.999999999999998,15.146160448326349,1822.0,193,24,1882.0,2062.0,3022.0000000000005,13822.000000000002
178,CZT - authority,15.0,16.24173272075529,1852.5,193,30,1927.5,2152.5,3352.5,16852.5
178,CZT - channel,11.5,15.206745090119655,1816.5,193,23,1874.0,2046.5,2966.5000000000005,13316.5
178,CZT - friction,44.5,0.35845913061039025,207.5,193,89,429.99999999999994,1097.5,4657.5,44707.5
178,CZT - human challenge,11.5,11.04155096682991,1414.0,193,23,1471.5,1644.0,2564.0,12914.000000000002
178,CZT - feedback,11.0,16.468925127480183,1942.5,193,22,1997.5,2162.5,3042.5,12942.499999999998
179,ZT baseline,83.5,0.0,95.5,190,167,513.0,1765.5000000000002,8445.5,83595.5
179,Awareness training,76.5,0.0,95.5,190,153,478.0,1625.5,7745.5,76595.5
179,Uniform callback,22.0,15.24987380111055,1592.0,190,44,1702.0,2032.0,3792.0,23592.0
179,CZT (full),11.999999999999998,11.418475517415446,1433.0,190,24,1492.9999999999998,1673.0,2633.0,13433.0
179,CZT - provenance,12.5,13.589096415951541,1630.5,190,25,1693.0,1880.5,2880.4999999999995,14130.5
179,CZT - context,12.5,16.567390206966177,1944.0,190,25,2006.5,2194.0,3194.0,14443.999999999998
179,CZT - authority,15.0,16.557294295810195,1865.0,190,30,1940.0,2165.0,3365.0,16865.0
179,CZT - channel,11.999999999999998,16.653205451792026,1947.0000000000002,190,24,2007.0,2187.0,3147.0,13947.0
179,CZT - friction,48.5,0.3432609793033821,196.5,190,97,439.0,1166.5,5046.5,48696.5
179,CZT - human challenge,11.999999999999998,11.418475517415446,1433.0,190,24,1492.9999999999998,1673.0,2633.0,13433.0
179,CZT - feedback,11.5,16.587582029278142,1941.0,190,23,1998.5,2171.0,3091.0,13441.0
180,ZT baseline,94.0,0.0,108.0,205,188,578.0,1988.0,9508.0,94108.0
180,Awareness training,88.0,0.0,108.0,205,176,548.0,1868.0,8908.0,88108.0
180,Uniform callback,29.5,15.640313210406667,1642.0000000000002,205,59,1789.5,2232.0,4592.0,31142.0
180,CZT (full),17.5,11.40692093963122,1461.5,205,35,1549.0,1811.5,3211.5,18961.5
180,CZT - provenance,17.5,12.725435716089923,1576.5000000000002,205,35,1664.0,1926.4999999999998,3326.5,19076.5
180,CZT - context,17.5,14.28643596867896,1748.0,205,35,1835.5,2098.0,3498.0,19248.0
180,CZT - authority,19.0,14.92296034352109,1723.5,205,38,1818.5000000000002,2103.5,3623.5,20723.5
180,CZT - channel,17.5,15.15029047739328,1828.0,205,35,1915.5,2178.0,3578.0,19328.0
180,CZT - friction,47.99999999999999,0.3687799949482192,217.49999999999997,205,96,457.5,1177.5,5017.5,48217.5
180,CZT - human challenge,17.5,11.40692093963122,1461.5,205,35,1549.0,1811.5,3211.5,18961.5
180,CZT - feedback,16.5,16.756756756756758,1985.5,205,33,2068.0,2315.5,3635.5,18485.5
181,ZT baseline,92.5,0.0,86.5,215,185,549.0,1936.5,9336.5,92586.5
181,Awareness training,87.50000000000001,0.0,86.5,215,175,524.0,1836.5,8836.5,87586.5
181,Uniform callback,28.999999999999996,15.319686631286327,1591.0,215,58,1736.0,2171.0,4491.0,30591.0
181,CZT (full),12.5,11.70078342178418,1460.0,215,25,1522.5,1710.0000000000002,2710.0,13959.999999999998
181,CZT - provenance,13.0,13.434420015163,1610.5,215,26,1675.5,1870.5,2910.4999999999995,14610.5
181,CZT - context,13.0,16.007076067728075,1889.5,215,26,1954.5000000000002,2149.5,3189.5,14889.5
181,CZT - authority,15.5,17.18473591104372,1927.0,215,31,2004.5,2237.0,3477.0,17427.0
181,CZT - channel,13.5,17.012888551933283,1973.5,215,27,2041.0,2243.5,3323.5,15473.5
181,CZT - friction,45.5,0.37907505686125853,198.00000000000003,215,91,425.5,1108.0,4748.0,45698.0
181,CZT - human challenge,12.5,11.70078342178418,1460.0,215,25,1522.5,1710.0000000000002,2710.0,13959.999999999998
181,CZT - feedback,12.5,16.017184735911044,1885.0,215,25,1947.5,2135.0,3135.0,14384.999999999998
182,ZT baseline,81.49999999999999,0.0,102.00000000000001,190,163,509.5,1732.0,8252.0,81602.0
182,Awareness training,75.5,0.0,102.00000000000001,190,151,479.5,1612.0,7652.0,75602.0
182,Uniform callback,27.0,14.326097930338214,1503.0,190,54,1638.0,2043.0,4203.0,28503.0
182,CZT (full),11.5,13.048965169106511,1594.5,190,23,1652.0000000000002,1824.5,2744.5000000000005,13094.5
182,CZT - provenance,11.5,14.881373043917215,1760.0,190,23,1817.5,1990.0,2910.0,13260.0
182,CZT - context,11.0,16.55224634023221,1942.0000000000002,190,22,1997.0,2162.0,3042.0000000000005,12942.0
182,CZT - authority,16.0,17.34982332155477,1940.0,190,32,2020.0000000000002,2260.0,3540.0,17940.0
182,CZT - channel,11.5,17.869762746087833,2066.5,190,23,2124.0,2296.5,3216.5,13566.5
182,CZT - friction,41.0,0.3987884906612822,220.0,190,82,425.00000000000006,1040.0,4320.0,41220.0
182,CZT - human challenge,11.5,13.048965169106511,1594.5,190,23,1652.0000000000002,1824.5,2744.5000000000005,13094.5
182,CZT - feedback,11.0,15.63856638061585,1849.0,190,22,1904.0000000000002,2069.0,2949.0,12849.0
183,ZT baseline,98.0,0.0,108.5,218,196,598.5,2068.5,9908.5,98108.5
183,Awareness training,93.5,0.0,108.5,218,187,576.0,1978.5,9458.5,93608.49999999999
183,Uniform callback,28.0,14.912546759680517,1566.5000000000002,218,56,1706.5,2126.5,4366.5,29566.499999999996
183,CZT (full),17.0,12.117076129814984,1527.0,218,34,1612.0,1867.0,3227.0,18527.0
183,CZT - provenance,17.0,13.593165503993529,1656.0,218,34,1741.0,1996.0,3356.0,18656.0
183,CZT - context,17.0,16.343140228490547,1946.0,218,34,2031.0,2286.0,3646.0,18946.0
183,CZT - authority,20.5,16.87392579112324,1915.0,218,41,2017.5000000000002,2325.0,3965.0,22415.0
183,CZT - channel,17.5,16.88909109291275,1996.0,218,35,2083.5,2346.0,3746.0,19496.0
183,CZT - friction,57.99999999999999,0.3993529471236478,225.99999999999997,218,116,516.0,1386.0,6026.0,58226.00000000001
183,CZT - human challenge,17.0,12.117076129814984,1527.0,218,34,1612.0,1867.0,3227.0,18527.0
183,CZT - feedback,17.0,16.312809624911537,1936.0,218,34,2021.0,2276.0,3636.0,18936.0
184,ZT baseline,88.0,0.0,107.49999999999999,194,176,547.5,1867.5,8907.5,88107.5
184,Awareness training,84.0,0.0,107.49999999999999,194,168,527.5,1787.5,8507.5,84107.5
184,Uniform callback,34.0,14.75310511966071,1551.5,194,68,1721.5,2231.5,4951.5,35551.5
184,CZT (full),14.0,13.9856609108351,1687.0,194,28,1757.0,1967.0000000000002,3086.9999999999995,15687.0
184,CZT - provenance,15.0,15.439765727557306,1816.5,194,30,1891.5000000000002,2116.5,3316.5,16816.5
184,CZT - context,14.0,18.13591840856306,2100.0,194,28,2170.0,2380.0,3500.0,16100.000000000002
184,CZT - authority,17.5,19.04473391901444,2115.5,194,35,2203.0,2465.5,3865.5,19615.5
184,CZT - channel,14.0,19.45370089871756,2219.5,194,28,2289.5,2499.5,3619.5,16219.5
184,CZT - friction,47.5,0.3231344037160456,202.5,194,95,440.0,1152.5,4952.5,47702.5
184,CZT - human challenge,14.0,13.9856609108351,1687.0,194,28,1757.0,1967.0000000000002,3086.9999999999995,15687.0
184,CZT - feedback,14.0,16.585883065737654,1941.0,194,28,2011.0,2221.0,3341.0,15941.0
185,ZT baseline,85.5,0.0,94.5,195,171,522.0,1804.5,8644.5,85594.5
185,Awareness training,80.5,0.0,94.5,195,161,497.0,1704.5,8144.5,80594.5
185,Uniform callback,23.0,14.960868467558697,1560.5,195,46,1675.5,2020.5,3860.5,24560.5
185,CZT (full),14.499999999999998,11.178995203231507,1412.0,195,29,1484.5,1702.0,2862.0,15912.0
185,CZT - provenance,14.499999999999998,12.991668770512495,1579.5,195,29,1652.0000000000002,1869.5,3029.5,16079.5
185,CZT - context,14.499999999999998,15.183034587225446,1809.5,195,29,1882.0,2099.5,3259.5,16309.499999999998
185,CZT - authority,16.0,15.021459227467812,1720.5,195,32,1800.4999999999998,2040.5,3320.5,17720.5
185,CZT - channel,15.0,16.28376672557435,1911.4999999999998,195,30,1986.5,2211.5,3411.5,16911.5
185,CZT - friction,47.99999999999999,0.3736430194395355,205.0,195,96,445.0,1165.0,5004.999999999999,48205.0
185,CZT - human challenge,15.0,11.178995203231507,1412.0,195,30,1487.0,1712.0,2912.0,16412.0
185,CZT - feedback,14.0,16.485735925271396,1933.0,195,28,2003.0,2213.0,3333.0,15933.0
186,ZT baseline,79.00000000000001,0.0,102.00000000000001,180,158,497.0,1681.9999999999998,8002.0,79102.0
186,Awareness training,74.0,0.0,102.00000000000001,180,148,472.0,1582.0,7502.0,74102.0
186,Uniform callback,24.5,14.868819374369323,1562.5,180,49,1685.0,2052.5,4012.5,26062.5
186,CZT (full),14.499999999999998,12.194752774974774,1518.5000000000002,180,29,1591.0,1808.5,2968.5,16018.5
186,CZT - provenance,15.0,13.647830474268416,1650.0,180,30,1724.9999999999998,1950.0,3150.0,16650.0
186,CZT - context,14.499999999999998,16.67003027245207,1964.0,180,29,2036.5,2254.0,3414.0,16464.0
186,CZT - authority,15.5,16.96266397578204,1919.5,180,31,1997.0,2229.5,3469.5,17419.5
186,CZT - channel,15.0,17.5882946518668,2046.0,180,30,2121.0,2346.0,3546.0000000000005,17046.0
186,CZT - friction,52.0,0.35317860746720486,207.0,180,104,467.0,1247.0,5407.0,52207.0
186,CZT - human challenge,15.0,12.194752774974774,1518.5000000000002,180,30,1593.5,1818.5000000000002,3018.5,16518.5
186,CZT - feedback,14.499999999999998,15.998990918264381,1893.0,180,29,1965.5,2183.0,3343.0,16393.0
187,ZT baseline,85.5,0.0,106.0,184,171,533.5,1816.0000000000002,8656.0,85606.00000000001
187,Awareness training,81.49999999999999,0.0,106.0,184,163,513.5,1736.0,8256.0,81606.0
187,Uniform callback,20.0,14.917238595074686,1568.0,184,40,1668.0,1968.0,3568.0,21568.0
187,CZT (full),11.999999999999998,10.314897052886558,1339.0,184,24,1399.0,1579.0000000000002,2539.0,13339.0
187,CZT - provenance,11.999999999999998,11.954985870004037,1484.0,184,24,1544.0,1724.0,2684.0000000000005,13484.0
187,CZT - context,12.5,13.756560355268471,1684.0,184,25,1746.5,1933.9999999999998,2934.0,14184.000000000002
187,CZT - authority,16.5,13.428542591844975,1566.0,184,33,1648.5,1896.0,3216.0,18066.0
187,CZT - channel,13.5,14.634638675817522,1760.0,184,27,1827.5,2030.0000000000002,3110.0,15260.0
187,CZT - friction,45.0,0.36838918046023417,214.5,184,90,439.50000000000006,1114.5,4714.5,45214.5
187,CZT - human challenge,11.999999999999998,10.314897052886558,1339.0,184,24,1399.0,1579.0000000000002,2539.0,13339.0
187,CZT - feedback,11.5,16.325191764230926,1929.5,184,23,1986.9999999999998,2159.5,3079.5,13429.5
188,ZT baseline,86.5,0.0,98.0,197,173,530.5,1828.0,8748.0,86598.0
188,Awareness training,82.5,0.0,98.0,197,165,510.5,1748.0,8348.0,82598.0
188,Uniform callback,32.5,15.39160733222239,1610.0,197,65,1772.5,2260.0,4860.0,34110.0
188,CZT (full),17.0,12.336514669494521,1581.0,197,34,1666.0,1921.0,3281.0,18581.0
188,CZT - provenance,17.5,13.967580669595517,1724.9999999999998,197,35,1812.5,2075.0,3474.9999999999995,19225.0
188,CZT - context,18.0,16.734838155834975,2018.0,197,36,2108.0,2378.0,3817.9999999999995,20017.999999999996
188,CZT - authority,20.5,16.876230874109982,1928.9999999999998,197,41,2031.5,2339.0,3978.9999999999995,22429.0
188,CZT - channel,17.5,16.659092056759075,1994.4999999999998,197,35,2082.0,2344.5,3744.5,19494.5
188,CZT - friction,50.0,0.5201232136544968,252.0,197,100,502.0,1252.0,5252.0,50252.0
188,CZT - human challenge,17.0,12.336514669494521,1581.0,197,34,1666.0,1921.0,3281.0,18581.0
188,CZT - feedback,15.5,16.67929101651265,2007.0,197,31,2084.5,2317.0,3557.0,17507.0
189,ZT baseline,84.49999999999999,0.0,95.0,185,169,517.5,1785.0,8545.0,84595.0
189,Awareness training,78.0,0.0,95.0,185,156,485.0,1655.0,7895.0,78095.0
189,Uniform callback,23.999999999999996,15.14004542013626,1580.0,185,48,1700.0000000000002,2060.0,3980.0,25580.0
189,CZT (full),10.5,11.193540247287409,1424.0,185,21,1476.5,1634.0,2474.0,11923.999999999998
189,CZT - provenance,10.5,12.79333838001514,1569.5,185,21,1622.0,1779.5,2619.5,12069.5
189,CZT - context,11.0,15.45798637395912,1848.0,185,22,1903.0,2068.0,2948.0,12848.0
189,CZT - authority,11.5,15.62452687358062,1789.0,185,23,1846.5,2019.0,2939.0,13289.0
189,CZT - channel,10.0,15.286399192530912,1820.0,185,20,1870.0,2020.0000000000002,2819.9999999999995,11820.0
189,CZT - friction,43.5,0.37345445369669444,206.0,185,87,423.5,1076.0,4556.0,43705.99999999999
189,CZT - human challenge,10.5,11.193540247287409,1424.0,185,21,1476.5,1634.0,2474.0,11923.999999999998
189,CZT - feedback,10.0,16.659096643956598,1959.5000000000002,185,20,2009.5,2159.5,2959.5,11959.5
190,ZT baseline,100.5,0.0,108.0,222,201,610.5,2118.0,10158.0,100608.0
190,Awareness training,94.0,0.0,108.0,222,188,578.0,1988.0,9508.0,94108.0
190,Uniform callback,31.0,15.057134189503488,1580.0,222,62,1734.9999999999998,2200.0,4680.0,32580.0
190,CZT (full),16.0,10.875720497522499,1396.5,222,32,1476.5,1716.5,2996.5000000000005,17396.5
190,CZT - provenance,15.5,12.731317625644657,1569.0000000000002,222,31,1646.5,1879.0000000000002,3119.0,17069.0
190,CZT - context,15.5,14.576802507836991,1766.5,222,31,1844.0,2076.5,3316.5,17266.5
190,CZT - authority,19.0,14.97623622206492,1719.9999999999998,222,38,1815.0,2100.0,3620.0,20720.0
190,CZT - channel,15.5,15.284659722924463,1831.5,222,31,1908.9999999999998,2141.5,3381.5,17331.5
190,CZT - friction,56.49999999999999,0.36404085347355647,216.0,222,113,498.5,1346.0,5866.0,56716.0
190,CZT - human challenge,16.0,10.875720497522499,1396.5,222,32,1476.5,1716.5,2996.5000000000005,17396.5
190,CZT - feedback,16.0,16.604307816766102,1957.5,222,32,2037.4999999999998,2277.5,3557.5,17957.5
191,ZT baseline,91.0,0.0,101.5,205,182,556.5,1921.4999999999998,9201.5,91101.50000000001
191,Awareness training,87.0,0.0,101.5,205,174,536.5,1841.5,8801.5,87101.5
191,Uniform callback,26.5,14.458196514271279,1516.5,205,53,1649.0,2046.5,4166.5,28016.5
191,CZT (full),13.5,10.815862591563526,1396.5,205,27,1464.0,1666.5,2746.5,14896.5
191,CZT - provenance,13.0,12.422328870927002,1537.5,205,26,1602.5,1797.5,2837.5,14537.500000000002
191,CZT - context,14.499999999999998,15.256377873200302,1833.5000000000002,205,29,1906.0,2123.5,3283.4999999999995,16333.5
191,CZT - authority,16.0,14.887597878252084,1716.0,205,32,1796.0,2036.0,3316.0,17716.0
191,CZT - channel,13.5,15.190704723415005,1821.0000000000002,205,27,1888.5,2091.0,3171.0,15321.0
191,CZT - friction,52.5,0.36372821419550394,208.99999999999997,205,105,471.5,1259.0000000000002,5459.000000000001,52709.0
191,CZT - human challenge,13.5,10.815862591563526,1396.5,205,27,1464.0,1666.5,2746.5,14896.5
191,CZT - feedback,13.0,16.180853750947207,1921.4999999999998,205,26,1986.5,2181.5,3221.5,14921.5
192,ZT baseline,78.0,0.0,100.5,171,156,490.50000000000006,1660.5,7900.5,78100.5
192,Awareness training,74.5,0.0,100.5,171,149,473.0,1590.5,7550.5,74600.5
192,Uniform callback,23.5,14.962933077815322,1569.0000000000002,171,47,1686.5,2039.0,3919.0000000000005,25069.0
192,CZT (full),14.0,12.340511372232589,1541.5,171,28,1611.4999999999998,1821.5,2941.5,15541.5
192,CZT - provenance,14.0,13.974481819557214,1683.5,171,28,1753.5,1963.5,3083.5,15683.5
192,CZT - context,14.0,16.501084270512887,1952.0000000000002,171,28,2022.0,2232.0,3352.0,15952.0
192,CZT - authority,15.0,17.640829088708458,1988.0,171,30,2063.0,2288.0,3488.0,16988.0
192,CZT - channel,14.499999999999998,17.423974986131423,2038.0,171,29,2110.5,2328.0,3488.0,16538.0
192,CZT - friction,46.0,0.3883201371728277,214.99999999999997,171,92,445.0,1135.0,4815.0,46215.0
192,CZT - human challenge,14.0,12.340511372232589,1541.5,171,28,1611.4999999999998,1821.5,2941.5,15541.5
192,CZT - feedback,14.0,16.400221897221243,1938.0,171,28,2008.0,2218.0,3338.0,15938.000000000002
193,ZT baseline,85.0,0.0,88.5,189,170,513.5,1788.5,8588.5,85088.5
193,Awareness training,81.49999999999999,0.0,88.5,189,163,496.0,1718.5,8238.5,81588.49999999999
193,Uniform callback,20.0,14.926051183685832,1553.4999999999998,189,40,1653.5,1953.5,3553.5,21553.5
193,CZT (full),9.5,13.194689818787541,1617.0,189,19,1664.4999999999998,1807.0,2567.0,11117.0
193,CZT - provenance,9.5,14.496996618040484,1722.0,189,19,1769.5,1912.0,2672.0,11222.0
193,CZT - context,10.0,17.05618090959568,2002.0,189,20,2052.0,2202.0,3002.0,12002.0
193,CZT - authority,10.0,16.723032658623996,1885.0,189,20,1935.0,2085.0,2885.0,11884.999999999998
193,CZT - channel,11.0,18.141436575639798,2104.0,189,22,2159.0,2324.0,3204.0,13104.0
193,CZT - friction,51.5,0.4240068648730503,214.0,189,103,471.5,1244.0,5364.0,51714.0
193,CZT - human challenge,9.5,13.194689818787541,1617.0,189,19,1664.4999999999998,1807.0,2567.0,11117.0
193,CZT - feedback,9.5,16.389884407652314,1931.0,189,19,1978.5,2121.0,2881.0,11431.0
194,ZT baseline,92.0,0.0,95.5,210,184,555.5,1935.5,9295.5,92095.5
194,Awareness training,83.5,0.0,95.5,210,167,513.0,1765.5000000000002,8445.5,83595.5
194,Uniform callback,25.500000000000004,15.007579585649317,1567.5,210,51,1695.0000000000002,2077.5,4117.5,27067.5
194,CZT (full),14.499999999999998,12.122283981808994,1518.0,210,29,1590.5,1807.9999999999998,2968.0,16017.999999999998
194,CZT - provenance,13.5,13.638201111672563,1652.5,210,27,1719.9999999999998,1922.5,3002.5,15152.5
194,CZT - context,14.499999999999998,15.730166750884287,1874.0,210,29,1946.5,2164.0,3323.9999999999995,16374.0
194,CZT - authority,18.0,16.255684689236986,1844.0,210,36,1933.9999999999998,2204.0,3644.0,19844.0
194,CZT - channel,13.0,16.50833754421425,1948.0,210,26,2013.0,2208.0,3248.0,14947.999999999998
194,CZT - friction,55.0,0.3991915108640728,213.5,210,110,488.5,1313.5,5713.5,55213.5
194,CZT - human challenge,14.499999999999998,12.122283981808994,1518.0,210,29,1590.5,1807.9999999999998,2968.0,16017.999999999998
194,CZT - feedback,13.0,16.50833754421425,1948.0,210,26,2013.0,2208.0,3248.0,14947.999999999998
195,ZT baseline,82.5,0.0,101.0,179,165,513.5,1751.0,8351.0,82601.0
195,Awareness training,76.0,0.0,101.0,179,152,480.99999999999994,1621.0,7701.0,76101.0
195,Uniform callback,23.999999999999996,15.140507542505425,1591.5000000000002,179,48,1711.5,2071.5,3991.5,25591.499999999996
195,CZT (full),10.5,11.951970132687553,1498.0,179,21,1550.5,1708.0,2548.0000000000005,11998.0
195,CZT - provenance,10.5,13.561374299984866,1646.0,179,21,1698.5,1855.9999999999998,2696.0,12145.999999999998
195,CZT - context,11.0,16.23530598859795,1923.0,179,22,1978.0,2143.0,3023.0,12923.0
195,CZT - authority,13.0,15.75601634629938,1789.5,179,26,1854.5,2049.5,3089.5,14789.5
195,CZT - channel,11.0,17.143433731900508,2010.0000000000002,179,22,2065.0,2230.0,3110.0,13010.0
195,CZT - friction,45.5,0.3582059431915645,207.0,179,91,434.5,1117.0,4757.0,45707.00000000001
195,CZT - human challenge,10.5,11.951970132687553,1498.0,179,21,1550.5,1708.0,2548.0000000000005,11998.0
195,CZT - feedback,10.5,16.220170526209575,1915.5,179,21,1968.0,2125.5,2965.5,12415.5
196,ZT baseline,82.5,0.0,108.5,179,165,521.0,1758.5,8358.5,82608.5
196,Awareness training,78.5,0.0,108.5,179,157,501.0,1678.5,7958.499999999999,78608.5
196,Uniform callback,26.5,15.246455779224055,1602.0,179,53,1734.5,2132.0,4252.0,28102.0
196,CZT (full),12.5,11.78043489228596,1494.5,179,25,1557.0,1744.5,2744.5000000000005,13994.5
196,CZT - provenance,12.5,13.223348973311136,1618.0,179,25,1680.5,1868.0,2868.0,14118.0
196,CZT - context,12.5,15.549165026991574,1869.0,179,25,1931.4999999999998,2119.0,3119.0,14369.0
196,CZT - authority,15.5,16.860905100650825,1917.0,179,31,1994.4999999999998,2227.0,3467.0,17417.0
196,CZT - channel,13.0,17.153524040159425,2017.0,179,26,2082.0,2277.0,3317.0,15017.0
196,CZT - friction,44.0,0.42883810100398567,236.0,179,88,456.0,1116.0,4636.0,44236.00000000001
196,CZT - human challenge,12.5,11.78043489228596,1494.5,179,25,1557.0,1744.5,2744.5000000000005,13994.5
196,CZT - feedback,11.999999999999998,16.613692548307352,1968.0,179,24,2028.0,2208.0,3168.0000000000005,13968.0
197,ZT baseline,87.0,0.0,111.5,196,174,546.5,1851.5,8811.5,87111.5
197,Awareness training,82.0,0.0,111.5,196,164,521.5,1751.5,8311.5,82111.5
197,Uniform callback,24.5,14.603110482730761,1545.5,196,49,1668.0,2035.5,3995.5,26045.5
197,CZT (full),13.0,10.518077156130074,1363.5,196,26,1428.5,1623.5,2663.4999999999995,14363.5
197,CZT - provenance,13.5,12.310644314279944,1531.5,196,27,1598.9999999999998,1801.5,2881.5,15031.5
197,CZT - context,14.499999999999998,14.37083417491416,1746.0,196,29,1818.5000000000002,2036.0,3196.0,16246.0
197,CZT - authority,19.0,16.16340133306403,1836.5,196,38,1931.4999999999998,2216.5,3736.5,20836.5
197,CZT - channel,14.0,15.09291052312664,1810.5,196,28,1880.5,2090.5,3210.5,15810.5
197,CZT - friction,47.0,0.2777216723894163,194.0,196,94,429.0,1134.0,4894.0,47194.0
197,CZT - human challenge,13.0,10.518077156130074,1363.5,196,26,1428.5,1623.5,2663.4999999999995,14363.5
197,CZT - feedback,12.5,15.830135326196729,1882.5,196,25,1945.0,2132.5,3132.4999999999995,14382.5
198,ZT baseline,98.5,0.0,105.0,220,197,597.5,2075.0,9955.0,98605.0
198,Awareness training,91.5,0.0,105.0,220,183,562.5,1935.0,9255.0,91605.00000000001
198,Uniform callback,22.5,14.696663296258846,1544.0,220,45,1656.5,1994.0,3794.0,24044.0
198,CZT (full),13.5,11.966632962588474,1512.0,220,27,1579.5,1782.0,2862.0,15012.0
198,CZT - provenance,14.0,13.377148634984835,1627.0,220,28,1697.0,1907.0,3027.0000000000005,15627.0
198,CZT - context,14.499999999999998,16.177957532861477,1935.0,220,29,2007.5000000000002,2225.0,3385.0000000000005,16435.0
198,CZT - authority,16.0,16.430738119312437,1880.5,220,32,1960.5,2200.5,3480.5000000000005,17880.5
198,CZT - channel,15.0,16.971688574317493,2001.5,220,30,2076.5,2301.5,3501.5,17001.5
198,CZT - friction,56.49999999999999,0.3741152679474216,216.0,220,113,498.5,1346.0,5866.0,56716.0
198,CZT - human challenge,13.5,11.966632962588474,1512.0,220,27,1579.5,1782.0,2862.0,15012.0
198,CZT - feedback,13.0,16.09706774519717,1918.9999999999998,220,26,1984.0,2179.0,3219.0,14919.0
199,ZT baseline,87.0,0.0,87.50000000000001,196,174,522.5,1827.5,8787.5,87087.5
199,Awareness training,82.0,0.0,87.50000000000001,196,164,497.5,1727.4999999999998,8287.5,82087.5
199,Uniform callback,28.0,15.047465158553827,1562.0,196,56,1702.0,2122.0,4362.0,29562.0
199,CZT (full),14.499999999999998,13.371036154312261,1627.0,196,29,1699.5,1917.0,3076.9999999999995,16127.0
199,CZT - provenance,14.499999999999998,14.709149666733992,1744.0,196,29,1816.5,2034.0,3194.0,16244.0
199,CZT - context,14.499999999999998,17.026863259947486,1989.4999999999998,196,29,2062.0,2279.5,3439.5,16489.5
199,CZT - authority,19.0,17.84487982225813,1984.0,196,38,2079.0,2364.0,3884.0000000000005,20984.0
199,CZT - channel,15.0,18.25893758836599,2106.0,196,30,2181.0,2406.0,3605.9999999999995,17106.0
199,CZT - friction,48.5,0.42415673601292664,213.0,196,97,455.5,1183.0,5063.0,48713.0
199,CZT - human challenge,14.499999999999998,13.371036154312261,1627.0,196,29,1699.5,1917.0,3076.9999999999995,16127.0
199,CZT - feedback,14.499999999999998,16.516865279741467,1935.5,196,29,2008.0,2225.5,3385.5,16435.5
