raw_record_id,title,authors,year,journal_or_venue,url,publication_type,source_database,query_id,source_export_file,abstract,keywords
SD-RAW-0001,"Public Institutions Updated Enhanced Biometric Security, Zero Trust Architecture and Multi-Factor Authentification",Cătălin Adrian Iordache; Adrian Viorel Dragomir; Constantin Viorel Marian,2022,2022 International Symposium on Electronics and Telecommunications (ISETC),https://ieeexplore.ieee.org/document/10010127/,Conference Paper,IEEE Xplore,IEEE-Q1,02_search_exports/repaired/W4-20260930-IEEE-Q1-page-1.json,"This paper presents the possibility of introducing multi-factor authentication using biometrics as standard practice to improve public institution cyber security. Along with the widespread implementation of such a solution, network architecture can be redesigned around a Zero Trust Architecture approach that would permit a much more granular approach to network and data security. The p...Show More",
SD-RAW-0002,Design and Implementation of a 5G Security Testbed Based on Zero Trust Architecture,Mahnsuk Yoon; Jihun Seo; Jonghoon Lee; Keuchul Cho,2024,2024 15th International Conference on Information and Communication Technology Convergence (ICTC),https://ieeexplore.ieee.org/document/10826685/,Conference Paper,IEEE Xplore,IEEE-Q1,02_search_exports/repaired/W4-20260930-IEEE-Q1-page-1.json,"This paper presents the design and implementation of a 5G security testbed based on Zero Trust Architecture (ZTA). As 5G networks offer ultra-high speeds, low latency, and massive connectivity, ensuring their security has become a critical challenge, especially with the distributed nature and numerous connected devices. Traditional perimeter-based security models are no longer sufficie...Show More",
SD-RAW-0003,Machine Learning Enhanced Zero Trust Architecture for Distributed Information and Communication Systems,Nazarii Balkovskyi; Mykhailo Klymash; Oleksii Assaul; Yuliia Pyrih,2026,"2026 IEEE 18th International Conference on Advanced Trends in Radioelectronics, Telecommunications and Computer Engineering (TCSET)",https://ieeexplore.ieee.org/document/11461060/,Conference Paper,IEEE Xplore,IEEE-Q1,02_search_exports/repaired/W4-20260930-IEEE-Q1-page-1.json,"This paper presents a Machine Learning Enhanced Zero Trust Architecture (ML-ZTA) that integrates adaptive threat intelligence, context-aware trust scoring, and dynamic policy enforcement into a continuous decision-making loop. The proposed framework introduces a real-time trust computation model based on behavioral analysis and contextual risk assessment, enabling self-optimizing acces...Show More",
SD-RAW-0004,Secure Chip To Chip Communication Based On Zero Trust Architecture In Sensor Network,Rahul Shandilya; R.K. Sharma,2025,"2025 IEEE International Students' Conference on Electrical, Electronics and Computer Science (SCEECS)",https://ieeexplore.ieee.org/document/10941207/,Conference Paper,IEEE Xplore,IEEE-Q1,02_search_exports/repaired/W4-20260930-IEEE-Q1-page-1.json,"Nowadays, semiconductor companies frequently outsource the production of chips to meet the rising demand for integrated circuits. As a result, the chip supply chain is now dealing with a number of security problems, like hardware intellectual property theft, trojans, and over-production. In critical systems where adversary assaults have the potential to cause large losses or damage, zero-trust:...Show More",
SD-RAW-0005,A Private Blockchain System based on Zero Trust Architecture,Yao-Chung Chang; Yu-Shan Lin; Arun Kumar Sangaiahc; Hsin-Te Wu,2024,2024 26th International Conference on Advanced Communications Technology (ICACT),https://ieeexplore.ieee.org/document/10471993/,Conference Paper,IEEE Xplore,IEEE-Q1,02_search_exports/repaired/W4-20260930-IEEE-Q1-page-1.json,"During the outbreak of COVID-19, many enterprises massively created Virtual Private Networks (VPNs) for companies to cooperate; however, these accounts lacked efficient management after the epidemic, leading to data leakage or the suffering of malicious attacks. Consequently, several firms have started to build private blockchains for data preservation and verification. Private blockchains are usu...Show More",
SD-RAW-0006,Automated Incident Response System Using Zero Trust Architecture,Aakriti Mishra; Aman Raj; Banarji B; D. SaiKiran Reddy; Vinodha K,2026,2026 11th International Conference on Machine Learning Technologies (ICMLT),https://ieeexplore.ieee.org/document/11688277/,Conference Paper,IEEE Xplore,IEEE-Q1,02_search_exports/repaired/W4-20260930-IEEE-Q1-page-1.json,"Perimeter security is no longer sufficient to counter cyber attacks, and we need to always verify and provide least privilege access. The focus of this paper is on the design of the Autonomous Incident Response System (AIRS) that integrates Zero Trust Architecture (ZTA) with a four-model ensemble machine learning pipeline to autonomously identify, classify and respond to threats. To th...Show More",
SD-RAW-0007,Kernel-Offloaded Zero Trust Architecture for Private 5G Networks,Nagasai Korada; R. S. Haritha; J. Sai Siddharth; M. Sangeetha,2026,"2026 International Conference on Recent Advances in Electrical, Electronics, Ubiquitous Communication, and Computational Intelligence (RAEEUCCI)",https://ieeexplore.ieee.org/document/11504669/,Conference Paper,IEEE Xplore,IEEE-Q1,02_search_exports/repaired/W4-20260930-IEEE-Q1-page-1.json,"Securing Multi-access Edge Computing (MEC) services in private 5G networks is challenging because exposing edge resources to user equipment (UE) also exposes them to unauthorized discovery and access, whereas blocking all UE traffic is impractical when ordinary internet connectivity must remain available. This paper presents Flux-N6, a lightweight Zero Trust gateway deployed at the N6 bounda...Show More",
SD-RAW-0008,Exploring Zero Trust Architecture in Interview Bots: Mechanisms and Challenges,B A Dhruva; Medha Mummigatti; Dhanyashree Krishnamurthy; H J Namratha; U C Apoorva; P Ramakanthkumar,2024,2024 8th International Conference on Computational System and Information Technology for Sustainable Solutions (CSITSS),https://ieeexplore.ieee.org/document/10817006/,Conference Paper,IEEE Xplore,IEEE-Q1,02_search_exports/repaired/W4-20260930-IEEE-Q1-page-1.json,"As organizations have become increasingly dependent on interview bots for recruitment processes, there is a necessity for robust security measures for protecting sensitive information of the candidates and maintaining the integrity of the recruitment processes. This paper discusses the implementation of Zero Trust Architecture in interview bots, highlighting a paradigm shift from conve...Show More",
SD-RAW-0009,Enhancing UAV Security Through Zero Trust Architecture: An Advanced Deep Learning and Explainable AI Analysis,Ekramul Haque; Kamrul Hasan; Imtiaz Ahmed; Md. Sahabul Alam; Tariqul Islam,2024,"2024 International Conference on Computing, Networking and Communications (ICNC)",https://ieeexplore.ieee.org/document/10556279/,Conference Paper,IEEE Xplore,IEEE-Q1,02_search_exports/repaired/W4-20260930-IEEE-Q1-page-1.json,"In the dynamic and ever-changing domain of Unmanned Aerial Vehicles (UAVs), the utmost importance lies in guaranteeing resilient and lucid security measures. This study highlights the necessity of implementing a Zero Trust Architecture (ZTA) to enhance the security of unmanned aerial vehicles (UAVs), hence departing from conventional perimeter defences that may expose vulnerabilities. ...Show More",
SD-RAW-0010,Differential Privacy Protection Algorithm Based on Zero Trust Architecture for Industrial Internet,Yuning Song; Liping Ding; Xuehua Liu; Mo Du,2022,"2022 IEEE 4th International Conference on Power, Intelligent Computing and Systems (ICPICS)",https://ieeexplore.ieee.org/document/9873739/,Conference Paper,IEEE Xplore,IEEE-Q1,02_search_exports/repaired/W4-20260930-IEEE-Q1-page-1.json,"The Zero Trust Architecture is an important part of the industrial Internet security protection standard. When analyzing industrial data for enterprise-level or industry-level applications, differential privacy (DP) is an important technology for protecting user privacy. However, the centralized and local DP used widely nowadays are only applicable to the networks with fixed trust rela...Show More",
SD-RAW-0011,Zero Trust Architecture Using Hyperledger Fabric,Vinayak Awale; Siddharth Gaikwad,2023,2023 14th International Conference on Computing Communication and Networking Technologies (ICCCNT),https://ieeexplore.ieee.org/document/10306776/,Conference Paper,IEEE Xplore,IEEE-Q1,02_search_exports/repaired/W4-20260930-IEEE-Q1-page-1.json,"Traditional security measures focused on network perimeter protection are no longer sufficient to defend against cyber threats in the quickly changing digital environment of today. A zero-trust architecture (ZTA), which assumes that every node inside a network is untrusted, has been offered as a solution to this problem. This study suggests leveraging the permissioned blockchain techno...Show More",
SD-RAW-0012,Zero Trust Architecture for Avionics,Henry Haswell; Victor Murray,2025,2025 AIAA DATC/IEEE 44th Digital Avionics Systems Conference (DASC),https://ieeexplore.ieee.org/document/11257273/,Conference Paper,IEEE Xplore,IEEE-Q1,02_search_exports/repaired/W4-20260930-IEEE-Q1-page-1.json,"The evolving complexity and connectivity of aerospace systems necessitate robust cybersecurity measures. This paper explores the feasibility of implementing a Zero-Trust (ZT) architecture to secure avionics networks representing a significant departure from traditional cybersecurity models. ZT architecture, as defined by the National Institute of Standards and Technology, operates on the pri...Show More",
SD-RAW-0013,A Supply Chain Finance Framework Based on Zero-Trust Architecture,Yisheng Pan; Shuai Liu; Jinyu Zhang; Hao Wu,2023,2023 IEEE 14th International Conference on Software Engineering and Service Science (ICSESS),https://ieeexplore.ieee.org/document/10293068/,Conference Paper,IEEE Xplore,IEEE-Q1,02_search_exports/repaired/W4-20260930-IEEE-Q1-page-1.json,"The post-epidemic era has brought to light significant issues in traditional supply chain financing, particularly with regard to the financing challenges faced by SMEs. Despite the considerable advancements made in the supply chain financing model, it appears that the existing framework is inadequate in meeting the financing requirements of SMEs. The root cause of this inadequacy can be attributed...Show More",
SD-RAW-0014,Industrial Control Systems in Environments with Zero Trust Architecture: Analysis of Responses to Various Attack Types,Lucas S. Cruz; Iguatemi E. Fonseca,2023,2023 Workshop on Communication Networks and Power Systems (WCNPS),https://ieeexplore.ieee.org/document/10344788/,Conference Paper,IEEE Xplore,IEEE-Q1,02_search_exports/repaired/W4-20260930-IEEE-Q1-page-1.json,"The construction of traditional industrial networks poses challenges in cybersecurity, a sindus-tries are increasingly becoming more interconnected for management purposes. In this study, we analyzed events related to the insertion of the Zero Trust approach in industrial control systems. In a simulated test environment, we investigate how these systems respond to cyberattacks commonly obser...Show More",
SD-RAW-0015,Trust Score-Based Zero Trust Architecture for Advanced Metering Infrastructure Security,Hrishav Bhattarai; Akshay Kulkarni; Mohammed Niamat,2024,NAECON 2024 - IEEE National Aerospace and Electronics Conference,https://ieeexplore.ieee.org/document/10670642/,Conference Paper,IEEE Xplore,IEEE-Q1,02_search_exports/repaired/W4-20260930-IEEE-Q1-page-1.json,"The traditional electrical grid is evolving into a Smart Grid (SG) to improve efficiency, reliability, and sustainability in electricity generation and distribution. The Advanced Metering Infrastructure (AMI), a key component of the SG, facilitates communication between utility companies and consumers. However, this communication layer is vulnerable to various cyber-physical attacks. T...Show More",
SD-RAW-0016,A Comprehensive Framework for Migrating to Zero Trust Architecture,Pacharee Phiayura; Songpon Teerakanok,2023,IEEE Access,https://ieeexplore.ieee.org/document/10052642/,Journal Article,IEEE Xplore,IEEE-Q1,02_search_exports/repaired/W4-20260930-IEEE-Q1-page-1.json,Migrating to Zero Trust Architecture (ZTA) is a strategic approach to strengthen the enterprise’s security postures. The shift to ZTA requires changes across the enterprise which can be challenging to achieve. Utilizing an effective framework for migrating from the old security architecture to ZTA can help ensure smooth transitioning to the Zero Trust journey. In previous researc...Show More,
SD-RAW-0017,5G zero trust – A Zero-Trust Architecture for Telecom,Jonathan Olsson; Andrey Shorov; Loay Abdelrazek; Jorden Whitefield,2021,Ericsson Technology Review,https://ieeexplore.ieee.org/document/9904691/,Magazine,IEEE Xplore,IEEE-Q1,02_search_exports/repaired/W4-20260930-IEEE-Q1-page-1.json,"The primary aim of any approach to network security is to protect the communication infrastructure so that it can provide services with the expected level of quality, free of disruption. By significantly mitigating risks inside the network perimeter, the zero trust model makes it easier for communication service providers (CSPs) to live up to their security commitments.Show More",
SD-RAW-0018,State-Aware Zero Trust Architecture for Offshore Wind Farms Based on Software-Defined Perimeter,Chae-Min Lim; Dong-Hyuk Shin; Ka-Kyung Kim; Ieck-Chae Euom,2026,IEEE Access,https://ieeexplore.ieee.org/document/11685957/,Journal Article,IEEE Xplore,IEEE-Q1,02_search_exports/repaired/W4-20260930-IEEE-Q1-page-1.json,"Offshore wind farms rely heavily on remote monitoring, maintenance, and control because physical access is constrained by weather and marine conditions. This dependence expands connectivity in operational technology environments and increases exposure to reconnaissance, asset discovery, and subsequent attack progression, which conventional perimeter protection cannot sufficiently restrict after ac...Show More",
SD-RAW-0019,Zero Trust Architecture for Securing Edge AI and Federated Learning in Edge Computing,Shengjie Xu; Yi Qian,2025,IEEE INFOCOM 2025 - IEEE Conference on Computer Communications Workshops (INFOCOM WKSHPS),https://ieeexplore.ieee.org/document/11152832/,Conference Paper,IEEE Xplore,IEEE-Q1,02_search_exports/repaired/W4-20260930-IEEE-Q1-page-1.json,"Recent security vulnerabilities in AI systems, particularly in Edge AI and federated learning environments, have highlighted the need for robust defense mechanisms. Traditional security models are inadequate for protecting these complex, distributed systems, motivating the exploration of Zero Trust principles as a potential solution. This paper proposes a Zero Trust Architecture ...Show More",
SD-RAW-0020,Integrating Zero Trust Architecture to Secure CNS Infrastructure,Almudena García Molina; María de la Presentación De La Torre Moreno; Juan Valera Requena; Ramón Fernando Flores Acedo; Davide Martintoni; Laurent Leonardon; Valerio Senni,2026,"2026 Integrated Communications, Navigation and Surveillance Conference (ICNS)",https://ieeexplore.ieee.org/document/11570160/,Conference Paper,IEEE Xplore,IEEE-Q1,02_search_exports/repaired/W4-20260930-IEEE-Q1-page-1.json,"The increasing digitalization and connectivity of Communication, Navigation, and Surveillance (CNS) systems within the aeronautical domain have transformed air traffic management, delivering substantial improvements in operational efficiency and safety. However, this technological evolution has also expanded the attack surface for cyber threats, particularly in environments where interoperab...Show More",
SD-RAW-0021,Zero Trust Architecture of Token Network,Po-Han Ho; Hong-Yen Chen; Tsung-Nan Lin,2023,"2023 IEEE International Conference on Metaverse Computing, Networking and Applications (MetaCom)",https://ieeexplore.ieee.org/document/10271881/,Conference Paper,IEEE Xplore,IEEE-Q1,02_search_exports/repaired/W4-20260930-IEEE-Q1-page-1.json,"Token network represent a potential future for Web 3.0; however, current designs for token network raise security concerns. Therefore, this paper constructs a zero trust architecture of Token Networks based on the principles of NIST’s proposed Zero Trust Architecture. It also introduces a Decentralized Policy Decision Point to meet the specific requirements of token network...Show More",
SD-RAW-0022,A Survey on Zero Trust Architecture: Applications and Challenges of 6G Networks,Nurun Nahar; Karl Andersson; Olov Schelén; Saguna Saguna,2024,IEEE Access,https://ieeexplore.ieee.org/document/10589640/,Journal Article,IEEE Xplore,IEEE-Q1,02_search_exports/repaired/W4-20260930-IEEE-Q1-page-1.json,"As sixth-generation (6G) cellular networks emerge, promising unparalleled connectivity and capabilities, yet it amplifies concerns regarding security vulnerabilities. These networks include a broader array of devices and sensors compared to earlier generations, increasing the potential for attackers to exploit weaknesses. Existing security frameworks contribute to safeguarding enterprises against ...Show More",
SD-RAW-0023,Construction of Data Center Security System Based on Micro Isolation under Zero Trust Architecture,Lin Ni; Huanqing Cui; Mingqian Wang; Depeng Zhi; Kun Han; Wangli Kou,2022,2022 2nd Asia-Pacific Conference on Communications Technology and Computer Science (ACCTCS),https://ieeexplore.ieee.org/document/9820976/,Conference Paper,IEEE Xplore,IEEE-Q1,02_search_exports/repaired/W4-20260930-IEEE-Q1-page-1.json,"With the development of Internet technology, the rapid growth of data volume strongly promotes the construction of data centers, which also makes the security threats to data centers more and more serious. The architecture of the internal network of the data center has changed from the traditional IT architecture to virtualization, hybrid cloud and containerization, and the security isolation insi...Show More",
SD-RAW-0024,A Defense in Depth with Zero Trust Architecture for Securing 5G Networks,Kamal Singh; Brijesh Kumar; Rohit Saxena; Vijay Lohani,2023,2023 31st Telecommunications Forum (TELFOR),https://ieeexplore.ieee.org/document/10372633/,Conference Paper,IEEE Xplore,IEEE-Q1,02_search_exports/repaired/W4-20260930-IEEE-Q1-page-1.json,"This work aims to explicate a comprehensive framework with the primary objective of enhancing the security aspects pertaining to 5G wireless communication technology. The study endeavor involves the meticulous identification of potential threats, followed by a comprehensive evaluation of the various attack surfaces that may be exploited. Furthermore, this paper intends to examine the concept...Show More",
SD-RAW-0025,Zero-Trust Architecture for Securing Internet of Things (IoT) Networks: A Review,Shahad Al-Tamimi; Qasem Abu Al-Haija; Khaled Alrawashdeh,2024,"2024 5th International Conference on Communications, Information, Electronic and Energy Systems (CIEES)",https://ieeexplore.ieee.org/document/10811176/,Conference Paper,IEEE Xplore,IEEE-Q1,02_search_exports/repaired/W4-20260930-IEEE-Q1-page-1.json,"Zero Trust (ZT) security architecture eliminates implicit confidence and identity verification, improving cybersecurity. Businesses seeking fast and scalable access control reveal standard ZT solutions' flaws. This thorough study covers Zero Trust Architecture (ZTA) for IoT network security. ZTA may tackle issues via identity verification, fine-grained segmentation, and continuou...Show More",
SD-RAW-0026,Byzantine-Resilient Over-the-Air Federated Learning Under Zero-Trust Architecture,Jiacheng Yao; Wei Shi; Wei Xu; Zhaohui Yang; A. Lee Swindlehurst; Dusit Niyato,2025,IEEE Journal on Selected Areas in Communications,https://ieeexplore.ieee.org/document/10963988/,Journal Article,IEEE Xplore,IEEE-Q1,02_search_exports/repaired/W4-20260930-IEEE-Q1-page-1.json,"Over-the-air computation (AirComp) has emerged as an essential approach for enabling communication-efficient federated learning (FL) over wireless networks. Nonetheless, the inherent analog transmission mechanism in AirComp-based FL (AirFL) intensifies challenges posed by potential Byzantine attacks. In this paper, we propose a novel Byzantine-robust FL paradigm for over-the-air transmission...Show More",
SD-RAW-0027,A Novel MQTT-ZT Secure Broker: Zero Trust Architecture for IoT Security,Meha James; Thomas Newe; Donna O’Shea; George D. O’Mahony,2025,2025 IEEE International Conference on Cyber Security and Resilience (CSR),https://ieeexplore.ieee.org/document/11130016/,Conference Paper,IEEE Xplore,IEEE-Q1,02_search_exports/repaired/W4-20260930-IEEE-Q1-page-1.json,"The rapid growth of the Internet of Things (IoT) introduces significant security risks, including unauthorized access, data breaches, and supply chain attacks. Traditional models like Role-Based Access Control (RBAC) lack scalability and realtime enforcement for dynamic IoT environments. This paper presents the MQTT-ZT Secure Broker—an MQTT-based IoT communication framework built on Zero ...Show More",
SD-RAW-0028,Zero Trust Architecture for Intelligent IoT-Based Cyber-Physical Systems,Nishant Singh; Bhagyashree Dharaskar; Kadali Satyanarayana; Dhanshree Mukund Pande; Tejaswi Katari; Sandhya N,2026,2026 IEEE 1st International Conference on Intelligent Technologies for a Sustainable and Inclusive Future (ICITSIF),https://ieeexplore.ieee.org/document/11608797/,Conference Paper,IEEE Xplore,IEEE-Q1,02_search_exports/repaired/W4-20260930-IEEE-Q1-page-1.json,"A sharp rise in the number of intelligent Internet of Things (IoT) devices in Cyber-Physical Systems (CPS) hardened the attack surface and eliminated the effectiveness of traditional perimeter-based models of security. In order to overcome such obstacles, the present paper offers an efficient Zero Trust Architecture (ZTA) system that can suit the IoT-powered CPS setting. The design has...Show More",
SD-RAW-0029,IAM-based Zero Trust Architecture for IoT: Securing Non-Human Identities in a Connected World,Sthembile Mthethwa; Edgar Jembere; Moses Dlamini,2025,2025 IEEE International Conference on Smart Internet of Things (SmartIoT),https://ieeexplore.ieee.org/document/11311662/,Conference Paper,IEEE Xplore,IEEE-Q1,02_search_exports/repaired/W4-20260930-IEEE-Q1-page-1.json,"The widespread adoption of IoT devices has fundamentally altered digital connectivity, facilitating real-time data exchange and autonomous interactions worldwide. While this transformation offers significant operational advantages, it also introduces critical security challenges, particularly concerning the Identity and Access Management (IAM) of non-human identities such as sensors, devices...Show More",
SD-RAW-0030,A Systematic Literature Review of Zero Trust Architecture for Military UAV Security Systems,Alanoud A. Alquwayzani; Abdullah A. Albuali,2024,IEEE Access,https://ieeexplore.ieee.org/document/10759645/,Journal Article,IEEE Xplore,IEEE-Q1,02_search_exports/repaired/W4-20260930-IEEE-Q1-page-1.json,"Over the last couple of years, the application of autonomous systems such as drones has been widely accepted, and these applications are used in the defense, safety, logistics, delivery, and consumer sectors. Unmanned Aerial Vehicles (UAVs) play a major role in contemporary battles by collecting intelligence, surveillance, reconnaissance, and aiding tactical procedures. Although the intricate inte...Show More",
SD-RAW-0031,Secure Reviewing and Data Sharing in Scientific Collaboration: Leveraging Blockchain and Zero Trust Architecture,S. Pooja; C. B. Chandrakala,2024,IEEE Access,https://ieeexplore.ieee.org/document/10584545/,Journal Article,IEEE Xplore,IEEE-Q1,02_search_exports/repaired/W4-20260930-IEEE-Q1-page-1.json,"The current publishing landscape grapples with opacity in the review process. In response, a proposal for a blockchain-driven system is put forth to establish transparent and auditable records for evaluations. However, despite its decentralized nature, concerns persist regarding confidentiality and secure data sharing, crucial for fostering future collaborations. To address these challenges, this ...Show More",
SD-RAW-0032,Toward Decentralized Operationalization of Zero Trust Architecture for Next Generation Networks,Shiva Raj Pokhrel; Gang Li; Robin Doss; Surya Nepal,2025,IEEE Journal on Selected Areas in Communications,https://ieeexplore.ieee.org/document/10963973/,Journal Article,IEEE Xplore,IEEE-Q1,02_search_exports/repaired/W4-20260930-IEEE-Q1-page-1.json,"Next-generation networks demand security that evolves as fast as threats do. Our pioneering decentralized Zero Trust Architecture (dZTA), proposed in this paper, redefines protection for IoT and remote collaboration, merging Zero Trust’s ironclad access controls with blockchain’s transparency and federated learning’s privacy-first analytics. Unlike traditional models, dZTA enforc...Show More",
SD-RAW-0033,Semi-Quantum Communication for Cyber Secure Microgrid Under Zero-Trust Architecture,Hengji Li; Zibo An; Feixiang Jiao; Xibeng Zhang; Yanyu Zhang; Lei Shi; Feng Huo; Yi Zhou,2026,IEEE Transactions on Industry Applications,https://ieeexplore.ieee.org/document/11220826/,Journal Article,IEEE Xplore,IEEE-Q1,02_search_exports/repaired/W4-20260930-IEEE-Q1-page-1.json,"The microgrid faces increasingly severe communication security challenges due to its open and highly interactive characteristics. However, the traditional trust architecture cannot cope with the dynamically changing identity authentication requirements, and data transmission based on classical encryption is vulnerable to attacks from quantum computers. Existing quantum-secure microgrid resea...Show More",
SD-RAW-0034,Decentralized Federated Graph Learning With Lightweight Zero Trust Architecture for Next-Generation Networking Security,Xiaokang Zhou; Wei Liang; Kevin I-Kai Wang; Katsutoshi Yada; Laurence T. Yang; Jianhua Ma; Qun Jin,2025,IEEE Journal on Selected Areas in Communications,https://ieeexplore.ieee.org/document/10966001/,Journal Article,IEEE Xplore,IEEE-Q1,02_search_exports/repaired/W4-20260930-IEEE-Q1-page-1.json,"The rapid development and usage of digital technologies in modern intelligent systems and applications bring critical challenges on data security and privacy. It is essential to allow cross-organizational data sharing to achieve smart service provisioning, while preventing unauthorized access and data leak to ensure end users’ efficient and secure collaborations. Federated Learning (FL) offers a p...Show More",
SD-RAW-0035,Research on Information Security Protection System of Distribution Network Based on Zero Trust Architecture,Shuaitao Bai; Wanxing Sheng; Yuwei Shang; Guanying Wang; Limei Zhou; Liang Sun; Yibiao Huang; Weiyong Gong,2024,2024 IEEE International Conference on Energy Internet (ICEI),https://ieeexplore.ieee.org/document/10917171/,Conference Paper,IEEE Xplore,IEEE-Q1,02_search_exports/repaired/W4-20260930-IEEE-Q1-page-1.json,"With the large-scale deployment of customer-side equipment such as distributed photovoltaics and charging piles, along with the integration of modern information and communication technologies like the Internet of Things(IoT) and artificial intelligence(AI), the distribution network is gradually evolving into an open power network characterized by cyber-physical fusion and multi-agent intera...Show More",
SD-RAW-0036,A continuous authentication protocol without trust authority for zero trust architecture,Lei Meng; Daochao Huang; Jiahang An; Xianwei Zhou; Fuhong Lin,2022,China Communications,https://ieeexplore.ieee.org/document/9861234/,Magazine,IEEE Xplore,IEEE-Q1,02_search_exports/repaired/W4-20260930-IEEE-Q1-page-1.json,"Zero-trust security is a novel concept to cope with intricate access, which can not be handled by the conventional perimeter-based architecture anymore. The device-to-device continuous authentication protocol is one of the most crucial cornerstones, especially in the IoT scenario. In the zero-trust architecture, trust does not rely on any position, person or device. However, to t...Show More",
SD-RAW-0037,Create Cloud-Based Access Control Rules Cybersecurity: Applications of AI-Driven Policies and Zero Trust Architecture,Antony Helena Antony Alwyn; Antony Alwyn Michael Adrian; P. Deepalakshmi,2025,"2025 International Conference on Electronics and Computing, Communication Networking Automation Technologies (ICEC2NT)",https://ieeexplore.ieee.org/document/11380090/,Conference Paper,IEEE Xplore,IEEE-Q1,02_search_exports/repaired/W4-20260930-IEEE-Q1-page-1.json,"The inclusion of cloud computing has changed how institutions can be able to manage and secure their digital infrastructure, allowing them to be more flexible, more scalable, and more cost effective. But, as users rely more and more on cloud environments, cybersecurity becomes more complex for access control and data security too. Perimeter based security models are less effective as organizations...Show More",
SD-RAW-0038,ZAID: Zero Trust Architecture and AI-Driven IDS: A Machine Learning Framework for Secure Cloud Storage and Data Integrity,Haseena Manzoor; Muhammad Waleed Ashraf; Muhammad Saeed; Muhammad Ibrar; Majid Hussain; Abdul Rauf,2025,2025 International Conference on Frontiers of Information Technology (FIT),https://ieeexplore.ieee.org/document/11333626/,Conference Paper,IEEE Xplore,IEEE-Q1,02_search_exports/repaired/W4-20260930-IEEE-Q1-page-1.json,"Cloud and Edge computing architectures revolutionize data storage and management by offering scalable and cost-effective services. However, the growing complexity of cyber threats and the reliance on exposed digital infrastructures pose major security challenges. Traditional Intrusion Detection Systems (IDSs) often struggle to detect sophisticated real-time attacks, while Machine Learning (ML)-bas...Show More",
SD-RAW-0039,A Hybrid Quantum-ML Framework for Intrusion Detection in O-RAN with Zero Trust Architecture,Srikanta Dash; Keshav Singh; Shahid Mumtaz; Sudip Biswas,2026,2026 IEEE International Conference on Communications Workshops (ICC Workshops),https://ieeexplore.ieee.org/document/11586234/,Conference Paper,IEEE Xplore,IEEE-Q1,02_search_exports/repaired/W4-20260930-IEEE-Q1-page-1.json,"The open radio access network (O-RAN) paradigm enables disaggregated, vendor-neutral, and programmable radio access, but it also significantly enlarges the attack surface due to multi-vendor integration and open interfaces. Ensuring robust and adaptive security in such dynamic environments remains a critical challenge, particularly under evolving and high-dimensional traffic patterns. In this pape...Show More",
SD-RAW-0040,Post-Quantum AI-Driven Zero-Trust Architecture for Secure 6G IoT Networks,Mihir Bhatt; Ashutosh Kumar; Amrendra Singh Yadav,2026,IEEE Networking Letters,https://ieeexplore.ieee.org/document/11673153/,Early Access Article,IEEE Xplore,IEEE-Q1,02_search_exports/repaired/W4-20260930-IEEE-Q1-page-1.json,"As IoT networks evolve toward 6G communications, they face unprecedented security challenges from future quantum computing capabilities and sophisticated behavioral attacks. To preemptively address these vulnerabilities, this letter proposes the Post-Quantum AI-Driven Zero Trust (PAZT) architecture. PAZT secures data transit using the CRYSTALS-Kyber key encapsulation mechanism and empl...Show More",
SD-RAW-0041,AI-Powered Zero Trust Architecture and Anomaly Detection to Protect 5G Core Networks,Sharma Ji; Vishal Jayaswal; Sandeep Yadav; Harnit Saini; Sharvan Kumar; Eshank Jain,2025,2025 2nd International Conference on Advanced Computing and Emerging Technologies (ACET),https://ieeexplore.ieee.org/document/11430361/,Conference Paper,IEEE Xplore,IEEE-Q1,02_search_exports/repaired/W4-20260930-IEEE-Q1-page-1.json,"Severe cybersecurity risks in the guise of Distributed Denial-of-Service (DDoS) attacks, insider attacks, and advanced persistent threats have been forged due to the widespread expansion of 5G networks. Since 5G core networks are dynamic, decentralized, and software-defined, they cannot be adequately protected by traditional perimeter-based security controls. To strengthen network security, Zer...Show More",
SD-RAW-0042,Zero Trust Architecture for MQTT-based IoT Networks using eSIM and IoT SAFE,Sanat Jayakrishnan; Kurunandan Jain; Prabhakar Krishnan; Hari N. N.; Sethu Subramanian N,2026,"2026 5th International Conference on Computer Networks, Big Data and IoT (ICCBI)",https://ieeexplore.ieee.org/document/11619769/,Conference Paper,IEEE Xplore,IEEE-Q1,02_search_exports/repaired/W4-20260930-IEEE-Q1-page-1.json,"The proliferation of Internet of Things (IoT) deployments has led to an increased need for security mechanisms that can secure resource-constrained devices and the communication infrastructure supporting them. MQTT (message queuing telemetry transport) is a popular protocol in IoT environments because it is lightweight and has low communication overhead. However, conventional MQTT secu...Show More",
SD-RAW-0043,Enhancing IoT Security with Zero-Trust Architecture: A Model Leveraging Blockchain and AI Capabilities,Tarun Singh; T N Nisha,2025,2025 International Conference on Emerging Information Technology and Engineering Solutions (EITES),https://ieeexplore.ieee.org/document/11206229/,Conference Paper,IEEE Xplore,IEEE-Q1,02_search_exports/repaired/W4-20260930-IEEE-Q1-page-1.json,"The IoT ecosystem consists of many interconnected devices, like sensors, actuators, and smart systems, integral parts of many industries and their everyday applications. Operating with limited computational power and memory, these devices are highly vulnerable to cyber-attacks. Traditional Perimeter security systems no longer suffice to defend against these vulnerabilities due to their implicit tr...Show More",
SD-RAW-0044,Integrating Zero Trust Architecture with Automation and Analytics for Resilient Cybersecurity,Dharnisha Narasappa,2025,2025 3rd International Conference on Data Science and Network Security (ICDSNS),https://ieeexplore.ieee.org/document/11168551/,Conference Paper,IEEE Xplore,IEEE-Q1,02_search_exports/repaired/W4-20260930-IEEE-Q1-page-1.json,"In response to the limitations of traditional perimeter-based security models and existing Zero Trust implementations focused primarily on federated identity or distributed learning, this paper proposes a novel, unified cybersecurity framework that tightly integrates Zero Trust Architecture (ZTA) with risk-adaptive automation and machine learning-driven analytics. Unlike prior wo...Show More",
SD-RAW-0045,Implementing Zero Trust Architecture For Enhanced Security in Cloud - based Systems,Kathiresan Jayabalan; Rakesh Keshava; Sai Krishna Venumuddala; Pragya Keshap; Hari Rowtu; R.Maruthi,2025,"2025 9th International Conference on Electronics, Communication and Aerospace Technology (ICECA)",https://ieeexplore.ieee.org/document/11382747/,Conference Paper,IEEE Xplore,IEEE-Q1,02_search_exports/repaired/W4-20260930-IEEE-Q1-page-1.json,"Cloud computing has revolutionized enterprise information technology infrastructure but created drastic security issues as a result of dynamic workloads, multi-cloud services and advanced cyber attacks. The increasing threat of insider attacks and lateral movement attacks bypasses the traditional perimeter-based security models that assume that they can trust the inside of a network. This paper wi...Show More",
SD-RAW-0046,AI-Enhanced Zero Trust Architecture for Cloud Security with Quantum Resilience,Suryaprakash Nalluri; Murali Mohan Malyala; Hemalatha Kandagiri; Praveen Chaitanya Jakku; Kiran Kumar Kandagiri,2025,2025 6th International Conference on Intelligent Communication Technologies and Virtual Mobile Networks (ICICV),https://ieeexplore.ieee.org/document/11085906/,Conference Paper,IEEE Xplore,IEEE-Q1,02_search_exports/repaired/W4-20260930-IEEE-Q1-page-1.json,"A revolutionary new paradigm in cloud security has emerged through the integration of Artificial Intelligence (AI), Zero Trust Architecture (ZTA), and predictive analytics. This integrated strategy makes use of AI to detect and respond to threats in real-time in cloud environment. In addition, predictive analytics reveal potential flaws and dangers that could be exploited. To make it r...Show More",
SD-RAW-0047,Zero Trust Integration in 5G Military Communication Networks and a Technical Framework for Cyber Resilience,Anita Pál; Sándor Magyar,2026,2026 IEEE 24th World Symposium on Applied Machine Intelligence and Informatics (SAMI),https://ieeexplore.ieee.org/document/11420604/,Conference Paper,IEEE Xplore,IEEE-Q1,02_search_exports/repaired/W4-20260930-IEEE-Q1-page-1.json,"Fifth-generation (5G) communication networks provide unprecedented opportunities for military operations, offering ultra-low latency, massive device connectivity, and enhanced bandwidth. At the same time, they introduce new vulnerabilities, including risks associated with network slicing, edge computing, and the proliferation of Internet of Things (IoT) devices. Traditional perimeter-based s...Show More",
SD-RAW-0048,Passwordless Authentication System using ECC and Zero Trust Architecture,Yasasree Lasya Annambhotla; Asi Kuushalie; C V Sree Pranavi; Velumury Varshita; Kumaran U,2025,2025 6th International Conference on Smart Electronics and Communication (ICOSEC),https://ieeexplore.ieee.org/document/11459807/,Conference Paper,IEEE Xplore,IEEE-Q1,02_search_exports/repaired/W4-20260930-IEEE-Q1-page-1.json,"Traditional password-based authentication systems are vulnerable to phishing, brute-force attacks, and credential exposure. This project introduces a Passwordless Authentication System based on Elliptic Curve Cryptography (ECC) and Zero Trust Architecture (ZTA) to offer frictionless but secure login. Instead of passwords, users authenticate by digitally signing a challenge issued...Show More",
SD-RAW-0049,Enhancing 5G Security Through Zero Trust Architecture: A Threat-Centric Analysis of Critical Interfaces,Aishwarya Singh,2025,2025 IEEE 4th International Conference on Intelligent Reality (ICIR),https://ieeexplore.ieee.org/document/11361566/,Conference Paper,IEEE Xplore,IEEE-Q1,02_search_exports/repaired/W4-20260930-IEEE-Q1-page-1.json,"The rapid deployment of 5G networks introduces new security challenges, requiring robust defense mechanisms against evolving threats. Zero Trust Architecture (ZTA) offers a paradigm shift in securing critical 5G interfaces by enforcing strict access controls, continuous authentication, and threat-centric risk mitigation strategies. Unlike traditional perimeter-based security models, ZT...Show More",
SD-RAW-0050,Towards Cyber-by-Design Security for Digital Twins: Implementing Zero Trust Architecture,Nizar Choubik; Abdelhadi Belfadel; Jerôme Letailleur; Pierre-Marie Bajan; Stephen Creff; Amira Ben Hamida,2026,2026 28th International Conference on Advanced Communications Technology (ICACT),https://ieeexplore.ieee.org/document/11431279/,Conference Paper,IEEE Xplore,IEEE-Q1,02_search_exports/repaired/W4-20260930-IEEE-Q1-page-1.json,"Industry 4.0 has positioned digital twins as key enablers for real-time monitoring, simulation, and intelligent decision-making across industrial environments. While their integration enhances operational efficiency, it also expands the attack surface, introducing critical cybersecurity challenges. This paper explores recent research efforts aimed at embedding Zero Trust Architecture i...Show More",
SD-RAW-0051,A Strategic Roadmap for Phased Zero Trust Architecture Implementation in Organizations,Adrian Rosén; Gurjot Singh Gaba; Andrei Gurtov,2025,2025 IEEE Conference on Communications and Network Security (CNS),https://ieeexplore.ieee.org/document/11194934/,Conference Paper,IEEE Xplore,IEEE-Q1,02_search_exports/repaired/W4-20260930-IEEE-Q1-page-1.json,"Traditional perimeter-based security models, which implicitly trust internal networks, are vulnerable to modern cyber threats such as ransomware and credential misuse, allowing lateral movement and large-scale breaches. Zero Trust Architecture (ZTA) mitigates these risks by enforcing continuous authentication and least-privilege access for all devices. However, organizations face chall...Show More",
SD-RAW-0052,A Federated Zero-Trust Architecture with Post-Quantum Cryptography for Secure and Resilient Data Transmission in Cloud Computing,Nagamany Abirami; I Varalakshmi; Jasmine S; B Mohan,2026,2026 International Conference on Smart Futuristic Technology,https://ieeexplore.ieee.org/document/11507018/,Conference Paper,IEEE Xplore,IEEE-Q1,02_search_exports/repaired/W4-20260930-IEEE-Q1-page-1.json,"The rapid expansion of cloud based financial ecosystems has generated substantial operational advantages while simultaneously introducing complex cybersecurity challenges, particularly concerning secure, confidential, and quantum-resilient data transmission across distributed banking infrastructures. To address these issues, this study proposes a Federated Zero-Trust Security Framework (FZTS...Show More",
SD-RAW-0053,Energy-Optimized Wireless Security for Sustainable Critical National Infrastructure: Zero-Trust Over Starlink with Kinesiology-Enhanced Operator Resilience,Marijan Jozić; Dina Šimunić,2026,2026 11th International Conference on Smart and Sustainable Technologies (SpliTech),https://ieeexplore.ieee.org/document/11685583/,Conference Paper,IEEE Xplore,IEEE-Q1,02_search_exports/repaired/W4-20260930-IEEE-Q1-page-1.json,"Critical National Infrastructure (CNI) demands resilient, energy-efficient, and secure communication solutions to counter escalating cyber-physical threats while satisfying sustainability requirements. This paper proposes an integrated energy-optimized security framework that combines Starlink Low Earth Orbit (LEO) satellite connectivity with Zero-Trust Architecture (ZTA). A kine...Show More",
SD-RAW-0054,ZEBRA: Zero Trust Architecture Employing Blockchain Technology and ROPUF for AMI Security,Faris Alsulami; Akshay R. Kulkarni; Noor Ahmad Hazari; Mohammed Y. Niamat,2024,IEEE Access,https://ieeexplore.ieee.org/document/10646352/,Journal Article,IEEE Xplore,IEEE-Q1,02_search_exports/repaired/W4-20260930-IEEE-Q1-page-1.json,"Smart grid (SG) has evolved as a recent topic of discussion and research globally, due to the integration of communication and internet in its network. It facilitates the bidirectional flow of information and power making it vulnerable to attacks including denial of service, fault injection, man-in-the-middle, etc. An integral part of the SG, is the advanced metering infrastructure (AMI), wh...Show More",
SD-RAW-0055,Dynamic Authentication and Granularized Authorization With a Cross-Domain Zero Trust Architecture in Large-Scale IoT Networks,Xiaoyu Ma; Fang Fang; Tianlong Liu; Xianbin Wang,2026,IEEE Transactions on Network Science and Engineering,https://ieeexplore.ieee.org/document/11321204/,Journal Article,IEEE Xplore,IEEE-Q1,02_search_exports/repaired/W4-20260930-IEEE-Q1-page-1.json,"With the increasing number of connected devices and complex networks involved, current domain-specific authentication mechanisms become inadequate for the dynamic access demands of large-scale Internet of Things (IoT) systems. Cross-domain authentication and authorization could enhance device interoperability across different security domains. However, they face new challenges including increased ...Show More",
SD-RAW-0056,Implementing Zero Trust Architecture for Securing Financial Transactions in Banking Apps Using Homomorphic Encryption and Advanced Access Control Algorithms,R. Pradeep; Abhilash T P; Pranathi P; K. Akila; Harshamuki R; Partha Sarathi Mishra,2025,"2025 3rd International Conference on Communication, Security, and Artificial Intelligence (ICCSAI)",https://ieeexplore.ieee.org/document/11063966/,Conference Paper,IEEE Xplore,IEEE-Q1,02_search_exports/repaired/W4-20260930-IEEE-Q1-page-1.json,Due to the increased use of banking applications in handling the financial budged on behalf of their users the emergence of security measures to enhance the protection of user data has been deemed necessary due to the hiked levels of cyber threats. This means that traditional security models lack the ability to offer solutions to complex security problems including today's advanced cyber threats a...Show More,
SD-RAW-0057,Zero Trust Architecture for 5G-Enabled Mobile Cloud Computing (MCC),Urvish Pandya; Sweta Pandya,2026,2026 14th International Symposium on Digital Forensics and Security (ISDFS),https://ieeexplore.ieee.org/document/11459072/,Conference Paper,IEEE Xplore,IEEE-Q1,02_search_exports/repaired/W4-20260930-IEEE-Q1-page-1.json,"The convergence of Mobile Cloud Computing (MCC) and Fifth Generation (5 G) networks is essential for enabling rapid, lowlatency connectivity for emerging and next-gen technologies such as smart, autonomous vehicles, augmented reality, and innovative healthcare. Still, the need for unrestricted and diverse 5 G -enabled MCC contributes to further changes in the MCC environment, including increased s...Show More",
SD-RAW-0058,Securing IPv6 Networks Against DDoS Attacks Using Federated CNN under Zero Trust Architecture,Mahmoud Hany Aboshady; Donia Magdy Elgoushy; Mohamed Helmy Gaber; Ola Mansour Mustafa; Nesma Abdelgawad; Khaled Fouad; Ibrahim Attiya,2025,2025 International Conference on Artificial Intelligence Science and Applications in Industry and Society (CAISAIS),https://ieeexplore.ieee.org/document/11440721/,Conference Paper,IEEE Xplore,IEEE-Q1,02_search_exports/repaired/W4-20260930-IEEE-Q1-page-1.json,"The adoption of Internet Protocol version 6 (IPv6) introduces both opportunities and challenges. IPv6 provides an expanded address space and optimized packet handling, but also inherits vulnerabilities from IPv4 and introduces new risks. A critical component, the Internet Control Message Protocol version 6 (ICMPv6), supports error reporting and neighbor discovery but is often exploited for malicio...Show More",
SD-RAW-0059,Secure and Privacy-Preserving AI: A Zero Trust Architecture for Federated Machine Learning,Al Amin Hossain; Mithun Kumar PK; Fathi Amsaad; Darryl Ahner,2025,"2025 1st International Conference on Secure IoT, Assured and Trusted Computing (SATC)",https://ieeexplore.ieee.org/document/11137026/,Conference Paper,IEEE Xplore,IEEE-Q1,02_search_exports/repaired/W4-20260930-IEEE-Q1-page-1.json,"The proliferation of Federated Machine Learning (FML) has opened new avenues for collaborative artificial intelligence (AI) development, enabling multiple parties to train models collectively without exposing sensitive local datasets. However, it introduces significant cybersecurity challenges, particularly in securing data exchanges, model integrity, and system access. A Zero Trust Archi...Show More",
SD-RAW-0060,Zero Trust Architecture and Digital Twin to Improve the Cybersecurity Posture of Distributed Smart Factory Environments,Mattia Fogli; Carlo Giannelli; Elena Mari; Cesare Stefanelli,2025,2025 21st International Conference on Distributed Computing in Smart Systems and the Internet of Things (DCOSS-IoT),https://ieeexplore.ieee.org/document/11096195/,Conference Paper,IEEE Xplore,IEEE-Q1,02_search_exports/repaired/W4-20260930-IEEE-Q1-page-1.json,"The advent of the Industrial Internet Of Things (IIoT) has pushed the integration of Information Technology (IT) and Operational Technology (OT). In Distributed Smart Factory environments, this has enabled novel Industry 4.0 applications, with software components deployed in the Cloud-toedge continuum and Digital Twins (DTs) adopted as bridges towards industrial machines. However, the IT/OT conver...Show More",
SD-RAW-0061,AI-Driven Zero Trust Architecture: Enhancing Cyber-Security Resilience,K. Chokkanathan; S.M. Karpagavalli; G. Priyanka; K. Vanitha; K. Anitha; P. Shenbagavalli,2024,2024 8th International Conference on Computational System and Information Technology for Sustainable Solutions (CSITSS),https://ieeexplore.ieee.org/document/10816746/,Conference Paper,IEEE Xplore,IEEE-Q1,02_search_exports/repaired/W4-20260930-IEEE-Q1-page-1.json,"In the ever-changing field of cybersecurity, conventional defenses that rely on boundaries are no longer adequate to safeguard against sophisticated and persistent assaults. The Zero Trust Architecture (ZTA) paradigm, powered by AI, provides a strong answer by removing the concept of inherent trust within a network and demanding ongoing verification for each access request. This articl...Show More",
SD-RAW-0062,Integrating Zero Trust Architecture in O-RAN: A Comprehensive Survey and Analysis,Ali Mehrban; Zakaria Abou El Houda; Hajar Moudoud; Long Bao Le,2025,IEEE Open Journal of the Communications Society,https://ieeexplore.ieee.org/document/11299597/,Journal Article,IEEE Xplore,IEEE-Q1,02_search_exports/repaired/W4-20260930-IEEE-Q1-page-1.json,Open Radio Access Network (O-RAN) is a new approach to mobile networks that disaggregates the network architecture into multi-vendor interoperable physical and software-defined network components connected through standardized open interfaces. This architecture enables deploying solutions on cloud-native platforms and boosting Artificial Intelligence(AI)-driven automation for network optimization....Show More,
SD-RAW-0063,Implementation of Enhanced Security Measures in Oracle ERP Cloud with Zero Trust Architecture (ZTA),Adiah Qazi; Sadiqa Arshad,2025,2025 International Conference on Communication Technologies (ComTech),https://ieeexplore.ieee.org/document/11034488/,Conference Paper,IEEE Xplore,IEEE-Q1,02_search_exports/repaired/W4-20260930-IEEE-Q1-page-1.json,"The paper presents a Zero Trust Architecture (ZTA)-based security framework for Oracle ERP Cloud to counter emerging cybersecurity threats. The framework integrates compliance security, Identity and Access Management (IAM), micro-segmentation and real time monitoring to prevent unauthorized access. A security evaluation tool validates the framework through ERP decision making with accu...Show More",
SD-RAW-0064,A Review of Zero Trust Architecture Security Research,Tianyu Zhang; Lyuyi Chen,2025,2025 5th International Conference on Network Communication and Information Security (ICNCIS),https://ieeexplore.ieee.org/document/11296039/,Conference Paper,IEEE Xplore,IEEE-Q1,02_search_exports/repaired/W4-20260930-IEEE-Q1-page-1.json,"With the popularization of technologies such as cloud computing and mobile office, enterprise network structures are becoming increasingly complex, and traditional network security models based on boundary protection are no longer able to meet current needs. Zero Trust Architecture (ZTA), as an emerging network security model, does not distinguish between internal and external networks...Show More",
SD-RAW-0065,Building a Cyber-Resilient Payment Infrastructure: Transforming Payment Security with Zero Trust Architecture,Srinivasarao Paleti; Dwaraka Nath Kummari; Ravi Shankar Garapati; Goutham Kumar Sheelam; Balaji Adusupalli; Jeevani Singireddy,2025,"2025 3rd International Conference on IoT, Communication and Automation Technology (ICICAT)",https://ieeexplore.ieee.org/document/11414507/,Conference Paper,IEEE Xplore,IEEE-Q1,02_search_exports/repaired/W4-20260930-IEEE-Q1-page-1.json,"This study explores the deployment of a cyber-resilient payment system through the application of Zero Trust Architecture (ZTA) to improve security and resiliency in financial transaction systems. As cyber threats become more advanced, more basic perimeter security models are no longer adequate to secure payment systems. ZTA, which considers every transaction and device as untrusted, i...Show More",
SD-RAW-0066,Factor Analysis of Learning Motivation Difference on Cybersecurity Training With Zero Trust Architecture,Taisho Sasada; Masataka Kawai; Yuto Masuda; Yuzo Taenaka; Youki Kadobayashi,2023,IEEE Access,https://ieeexplore.ieee.org/document/10352156/,Journal Article,IEEE Xplore,IEEE-Q1,02_search_exports/repaired/W4-20260930-IEEE-Q1-page-1.json,"Cloud computing technologies have increased the diversity and complexity of security expertise needed to prevent cyber attacks. decisionIn software and system architect area, The expertise of security personnel in these security technologies is highly valued. However, it is extremely challenging for companies to acquire such security personnel, leading to the proposal and increased attention towar...Show More",
SD-RAW-0067,Redefining Trust Boundaries: A Holistic Synthesis of Zero-Trust Architecture Across Emerging Ecosystems,Rameesa K; Salwa Sulthana; R Pavan Krishna; Sowmya G Naik; Kavya,2026,2026 IEEE International Conference on Emerging Synergy Science and Technology (ICESST),https://ieeexplore.ieee.org/document/11582862/,Conference Paper,IEEE Xplore,IEEE-Q1,02_search_exports/repaired/W4-20260930-IEEE-Q1-page-1.json,"Zero Trust Architecture (ZTA) has emerged as a transformative cybersecurity framework addressing the limitations of traditional perimeter-based defense models exposed by rapid cloud adoption, digital transformation, and hybrid enterprise environments. Built on the principles of leastprivilege access, micro-segmentation, and continuous verification, ZTA eliminates implicit trust by enfo...Show More",
SD-RAW-0068,Machine Learning Based Zero Trust Architecture for Secure Networking,Saubhagya Munasinghe; Nuwan Piyarathna; Erandana Wijerathne; Upul Jayasinghe; Suneth Namal,2023,2023 IEEE 17th International Conference on Industrial and Information Systems (ICIIS),https://ieeexplore.ieee.org/document/10253610/,Conference Paper,IEEE Xplore,IEEE-Q1,02_search_exports/repaired/W4-20260930-IEEE-Q1-page-1.json,"Traditional perimeter-based security solutions are no longer capable of protecting boundless networking topologies like the Internet of Things (IoT). In contrast, the concept of Zero Trust Architecture (ZTA) can be identified as a prospective solution, since the ZTA is designed not to trust any user, device, or entity even if they are within the network perimeter. However, the adaption...Show More",
SD-RAW-0069,Zero Trust Architecture for Cloud-Native PaaS Identity Centric-Automated and Regulation-Aligned,Abdulaziz Hosamalddin; Khalid Almulayfi; Abdullah Alshammari; Kashif Saleem; Mourad Benmalek; Joel J. P. C. Rodrigues,2026,2026 11th International Conference on Smart and Sustainable Technologies (SpliTech),https://ieeexplore.ieee.org/document/11685539/,Conference Paper,IEEE Xplore,IEEE-Q1,02_search_exports/repaired/W4-20260930-IEEE-Q1-page-1.json,Cloud-native Platform-as-a-Service (PaaS) dissolves traditional perimeters and expands the attack surface through ephemeral microservices and API-driven communication. This paper presents a hybrid Zero Trust Architecture (ZTA) that unifies centralized policy semantics and governance with distributed enforcement at API gateways and service-mesh sidecars. The design enforces identi...Show More,
SD-RAW-0070,Trust Quantification on Zero Trust Architecture: A Survey,Seung-Woo Nam; Gyeong-Min Yu; Yoon-Seong Jang; Ju-Sung Kim; Ji-Min Kim; Myung-Sup Kim,2026,IEEE Access,https://ieeexplore.ieee.org/document/11604145/,Journal Article,IEEE Xplore,IEEE-Q1,02_search_exports/repaired/W4-20260930-IEEE-Q1-page-1.json,"Zero Trust Architecture (ZTA) has emerged as a prominent security paradigm that moves beyond traditional network perimeter–based security by continuously verifying all access requests. In this paradigm, Trust Quantification (TQ) plays a critical role by numerically evaluating the trustworthiness of users, devices, sessions, and behaviors, thereby enabling dynamic access control and pol...Show More",
SD-RAW-0071,Securing the Metaverse: A Blockchain-Enabled Zero-Trust Architecture for Virtual Environments,Ikram Ud Din; Kamran Habib Khan; Ahmad Almogren; Mahdi Zareei; Jesús Arturo Pérez Díaz,2024,IEEE Access,https://ieeexplore.ieee.org/document/10584541/,Journal Article,IEEE Xplore,IEEE-Q1,02_search_exports/repaired/W4-20260930-IEEE-Q1-page-1.json,"In order to improve cybersecurity in newly developed network infrastructures, this research investigates the integration of blockchain technology with zero-trust security concepts. The zero-trust paradigm ensures continuous authentication across entities, in contrast to standard security models that often presuppose trust based on a network environment. Blockchain is used to decentrali...Show More",
SD-RAW-0072,Unconsciously Continuous Authentication Protocol in Zero-Trust Architecture Based on Behavioral Biometrics,Jung-San Lee; Tzu-Hao Chen; Chit-Jie Chew; Po-Yao Wang; Yun-Yi Fan,2025,IEEE Transactions on Reliability,https://ieeexplore.ieee.org/document/10937066/,Journal Article,IEEE Xplore,IEEE-Q1,02_search_exports/repaired/W4-20260930-IEEE-Q1-page-1.json,"Zero-trust architecture has received massive attention globally and been a significant development in the field of cybersecurity. Within zero-trust architecture, the continuous authentication (CA) strategy has been proposed to counter the network security threats posed by traditional static authentication mechanisms. However, most studies have focused on either device-to-de...Show More",
SD-RAW-0073,Fortifying Open RAN Security with Zero Trust Architecture and Transformers,Wissal Hamhoum; Hatim Lakhdar; Soumaya Cherkaoui,2024,ICC 2024 - IEEE International Conference on Communications,https://ieeexplore.ieee.org/document/10622553/,Conference Paper,IEEE Xplore,IEEE-Q1,02_search_exports/repaired/W4-20260930-IEEE-Q1-page-1.json,"Open Radio Access Networks (Open RAN) have gained significant traction in modern telecommunications due to their cost-efficiency and scalability. However, their open architecture introduces critical security challenges. To fortify Open RAN security, this paper proposes a novel approach that combines the principles of Zero Trust Architecture (ZTA) with the use of transformer-based model...Show More",
SD-RAW-0074,Real identity based access control technology under zero trust architecture,Ya Guang Wu; Wen Hao Yan; Jin Zhi Wang,2021,2021 International Conference on Wireless Communications and Smart Grid (ICWCSG),https://ieeexplore.ieee.org/document/9616576/,Conference Paper,IEEE Xplore,IEEE-Q1,02_search_exports/repaired/W4-20260930-IEEE-Q1-page-1.json,"With the rapid development and application of emerging information technology, the traditional network security architecture is more and more difficult to support flexible dynamic and a wider range of business data access requirements. Zero trust technology can truly realize the aggregation of security and business by building an end-to-end dynamic new boundary based on identity, which puts ...Show More",
SD-RAW-0075,Blockchain-Enabled Zero Trust Architecture for Privacy-Preserving Cybersecurity in IoT Environments,Mohammed A. Aleisa,2025,IEEE Access,https://ieeexplore.ieee.org/document/10839415/,Journal Article,IEEE Xplore,IEEE-Q1,02_search_exports/repaired/W4-20260930-IEEE-Q1-page-1.json,"This research introduced a new novel “Unified Quantum-Resilient Blockchain-Zero-Knowledge Proofs Privacy Authentication Framework (QBC-ZKPAF)” to upgrade the IoT environments with greater security. To enable privacy-preserving authentication, access control, and secure communication, the framework integrates blockchain technology with Zero Trust Architecture (ZTA) and post-quantu...Show More",
SD-RAW-0076,Enabling 6G Security: The Synergy of Zero Trust Architecture and Artificial Intelligence,Hichem Sedjelmaci; Kamel Tourki; Nirwan Ansari,2024,IEEE Network,https://ieeexplore.ieee.org/document/10287991/,Magazine,IEEE Xplore,IEEE-Q1,02_search_exports/repaired/W4-20260930-IEEE-Q1-page-1.json,"The security of Sixth Generation (6G) technology and its services have been a focal point for industry, academia, and governments. To safeguard this emerging technology from cyber threats, new security mechanisms that utilize Artificial Intelligence (AI) and zero trust approaches have been proposed for securing the wireless and mobile networks against smart attacks. In this article, we prese...Show More",
SD-RAW-0077,Building A Zero Trust Architecture Using Kubernetes,Daniel D'Silva; Dayanand D. Ambawade,2021,2021 6th International Conference for Convergence in Technology (I2CT),https://ieeexplore.ieee.org/document/9418203/,Conference Paper,IEEE Xplore,IEEE-Q1,02_search_exports/repaired/W4-20260930-IEEE-Q1-page-1.json,"In the twenty-first century, trust has become an influential factor in people and organizations. As the world is advancing digitally, mobile and cloud services have become the principal drivers of this era. The conventional frameworks to protect such an environment have dissolved. There existed a period where organization resources were put away inside the secure perimeter and regarded as safe. Mo...Show More",
SD-RAW-0078,Anomaly-Aware Dynamic Trust Thresholding for Zero Trust Architecture for Secure e-Healthcare,Abhinay Kumar; Abhilasha Sharma,2026,2026 Fourth International Conference on Secure Cyber Computing and Communications (ICSCCC),https://ieeexplore.ieee.org/document/11600078/,Conference Paper,IEEE Xplore,IEEE-Q1,02_search_exports/repaired/W4-20260930-IEEE-Q1-page-1.json,"The rapid interconnection of medical devices to the internet has improved healthcare efficiency, patient monitoring and remote diagnostics but at the same time it becomes main target for cyber attackers. The traditional perimeter based security models are not relevant for current scenarios. Since the current Zero Trust models are predominantly designed using static, predefined rule-based alg...Show More",
SD-RAW-0079,A Security Awareness and Protection System for 5G Smart Healthcare Based on Zero-Trust Architecture,Baozhan Chen; Siyuan Qiao; Jie Zhao; Dongqing Liu; Xiaobing Shi; Minzhao Lyu; Haotian Chen; Huimin Lu; Yunkai Zhai,2021,IEEE Internet of Things Journal,https://ieeexplore.ieee.org/document/9273056/,Journal Article,IEEE Xplore,IEEE-Q1,02_search_exports/repaired/W4-20260930-IEEE-Q1-page-1.json,"The key features of 5G network (i.e., high bandwidth, low latency, and high concurrency) along with the capability of supporting big data platforms with high mobility make it valuable in coping with emerging medical needs, such as COVID-19 and future healthcare challenges. However, enforcing the security aspect of a 5G-based smart healthcare system that hosts critical data and services is becoming...Show More",
SD-RAW-0080,A Learning-Based Zero-Trust Architecture for 6G and Future Networks,Michael A. Enright; Eman Hammad; Ashutosh Dutta,2022,2022 IEEE Future Networks World Forum (FNWF),https://ieeexplore.ieee.org/document/10056611/,Conference Paper,IEEE Xplore,IEEE-Q1,02_search_exports/repaired/W4-20260930-IEEE-Q1-page-1.json,"In the evolution of 6G and Future Networks, a dynamic, flexible, learning-based security architecture will be essential with the ability to handle both current and evolving cybersecurity threats. This is specially critical with future networks' increased reliance on distributed learning-based approaches for operation. To address this challenge, a distributed learning framework must provide securit...Show More",
SD-RAW-0081,An Analytic Hierarchy Process Based Access Control Algorithm for Zero-Trust Architecture,Yuan Liu; Jun Yan; Wei Wang,2025,Journal of Communications and Information Networks,https://ieeexplore.ieee.org/document/11207209/,Journal Article,IEEE Xplore,IEEE-Q1,02_search_exports/repaired/W4-20260930-IEEE-Q1-page-1.json,"With the rapid development of Internet technology, the network access control has received much attention, especially for zero-trust architecture (ZTA). In this paper, an analytic hierarchy process (AHP) based access control algorithm using machine learning and Bayesian probability is proposed. Firstly, the actual access control problem is formulated as the AHP model which decomposes t...Show More",
SD-RAW-0082,Design and Empirical Evaluation of a Lightweight Zero Trust Architecture for Resource-Constrained SMEs,Shivam Kumar; Prabhdeep Singh; Amardeep Singh,2026,"2026 2nd International Conference on Computing, Communication and Green Engineering (CCGE)",https://ieeexplore.ieee.org/document/11581513/,Conference Paper,IEEE Xplore,IEEE-Q1,02_search_exports/repaired/W4-20260930-IEEE-Q1-page-1.json,"Most of the businesses in the world are SMEs but they always under-invest in security. Budget is one reason; the bigger reason is that most security frameworks were not designed to be cost-effective. Zero Trust Architecture (ZTA), codified in NIST SP 800-207, fits their threat profile: it requires continuous authentication, least-privilege access, and policy evaluation of each request,...Show More",
SD-RAW-0083,Leveraging CPU Utilization Metrics and Zero Trust Architecture for APT Detection,Nachaat Mohamed; Adel Oubelaid; Akash Ghosh; Mohit B.; Rabindra Kumar Barik,2023,"2023 IEEE 3rd International Conference on Applied Electromagnetics, Signal Processing, & Communication (AESPC)",https://ieeexplore.ieee.org/document/10390161/,Conference Paper,IEEE Xplore,IEEE-Q1,02_search_exports/repaired/W4-20260930-IEEE-Q1-page-1.json,"As Advanced Persistent Threats (APTs) proliferate and evolve, they constitute an increasingly formidable challenge to organizational cybersecurity frameworks. The imperative for innovative, multifaceted detection methodologies has never been more critical. This manuscript elucidates a groundbreaking framework that ingeniously synergizes Central Processing Unit (CPU) utilization metrics with the pr...Show More",
SD-RAW-0084,PPCA: Privacy-Preserving Continuous Authentication Scheme With Consistency Proof for Zero-Trust Architecture Networks,Tianqi Wu; Guyue Li; Jiaheng Wang; Bin Xiao; Yubo Song,2025,IEEE Internet of Things Journal,https://ieeexplore.ieee.org/document/10870196/,Journal Article,IEEE Xplore,IEEE-Q1,02_search_exports/repaired/W4-20260930-IEEE-Q1-page-1.json,"Continuous authentication (CA) has been widely applied by network service providers to verify user identities in finance, healthcare, and e-commerce fields. However, in next-generation networks, CA faces the risk of user privacy leakage due to its dependence on a verifier-centric authentication model, and verifiers may not always be trustworthy, particularly in zero-trust architecture ...Show More",
SD-RAW-0085,Implementing A Dynamic and Context-Aware Trust Evaluation Model for Zero Trust Architecture (ZTA): A Fuzzy Logic Approach,Sanaz Amanlou; Robin Doss; Jack Li,2025,2025 International Wireless Communications and Mobile Computing (IWCMC),https://ieeexplore.ieee.org/document/11059668/,Conference Paper,IEEE Xplore,IEEE-Q1,02_search_exports/repaired/W4-20260930-IEEE-Q1-page-1.json,"Emerging technologies such as the Internet of Things, cloud computing, and big data have rendered traditional perimeter-based security solutions inadequate against today’s sophisticated cyber-attacks. Zero Trust Architecture (ZTA), in contrast to traditional architectures, enforces strict access control and verification for every access request Continuous trust evaluation is the core o...Show More",
SD-RAW-0086,A Dual-layer Zero Trust Architecture for 5G Industry MEC Applications Access Control,Zebing Feng; Peng Zhou; Qi Wang; Weiqiang Qi,2022,2022 IEEE 5th International Conference on Electronic Information and Communication Technology (ICEICT),https://ieeexplore.ieee.org/document/9908891/,Conference Paper,IEEE Xplore,IEEE-Q1,02_search_exports/repaired/W4-20260930-IEEE-Q1-page-1.json,"This paper introduces a dual-layer zero trust architecture (ZTA) to enhance 5G vertical industry multi-access edge computing (MEC) application (APP) access control security. In the dual-layer ZTA, zero trust policy engine is deployed at the 5G core network, which evaluates the trust value of a UE to access to the MEC APP service. User's 5G network layer behavior and industry appl...Show More",
SD-RAW-0087,Zero-Trust Architecture for Smart City Healthcare Systems,Shahd Alsofyani; Mohammed Ishaque; Mostafa Nofal,2025,2025 2nd International Conference on Advanced Innovations in Smart Cities (ICAISC),https://ieeexplore.ieee.org/document/10959543/,Conference Paper,IEEE Xplore,IEEE-Q1,02_search_exports/repaired/W4-20260930-IEEE-Q1-page-1.json,"This paper introduces a tailored Zero-Trust Architecture (ZTA) for healthcare systems in smart cities, addressing the security challenges posed by interconnected infrastructures. The model enforces continuous access validation through micro-segmentation, identity and access management (IAM) with multi-factor authentication (MFA), and device trust verification, significantly reducing vu...Show More",
SD-RAW-0088,Zero Trust Security Architecture for 6G Open Radio Access Networks (ORAN),Hajar Moudoud; Zakaria Abou El Houda; Bouziane Brik,2024,IEEE Networking Letters,https://ieeexplore.ieee.org/document/10787021/,Journal Article,IEEE Xplore,IEEE-Q1,02_search_exports/repaired/W4-20260930-IEEE-Q1-page-1.json,"The evolution of Open Radio Access Networks (O-RAN) is crucial for the deployment and operation of 6G networks, providing flexibility and interoperability through its disaggregated and open architecture. However, this openness introduces new security issues. To address these challenges, we propose a novel Zero-Trust architecture tailored for ORAN (ZTORAN). ZTORAN includes two main modu...Show More",
SD-RAW-0089,Zero Trust Architecture for Secure Smart City Infrastructure Using AI-Powered Authentication,N.V.A. Ravi Kumar; Tentu Papi Naidu; Balajee Maram; Aakula Swathi; Vasupalli Manoj; Potnuru Jyothika,2025,"2025 IEEE 3rd International Symposium on Sustainable Energy, Signal Processing and Cybersecurity",https://ieeexplore.ieee.org/document/11388720/,Conference Paper,IEEE Xplore,IEEE-Q1,02_search_exports/repaired/W4-20260930-IEEE-Q1-page-1.json,"Smart cities use sophisticated information and communications technologies (ICTs) in an interconnected way across sectors, including transportation, energy, healthcare, and public safety, to create a more efficient community and improve people's quality of life. However, integrating technologies and data from different sectors increases the attack surface and creates additional vulnerabiliti...Show More",
SD-RAW-0090,ZTSFC: A Service Function Chaining-Enabled Zero Trust Architecture,Leonard Bradatsch; Oleksandr Miroshkin; Frank Kargl,2023,IEEE Access,https://ieeexplore.ieee.org/document/10310190/,Journal Article,IEEE Xplore,IEEE-Q1,02_search_exports/repaired/W4-20260930-IEEE-Q1-page-1.json,"Recently, zero trust security has received notable attention in the security community. However, while many networks use monitoring and security functions like firewalls, their integration in the design of zero trust architectures remains largely unaddressed. In this article, we contribute with respect to this aspect a novel network security architecture called Zero Trust Service...Show More",
SD-RAW-0091,Adopting Zero Trust Architecture to Secure Microservices in Healthcare Insurance: a Qualitative Study Using the Toe Framework,Chandra Prakash; Mary Lind,2025,"2025 International Conference on Innovation and Intelligence for Informatics, Computing, and Technologies (3ICT)",https://ieeexplore.ieee.org/document/11442248/,Conference Paper,IEEE Xplore,IEEE-Q1,02_search_exports/repaired/W4-20260930-IEEE-Q1-page-1.json,"The healthcare insurance industry continues to struggle with outdated legacy systems, prompting a shift toward microservices to modernize its application landscape. However, the distributed nature of microservices and external exposure make the current perimeter-based security models insufficient, risking data breaches and regulatory non-compliance. Although existing studies have examined the chal...Show More",
SD-RAW-0092,Beyond the Physical Layer: Integrating Human-Centric Behavioral Trust Mechanisms in 6G Joint Sensing and Communication Architectures,Wassim Ahmad,2026,2026 32nd International Conference on Telecommunications (ICT),https://ieeexplore.ieee.org/document/11594698/,Conference Paper,IEEE Xplore,IEEE-Q1,02_search_exports/repaired/W4-20260930-IEEE-Q1-page-1.json,"The advent of 6G Joint Sensing and Communication (JSAC) is transforming wireless networks into pervasive sensing environments, introducing unprecedented capabilities alongside severe privacy and security challenges. While current physical-layer security and cryptographic protocols address technical vulnerabilities, they frequently overlook the human dimension, where behavioral vulnerab...Show More",
SD-RAW-0093,Zero Trust Architecture (ZTA): A Comprehensive Survey,Naeem Firdous Syed; Syed W. Shah; Arash Shaghaghi; Adnan Anwar; Zubair Baig; Robin Doss,2022,IEEE Access,https://ieeexplore.ieee.org/document/9773102/,Journal Article,IEEE Xplore,IEEE-Q1,02_search_exports/repaired/W4-20260930-IEEE-Q1-page-1.json,We present a detailed survey of the Zero Trust (ZT) security paradigm which has a growing number of advocates in the critical infrastructure risk management space. The article employs a descriptive approach to present the fundamental tenets of ZT and provides a review of numerous potential options available for successful realization of this paradigm. We describe the role of authentication a...Show More,
SD-RAW-0094,Context-Aware Temporal Defeasible Logic Framework for Risk-Based Access Control in Zero Trust Architecture,Tasneem M. Ghnaimat; Khair Eddin Sabri; Nadim Obeid,2026,IEEE Access,https://ieeexplore.ieee.org/document/11658562/,Journal Article,IEEE Xplore,IEEE-Q1,02_search_exports/repaired/W4-20260930-IEEE-Q1-page-1.json,"Dynamic and regulated environments require remote access to sensitive resources via heterogeneous devices and diverse networks governed by complex access control policies. These environments change continuously, threats may evolve during authenticated sessions, increasing the risk of security breaches and unauthorized access. Consequently, transparent, explainable, and verifiable access decisions ...Show More",
SD-RAW-0095,AI-Based Zero Trust Architecture for Cognitive City Networks,Mohammed Ishaque; Hanouf Albatati; Mostafa Nofal,2025,2025 2nd International Conference on Advanced Innovations in Smart Cities (ICAISC),https://ieeexplore.ieee.org/document/10959378/,Conference Paper,IEEE Xplore,IEEE-Q1,02_search_exports/repaired/W4-20260930-IEEE-Q1-page-1.json,"The rapid development of cognitive cities, which leverage artificial intelligence (AI) and interconnected smart systems, introduces significant security challenges due to their complex and dynamic infrastructure. Traditional security models that rely on fixed perimeters and implicit trust are insufficient to protect the diverse range of services, from smart transportation to IoT-powered utilities,...Show More",
SD-RAW-0096,Evolutionary Intrusion Detection Strategy Under Zero Trust Architecture,Bin Cao; Xianrui Zhao; Zhihan Lyu,2025,IEEE Journal on Selected Areas in Communications,https://ieeexplore.ieee.org/document/10963878/,Journal Article,IEEE Xplore,IEEE-Q1,02_search_exports/repaired/W4-20260930-IEEE-Q1-page-1.json,"In today’s increasingly complex and dynamic cyber threat environment, Zero Trust Architecture (ZTA) has emerged as a promising solution to address the limitations of traditional intrusion detection methods. While Intrusion Detection Systems (IDS) are essential for safeguarding organizational information assets, traditional methods have the risk of exposing security policies by collecti...Show More",
SD-RAW-0097,A Zero-Trust Architecture for Connected and Autonomous Vehicles,John Anderson; Qiqing Huang; Long Cheng; Hongxin Hu,2023,IEEE Internet Computing,https://ieeexplore.ieee.org/document/10217033/,Magazine,IEEE Xplore,IEEE-Q1,02_search_exports/repaired/W4-20260930-IEEE-Q1-page-1.json,"Connected and autonomous vehicles (CAVs) are the future of personal and public transportation, but many security issues exist related to the communication and activity of such transportation means. Beyond the obvious, these security issues raise important safety concerns for a CAV’s human occupants. Our focus is on the ubiquitous use of controller area network (CAN) bus technology for ...Show More",
SD-RAW-0098,Consensus Control and Sensor Fault Diagnosis of Heterogeneous Intelligent Connected Vehicles With Time-Varying Parameters and Random Noises Under Zero-Trust Architecture,Shenghui Guo; Shijian Luo; Guoliang Xiang; Darong Huang; Jiafeng Song,2025,IEEE Transactions on Vehicular Technology,https://ieeexplore.ieee.org/document/10959066/,Journal Article,IEEE Xplore,IEEE-Q1,02_search_exports/repaired/W4-20260930-IEEE-Q1-page-1.json,"This paper explores the problem of consistency control and sensor fault diagnosis for a class of intelligent connected vehicles with heterogeneous, time-varying nonlinear characteristics and random noise under a zero-trust architecture. Firstly, the vehicle platooning problem under zero-trust was analyzed in detail, and the mathematical model of the entire system was obtained. Th...Show More",
SD-RAW-0099,Securing Digital Identity in the Zero Trust Architecture: A Blockchain Approach to Privacy-Focused Multi-Factor Authentication,Javier Jose Diaz Rivera; Afaq Muhammad; Wang-Cheol Song,2024,IEEE Open Journal of the Communications Society,https://ieeexplore.ieee.org/document/10505915/,Journal Article,IEEE Xplore,IEEE-Q1,02_search_exports/repaired/W4-20260930-IEEE-Q1-page-1.json,"As network systems advance and become more sophisticated, the associated security challenges grow more complex. The zero trust model emerges as a new paradigm to address this, significantly emphasizing robust and continuous identity verification. Multi-factor authentication (MFA) methods have become crucial for enhancing authentication security within this framework. Additionally, the integr...Show More",
SD-RAW-0100,AttestaChain: A Chiplet-aware attestation system based on Blockchain and Zero-Trust Architecture,Abdellah Kaci; Sylvain Guilley,2026,2026 IEEE 23rd Consumer Communications & Networking Conference (CCNC),https://ieeexplore.ieee.org/document/11366346/,Conference Paper,IEEE Xplore,IEEE-Q1,02_search_exports/repaired/W4-20260930-IEEE-Q1-page-1.json,"As digital systems become more decentralized and interconnected, the zero-trust principle—""never trust, always verify""—demands continuous, hardware-backed attestation of device integrity. Traditional certification frameworks such as Common Criteria, which validate devices only once before deployment, are no longer sufficient to meet evolving security and compliance challenges. To address thi...Show More",
SD-RAW-0101,GenDetective: A Multimodal Extension for Detecting Synthetic Media Using Forensic Analysis with Gemini-Aided LLM Reasoning,Snehal Rathi; Anvay Anturkar; Arnav Borde; Vastav Araj; Arnav Mahajan,2026,2026 5th OPJU International Technology Conference (OTCON) on Smart Computing for Innovation and Advancement in Industry 5.0,https://ieeexplore.ieee.org/document/11629638/,Conference Paper,IEEE Xplore,IEEE-Q2,02_search_exports/repaired/W4-20260930-IEEE-Q2-page-1.json,"The recent rise of generative AI is making it easier to access diverse types of synthetic media, including images, videos, and text. Technologies that have creative possibilities may also have risks like misinformation, impersonation, digital fraud, and erosion of trust in content online. This project presents GenDetective, a multimodal Chrome extension that can detect synthetic ...Show More",
SD-RAW-0102,Generative AI in Phishing Detection: Insights and Research Opportunities,Olga Perera; Jason Grob,2024,2024 Cyber Awareness and Research Symposium (CARS),https://ieeexplore.ieee.org/document/10778758/,Conference Paper,IEEE Xplore,IEEE-Q2,02_search_exports/repaired/W4-20260930-IEEE-Q2-page-1.json,"Phishing is a method of cyberattack that exploits social engineering tactics to deceive individuals into revealing sensitive information. As phishing tactics become more sophisticated, phishing detection gains a new perspective in cyber security research. This paper explores the potential of Generative AI and Large Language Models (LLMs), in enhancing phishing detecti...Show More",
SD-RAW-0103,Generative Phishing URL Detection Based on Large Language Model,Bo Zhou; Jia Liu,2025,"2025 IEEE 6th International Seminar on Artificial Intelligence, Networking and Information Technology (AINIT)",https://ieeexplore.ieee.org/document/11035267/,Conference Paper,IEEE Xplore,IEEE-Q2,02_search_exports/repaired/W4-20260930-IEEE-Q2-page-1.json,"Phishing is a form of cyberattack in which the attacker pretends to be a trustworthy entity to trick users into providing sensitive information. The most common form of phishing is URL-based phishing, which uses fake URLs to trick users into entering sensitive information, leading to serious security risks. The core of the phishing URL detection task is to accurately identi...Show More",
SD-RAW-0104,Phishing Website Detection Method Based on Multimodal Large Language Model,Cheng Fang; Xilong Yin; Ping Han,2025,"2025 8th International Conference on Advanced Electronic Materials, Computers and Software Engineering (AEMCSE)",https://ieeexplore.ieee.org/document/11042373/,Conference Paper,IEEE Xplore,IEEE-Q2,02_search_exports/repaired/W4-20260930-IEEE-Q2-page-1.json,"In recent years, phishing attack methods have demonstrated characteristics of strong anti-detection abilities, resulting in significant economic losses. Traditional phishing website detection methods suffer from limited features and insufficient information, no longer meeting the practical requirements for effective security protection. To address complex and variable network phishi...Show More",
SD-RAW-0105,LLM-Driven SAT Impact on Phishing Defense: A Cross-Sectional Analysis,Hafzullah İŞ,2024,2024 12th International Symposium on Digital Forensics and Security (ISDFS),https://ieeexplore.ieee.org/document/10527274/,Conference Paper,IEEE Xplore,IEEE-Q2,02_search_exports/repaired/W4-20260930-IEEE-Q2-page-1.json,"Amidst the growing sophistication of phishing threats that exploit human vulnerabilities, this study investigates the effectiveness of Security Awareness Training (SAT) enhanced by Large Language Models (LLMs). Targeting a diverse group of 1,270 participants, including academicians, officers, and students, it aims to evaluate whether LLM-driven SAT can strengthen phishing defense...Show More",
SD-RAW-0106,A Secure Simulation and Defence Framework for Generative AI–Enabled Phishing Threats,P. Ramya; D. Jebakumar Immanuel; S. Venkatesh Babu; Eazhil K M,2025,"2025 4th International Conference on Automation, Computing and Renewable Systems (ICACRS)",https://ieeexplore.ieee.org/document/11324317/,Conference Paper,IEEE Xplore,IEEE-Q2,02_search_exports/repaired/W4-20260930-IEEE-Q2-page-1.json,"Generative AI has revolutionised phishing and other cybercrimes, enabling contextually adaptive, polymorphic, and human-like attacks. These sophisticated methods allow even amateur phishers to bypass rule-based and signature-based defences, facilitating large-scale phishing operations. To ethically study this phenomenon, we developed a simulation framework featuring a synthetic t...Show More",
SD-RAW-0107,"Automating Deception: Generative AI, Deepfake Media, and the Transformation of Misinformation in the Digital Public Sphere",P Broskhan; S Nelsonmandela; Vinoth; Balasubramania Raja,2026,2026 International Conference on AI-Driven Innovations & Applications (IC-AIDA),https://ieeexplore.ieee.org/document/11564220/,Conference Paper,IEEE Xplore,IEEE-Q2,02_search_exports/repaired/W4-20260930-IEEE-Q2-page-1.json,"The emergence of generative AI has created a considerably different misinformation environment. Unlike previous misinformation wherein data was created by humans, generative AI has led to the development of misinformation in a more scalable, sophisticated, and automated fashion, using deepfakes. This research will explore how generative AI impacts misinformation and credibi...Show More",
SD-RAW-0108,An Automated Scenario Generation Model for Anti-phishing using Generative AI,Jin Yong Park; Tae-Sung Kim,2025,2025 IEEE International Conference on Big Data and Smart Computing (BigComp),https://ieeexplore.ieee.org/document/10936851/,Conference Paper,IEEE Xplore,IEEE-Q2,02_search_exports/repaired/W4-20260930-IEEE-Q2-page-1.json,"Generative AI could be used not only for classification or prediction, but also to generate images, music, etc. based on the input data. Generative AI was abused to generate deepfake and spear-phishing to cause social and economic problems. To prevent these attacks, simulation training is necessary. Simulation training was necessary because it allowed us to effectively resp...Show More",
SD-RAW-0109,Utilising Generative AI To Improve Practical Spear Phishing Training,Charlie Green; Abu Alam,2025,2025 12th International Conference on Future Internet of Things and Cloud (FiCloud),https://ieeexplore.ieee.org/document/11205268/,Conference Paper,IEEE Xplore,IEEE-Q2,02_search_exports/repaired/W4-20260930-IEEE-Q2-page-1.json,"Despite current anti-phishing measures, businesses still fall for phishing attacks, this issue stems from modern phishing attacks leveraging artificial intelligence. To address this issue, this research proposes the use of an automated pipeline to generate spear phishing emails for use by internal security professionals in practical spear phishing exercises. The propo...Show More",
SD-RAW-0110,Jailbreaking Generative AI: Empowering Novices to Conduct Phishing Attacks,Rina Mishra; Gaurav Varshney; Shreya Singh,2025,2025 55th Annual IEEE/IFIP International Conference on Dependable Systems and Networks - Supplemental Volume (DSN-S),https://ieeexplore.ieee.org/document/11068382/,Conference Paper,IEEE Xplore,IEEE-Q2,02_search_exports/repaired/W4-20260930-IEEE-Q2-page-1.json,"The rapid advancements in generative AI models, such as ChatGPT, have introduced both significant benefits and new risks within the cybersecurity landscape. This paper investigates the potential misuse of the latest AI model, ChatGPT-4o Mini, in facilitating social engineering attacks, with a particular focus on phishing, one of the most pressing cybersecurity threats today. While exis...Show More",
SD-RAW-0111,Model Attribution of Face-Swap Deepfake Videos,Shan Jia; Xin Li; Siwei Lyu,2022,2022 IEEE International Conference on Image Processing (ICIP),https://ieeexplore.ieee.org/document/9897972/,Conference Paper,IEEE Xplore,IEEE-Q2,02_search_exports/repaired/W4-20260930-IEEE-Q2-page-1.json,"AI-created face-swap videos, commonly known as Deepfakes, have attracted wide attention as powerful impersonation attacks. Existing research on Deepfakes mostly focuses on binary detection to distinguish between real and fake videos. However, it is also important to determine the specific generation model for a fake video, which can help attribute it to the source for forensic in...Show More",
SD-RAW-0112,Can LLM-Embeddings Detect Phishing URLs?,Sineefa Rauf; Munzir Muneer; Kajavahini Suseenthiran; Thilina Weerasinghe; Fariza Rashid,2025,2025 IEEE 50th Conference on Local Computer Networks (LCN),https://ieeexplore.ieee.org/document/11146373/,Conference Paper,IEEE Xplore,IEEE-Q2,02_search_exports/repaired/W4-20260930-IEEE-Q2-page-1.json,Phishing attacks continue to be a prevalent cyber-security threat that mimics trusted websites to steal sensitive user information. This results in considerable personal and organisational damage. Traditional countermeasures like URL blacklisting and recent machine learning and deep learning models are limited in terms of generalisability. While more recent large language models (LLMs) have ...Show More,
SD-RAW-0113,Demo: PhishSense: A LLM-Enhanced Multimodal Framework for Phishing Website Detection,Tiffany Bao; Tingxuan Tang,2025,2025 Silicon Valley Cybersecurity Conference (SVCC),https://ieeexplore.ieee.org/document/11133643/,Conference Paper,IEEE Xplore,IEEE-Q2,02_search_exports/repaired/W4-20260930-IEEE-Q2-page-1.json,"Phishing attacks pose persistent cybersecurity threats. In this paper, we propose PhishSense, a GPT-enhanced multimodal framework designed for detecting phishing websites. It integrates both visual and textual information through large language model (LLM) calls. Experimental results show that the LLM-augmented image branch reduces false negatives from 45.8% to 28.0%,...Show More",
SD-RAW-0114,"Proactive Defense-in-Depth Against Deepfakes: Integrating Watermarking, Provenance, and ISAC for Digital Trust",Tharaniya R; Agshaya D; Lavanya M; Harini B; Rajeshkumar J; Ananthi G,2025,"2025 International Conference on Data, Energy and Communication Networks (DECoN)",https://ieeexplore.ieee.org/document/11447535/,Conference Paper,IEEE Xplore,IEEE-Q2,02_search_exports/repaired/W4-20260930-IEEE-Q2-page-1.json,"The proliferation of hyper-realistic synthetic media (“deepfakes”) has created an urgent need for robust, proactive content authentication mechanisms that remain effective against evolving adversarial threats. Current solutions, such as digital watermarking (e.g., SynthID) and provenance metadata (e.g., C2PA), possess critical individual vulnerabilities to removal attacks and met...Show More",
SD-RAW-0115,Demo: LLM-Based Browser Extension for Phishing Detection,Eric Pham; Thinh Bui; Haoming Chen,2025,2025 Silicon Valley Cybersecurity Conference (SVCC),https://ieeexplore.ieee.org/document/11133657/,Conference Paper,IEEE Xplore,IEEE-Q2,02_search_exports/repaired/W4-20260930-IEEE-Q2-page-1.json,"Phishing emails and scam messages pose a significant cybersecurity threat to the public. In this project, we implement a new method of detection and prevention of these cybersecurity threats by using the latest large language models (LLMs). LLMs, like OpenAI, excel in performing text-related tasks, including in-depth sentiment and behavioral analysis of texts. By integrating these LLM ...Show More",
SD-RAW-0116,Detection of Real-Time Deepfakes in Video Conferencing with Active Probing and Corneal Reflection,Hui Guo; Xin Wang; Siwei Lyu,2023,"ICASSP 2023 - 2023 IEEE International Conference on Acoustics, Speech and Signal Processing (ICASSP)",https://ieeexplore.ieee.org/document/10094720/,Conference Paper,IEEE Xplore,IEEE-Q2,02_search_exports/repaired/W4-20260930-IEEE-Q2-page-1.json,"The COVID pandemic has led to the wide adoption of online video calls in recent years. However, the increasing reliance on video calls provides opportunities for new impersonation attacks by fraudsters using the advanced real-time DeepFakes. Real-time DeepFakes pose new challenges to detection methods, which have to run in real-time as a video call is ongoing. In this paper, we d...Show More",
SD-RAW-0117,About the Author,,2025,"FAIK: A Practical Guide to Living in a World of Deepfakes, Disinformation, and AI-Generated Deceptions",https://ieeexplore.ieee.org/document/10952400/,Book,IEEE Xplore,IEEE-Q2,02_search_exports/repaired/W4-20260930-IEEE-Q2-page-1.json,,
SD-RAW-0118,BTS-E: Audio Deepfake Detection Using Breathing-Talking-Silence Encoder,Thien-Phuc Doan; Long Nguyen-Vu; Souhwan Jung; Kihun Hong,2023,"ICASSP 2023 - 2023 IEEE International Conference on Acoustics, Speech and Signal Processing (ICASSP)",https://ieeexplore.ieee.org/document/10095927/,Conference Paper,IEEE Xplore,IEEE-Q2,02_search_exports/repaired/W4-20260930-IEEE-Q2-page-1.json,"Voice phishing (vishing) is increasingly popular due to the development of speech synthesis technology. In particular, the use of deep learning to generate an arbitrary-content audio clip simulating the victim’s voice makes it difficult not only for humans but also for automatic speaker verification (ASV) systems to distinguish. Countermeasure (CM) systems have been developed recently to hel...Show More",
SD-RAW-0119,A New Hope,,2025,"FAIK: A Practical Guide to Living in a World of Deepfakes, Disinformation, and AI-Generated Deceptions",https://ieeexplore.ieee.org/document/10950968/,Book,IEEE Xplore,IEEE-Q2,02_search_exports/repaired/W4-20260930-IEEE-Q2-page-1.json,"Summary AI can be used for some pretty sketchy stuff. It is helping doctors spot diseases early, making education more accessible, pitching in to help some of humanity's biggest problems, and—yes—even showing promise as a critical aid in the fight against online deception. What is truly eye‐opening is how AI amplifies the age‐old tactics, creating a landscape w...Show More",
SD-RAW-0120,Distributed Multi-LLM Provenance Graph Construction for Scalable Correlation of APT Logs*,Jiwon Ock; Jungsik Lee; Changhee Choi,2026,2026 IEEE 46th International Conference on Distributed Computing Systems Workshops (ICDCSW),https://ieeexplore.ieee.org/document/11623155/,Conference Paper,IEEE Xplore,IEEE-Q2,02_search_exports/repaired/W4-20260930-IEEE-Q2-page-1.json,"Advanced Persistent Threats (APTs) span multiple stages, hosts, and time windows, making end-to-end attack reconstruction from isolated audit events challenging. Provenance graph construction models causal dependencies among system entities; however, in distributed environments, naive event linking produces dense graphs, and centralized analysis scales poorly over large audit logs. This pape...Show More",
SD-RAW-0121,Deepfakes and the Spectrum of Digital Deception,,2025,"FAIK: A Practical Guide to Living in a World of Deepfakes, Disinformation, and AI-Generated Deceptions",https://ieeexplore.ieee.org/document/10952762/,Book,IEEE Xplore,IEEE-Q2,02_search_exports/repaired/W4-20260930-IEEE-Q2-page-1.json,"Summary This chapter explores the fundamentals of how synthetic media can be weaponized and why digital deceptions are so effective. By educating ourselves about artificial intelligence (AI)‐powered deception, improving our media literacy, and learning how to spot potential fakes, we can build crucial mental resilience. Those running disinformation campaigns can use unc...Show More",
SD-RAW-0122,Forensic AI: A Novel Multi-Granular Approach for Detecting Synthetic Media Manipulation,Aakash Mor,2025,"2025 2nd International Conference on Research Methodologies in Knowledge Management, Artificial Intelligence and Telecommunication Engineering (RMKMATE)",https://ieeexplore.ieee.org/document/11042635/,Conference Paper,IEEE Xplore,IEEE-Q2,02_search_exports/repaired/W4-20260930-IEEE-Q2-page-1.json,"With the rapid evolution of AI-driven synthetic media, deepfake technology has emerged as a potent tool for deception, raising concerns about misinformation, security, and digital authenticity. This study introduces a novel multi-granular artifact detection framework to distinguish between real and AI-generated images with high precision. By leveraging deep learning techniques an...Show More",
SD-RAW-0123,A Provenance Solution for Ethical Generative AI and Fair Attribution,Nilesh Joshi; Omkar R. Barve; Manisha Bharati,2025,2025 IEEE Pune Section International Conference (PuneCon),https://ieeexplore.ieee.org/document/11379147/,Conference Paper,IEEE Xplore,IEEE-Q2,02_search_exports/repaired/W4-20260930-IEEE-Q2-page-1.json,"Generative AI (GenAI) threatens to devalue human art by using data without credit or pay. We argue these ethical issues stem from a lack of provenance. We propose a technical “Attribution Framework” using cryptography and smart contracts to trace AI content to its sources, calculate influence, and automate micropayments. This enforced transparency is vital to make GenAI a collaborative...Show More",
SD-RAW-0124,Personalized Response System for Different Voice Phishing Types: Utilizing a Retrieval-Augmented Generation Model,Jeong-Min Lee; Yujin Baek; Myung-Sun Baek; Hyunho Park; Sungwon Byon; Eui-Suk Jung,2024,2024 15th International Conference on Information and Communication Technology Convergence (ICTC),https://ieeexplore.ieee.org/document/10827466/,Conference Paper,IEEE Xplore,IEEE-Q2,02_search_exports/repaired/W4-20260930-IEEE-Q2-page-1.json,"This study presents the development of a comprehensive system designed to effectively classify voice phishing types and provide personalized response manuals tailored to specific scenarios. By integrating a binary classification model with a Retrieval-Augmented Generation (RAG) model, our system offers a dynamic solution to combat the evolving threats of voice phishing. The system's ab...Show More",
SD-RAW-0125,AI-Powered Phishing Attacks and How to Prevent Them: A Comprehensive Survey and Framework,Dashoev Sultan; Daniyar Kamalov; Sanat Sadu; Aruzhan Yessilbekova; Olzhas Konakbayev; Rashitdin Kokenov,2026,"2026 International Conference on Cybersecurity, Digital Forensics, and AI Applications (ICCSDFAI)",https://ieeexplore.ieee.org/document/11648063/,Conference Paper,IEEE Xplore,IEEE-Q2,02_search_exports/repaired/W4-20260930-IEEE-Q2-page-1.json,"Phishing attacks have evolved dramatically with the advent of generative artificial intelligence, enabling cybercriminals to produce highly realistic, personalized, and automated deceptive content at an unprecedented scale. This paper provides a comprehensive survey of AI-powered phishing attacks and presents a multi-layered prevention framework leveraging AI for detection and mitigati...Show More",
SD-RAW-0126,Blockchain-Integrated Generative AI Framework for Robust Deepfake Detection and Digital Media Verification,J Dinesh Kumar; P Dhayanithi; C Suresh; J Angeljulie,2025,2025 International Conference on NexGen Networks and Cybernetics (IC2NC),https://ieeexplore.ieee.org/document/11376442/,Conference Paper,IEEE Xplore,IEEE-Q2,02_search_exports/repaired/W4-20260930-IEEE-Q2-page-1.json,"Due to the fast emergence of deepfake technologies, the authenticity of digital media is under serious threat, and issues such as misinformation, identity fraud, and reputation damage, are encountered. Older deepfake detection techniques (based on pattern recognition or supervised learning) have poor capabilities to identify very state-of-the-art fake content and do not have a way to c...Show More",
SD-RAW-0127,The Now and Future of AI‐Driven Deception,,2025,"FAIK: A Practical Guide to Living in a World of Deepfakes, Disinformation, and AI-Generated Deceptions",https://ieeexplore.ieee.org/document/10952208/,Book,IEEE Xplore,IEEE-Q2,02_search_exports/repaired/W4-20260930-IEEE-Q2-page-1.json,"Summary Fundamentally, deception is about manipulating two things: facts and frames. With awareness and a commitment to building a safer, more trustworthy world, we can illuminate the exploitation zone, assess our current situation, and learn to thrive in a landscape filled with deepfakes, disinformation, and AI‐generated deception. With AI's prowess in analyzing massiv...Show More",
SD-RAW-0128,Front Matter,,2025,"FAIK: A Practical Guide to Living in a World of Deepfakes, Disinformation, and AI-Generated Deceptions",https://ieeexplore.ieee.org/document/10952878/,Book,IEEE Xplore,IEEE-Q2,02_search_exports/repaired/W4-20260930-IEEE-Q2-page-1.json,"The prelims comprise:  Title Page Copyright Page Dedication Contents Foreword Introduction: Riddle Me This, ChatGPT  Show More",
SD-RAW-0129,Index,,2025,"FAIK: A Practical Guide to Living in a World of Deepfakes, Disinformation, and AI-Generated Deceptions",https://ieeexplore.ieee.org/document/10952325/,Book,IEEE Xplore,IEEE-Q2,02_search_exports/repaired/W4-20260930-IEEE-Q2-page-1.json,,
SD-RAW-0130,AI-Enhanced Phishing Attacks: Understanding the Threat Landscape and Defense Strategies,Esin Ece Aydın; Şerif Bahtiyar,2025,2025 IEEE Global Conference on Artificial Intelligence and Internet of Things (GCAIoT),https://ieeexplore.ieee.org/document/11275533/,Conference Paper,IEEE Xplore,IEEE-Q2,02_search_exports/repaired/W4-20260930-IEEE-Q2-page-1.json,The increasing accessibility of generative AI tools has fundamentally reshaped the landscape of phishing threats. These tools enable attackers to produce context-aware personalized phishing content that can bypass both traditional defense mechanisms and human cognitive filters. This paper aims to help researchers understand the evolving threat. We propose a novel survey of the st...Show More,
SD-RAW-0131,Detecting Human-Written and AI-Generated Phishing Emails with DistilBERT and Explainable AI,Athira Anil Kumar; T P Imthias Ahamed; Nellimala Abdul Shukoor,2025,2025 IEEE 2nd International Conference for Women in Computing (InCoWoCo),https://ieeexplore.ieee.org/document/11407086/,Conference Paper,IEEE Xplore,IEEE-Q2,02_search_exports/repaired/W4-20260930-IEEE-Q2-page-1.json,"Phishing remains a major cybersecurity threat, and the rise of large language models (LLMs) has enabled attackers to generate convincing, grammatically fluent phishing emails that evade traditional filters. Existing research has primarily addressed binary detection (phishing vs. legitimate), often relying on either classical machine learning or transformers in isolation, with lim...Show More",
SD-RAW-0132,AI-Based Phishing Email and Link Detection Framework Through Generative AI and Explainable ML,Sathiyapriya S; Subhasri B; D. Deepa,2026,2026 4th International Conference on Intelligent Data Communication Technologies and Internet of Things (IDCIoT),https://ieeexplore.ieee.org/document/11455836/,Conference Paper,IEEE Xplore,IEEE-Q2,02_search_exports/repaired/W4-20260930-IEEE-Q2-page-1.json,"Phishing remains one of the most resilient cyberthreats, relying on social engineering and misleading email or website links to take advantage of users and organizations. Rulebased filters and traditional machine-learning (ML) methods work for previously seen threats but tend to miss upcoming or sophisticated attacks that leverage semantic trickery, including urgent communication, domain spo...Show More",
SD-RAW-0133,Deepfake Detection as a Service: Enabling Trust on Mobile Devices,Abhijeet Zilpelwar; Ansh Tiwari; Raghu Sesha Iyengar,2025,2025 Cyber Awareness and Research Symposium (CARS),https://ieeexplore.ieee.org/document/11337803/,Conference Paper,IEEE Xplore,IEEE-Q2,02_search_exports/repaired/W4-20260930-IEEE-Q2-page-1.json,"The rapid advancement of deepfake generation techniques has created significant security, privacy, and trust challenges for individuals as well as organizations. Although re-liable detection methods have matured in research and enterprise settings, they remain out of reach for most everyday users. This paper presents an Android application that delivers Deepfake Detection as a Service,...Show More",
SD-RAW-0134,Privacy-Preserving Phishing Detection in HTML Code Using Split Learning,Jungin Kim; Yushin Kim; Sejong Lee; Sunghyun Cho,2024,2024 15th International Conference on Information and Communication Technology Convergence (ICTC),https://ieeexplore.ieee.org/document/10826640/,Conference Paper,IEEE Xplore,IEEE-Q2,02_search_exports/repaired/W4-20260930-IEEE-Q2-page-1.json,"Split learning is a distributed learning technique that enables multiple data owners to collaboratively train deep learning models without sharing their raw data, thereby pre-serving privacy and reducing computational burdens. This study investigates the application of split learning in the domain of phishing detection using HyperText Mark-up Language (HTML) code analysis. By integrating ...Show More",
SD-RAW-0135,Dual-Stream Active Watermarking for Deepfake Provenance Tracing and Tamper Localization,Yujie Wang; Anshun Zhou; Xiaoyi Zhou,2026,"2026 International Conference on Image, Signal Processing and Pattern Recognition (ISPP)",https://ieeexplore.ieee.org/document/11542899/,Conference Paper,IEEE Xplore,IEEE-Q2,02_search_exports/repaired/W4-20260930-IEEE-Q2-page-1.json,"Deepfake techniques have made facial forgeries increasingly realistic, raising serious concerns about copyright protection and content authenticity. Existing passive forensic methods often struggle to generalize to unseen manipulations, while most active watermarking approaches support either provenance tracing or tamper localization, but not both. To address this limitation, we propos...Show More",
SD-RAW-0136,Deepfake Face Provenance for Proactive Forensics,Jiaxin Ai; Zhongyuan Wang; Baojin Huang; Zhen Han; Qin Zou,2023,2023 IEEE International Conference on Image Processing (ICIP),https://ieeexplore.ieee.org/document/10222669/,Conference Paper,IEEE Xplore,IEEE-Q2,02_search_exports/repaired/W4-20260930-IEEE-Q2-page-1.json,"Malicious deepfake face not only violates the privacy of personal identities, but also confuses the public and causes huge social harm. The current deepfake detection only stays at the level of distinguishing between true and false, but cannot trace the original genuine face corresponding to the fake face, that is, it does not have the ability to trace the source of evidence. The de...Show More",
SD-RAW-0137,SecureGenAI: A Standardized Framework for Authentication and Provenance in AI-Generated Images using Blockchain-Enhanced Watermarking,Dinesh Besiahgari,2025,2025 International Conference on Knowledge Engineering and Communication Systems (ICKECS),https://ieeexplore.ieee.org/document/11035329/,Conference Paper,IEEE Xplore,IEEE-Q2,02_search_exports/repaired/W4-20260930-IEEE-Q2-page-1.json,"The escalating popularity of Generative AI (GenAI) for image creation has raised challenges surrounding authenticity, ownership, and misuse. This paper proposes SecureGenAI, a revolutionary framework designed to tackle those issues, which incorporates invisible watermarks into the genesis of the images produced by the AI model to allow for seamless verification that is tamper-proof. SecureGe...Show More",
SD-RAW-0138,Deepfake Shield: A Hybrid System for Real-Time Detection of Synthetic Media Using AI,Kavirithanya E V; Keren Elizabeth Nivea. A; A. Yovan Felix,2026,2026 International Conference on Innovative Trends in Information Technology (ICITIIT),https://ieeexplore.ieee.org/document/11499490/,Conference Paper,IEEE Xplore,IEEE-Q2,02_search_exports/repaired/W4-20260930-IEEE-Q2-page-1.json,"Deepfakes, or artificially generated audio and video contents are getting very hard to differentiate from the real media as AI technologies advance. Digital communication and trust of the public are all destabilized by these manipulations. Reliable and accessible detection tools are vital to address because deepfakes are being used in impersonation, disinformation campaigns and [...Show More",
SD-RAW-0139,Utilizing NFT Technology and Generative AI for Deep Fake Detection and Media Authentication,Saurabh Nandwani; David Alfred Ostrowski,2024,"2024 Conference on AI, Science, Engineering, and Technology (AIxSET)",https://ieeexplore.ieee.org/document/10771073/,Conference Paper,IEEE Xplore,IEEE-Q2,02_search_exports/repaired/W4-20260930-IEEE-Q2-page-1.json,"The proliferation of deep fake technology has raised significant concerns regarding the authenticity and integrity of digital media. This paper proposes a novel approach that leverages Non-Fungible Token (NFT) technology within blockchain combined with generative AI to detect and authenticate digital media, addressing the growing issue of deep fakes. Using NFTs, unique digital certificates o...Show More",
SD-RAW-0140,VeriVoice: Enhancing Audio Deepfake Detection with Depthwise Frequency Convolutions,Vinayak Pandey; Amiradha Satsangi; Bhavya Saini; Shivam Kapoor; Preetam Suman,2025,"2025 International Conference on Data, Energy and Communication Networks (DECoN)",https://ieeexplore.ieee.org/document/11447647/,Conference Paper,IEEE Xplore,IEEE-Q2,02_search_exports/repaired/W4-20260930-IEEE-Q2-page-1.json,"Audio deepfakes, or speech synthesized from voice cloning or text-to-speech (TTS) models, are security and privacy threat. The ability to create realistic-sounding audio forgeries of someone's voice can be used for malicious ends, such as impersonation or spreading disinformation. This paper introduces a novel solution to audio deepfake detection with Graph-Enhanced Audio Transfo...Show More",
SD-RAW-0141,Audio Deepfakes Detection: A Comprehensive Literature Review of Voice Cloning Fraud Detection Techniques,Shivani Chauhan; Kapil Sethi; Abhineet Anand,2025,"2025 IEEE 3rd International Symposium on Sustainable Energy, Signal Processing and Cybersecurity",https://ieeexplore.ieee.org/document/11388760/,Conference Paper,IEEE Xplore,IEEE-Q2,02_search_exports/repaired/W4-20260930-IEEE-Q2-page-1.json,"Audio deepfakes are synthetic speech generated by next-generation TTS and voice-conversion approaches are enabling large-scale fraud and impersonation. This review provides an overview of detection techniques, ranging from hand-crafted spectral and prosodic cues to deep learning and self-supervised methods, all evaluated on standardized datasets such as ASVspoof and ADD. Hybrid models ...Show More",
SD-RAW-0142,Hybrid Transformer-Stylometric Detection of LLM-Related Phishing E-Mails: A Three-Class Classification Framework,Mg Ananya; Jayavarshini Srinivasan; R Mohandas; N Kandavel; M Vinodhini; P Karthikeyan,2026,"2026 International Conference on Data Science, Agents and Artificial Intelligence (ICDSAAI)",https://ieeexplore.ieee.org/document/11505222/,Conference Paper,IEEE Xplore,IEEE-Q2,02_search_exports/repaired/W4-20260930-IEEE-Q2-page-1.json,"Phishing messages in cyberspace have become more sophisticated due to the emergence of Large Language Models (LLMs), which generate content with extremely high contextualization and grammatical correctness. An evolved Transformer-based stylometric classifier is proposed to accurately distinguish between authentic email, human-authored phishing, and LLM-generated phishing. F...Show More",
SD-RAW-0143,The New Frontiers of Deception,,2025,"FAIK: A Practical Guide to Living in a World of Deepfakes, Disinformation, and AI-Generated Deceptions",https://ieeexplore.ieee.org/document/10952341/,Book,IEEE Xplore,IEEE-Q2,02_search_exports/repaired/W4-20260930-IEEE-Q2-page-1.json,"Summary The quest to create intelligent machines dates back to the early days of computing. From the theoretical foundations laid by pioneers like Alan Turing to the early experiments with neural networks and machine learning in the 1950s and 60s, the field of AI has been driven by a vision of computers that can think, learn, and solve problems in human‐like ways. As generative AI ...Show More",
SD-RAW-0144,Deciphering Deception-LSTM Combats Deepfake Audios,Yushsvi Acharya; Jahanvi Tyagi; Mahesh Jangid,2024,2024 4th International Conference on Technological Advancements in Computational Sciences (ICTACS),https://ieeexplore.ieee.org/document/10841007/,Conference Paper,IEEE Xplore,IEEE-Q2,02_search_exports/repaired/W4-20260930-IEEE-Q2-page-1.json,"It's safe to say that the proliferation of synthetically generated media, particularly Deepfakes, has raised significant concerns regarding privacy, security, and integrity of digital content. There is a lot of research to detect these deep-fakes, however we believe audio deepfake detection is an ever evolving technology which needs to conquer deepfake generation techniques. In t...Show More",
SD-RAW-0145,A Dual Approach Combating Phishing Attacks Real Time Public Detection and Public Awareness System,BVSP Pavan Kumar; Sirivalli Boddu; Lavanya Deepthi Sudani; Sagar Vinitha; Viharikkaw Singu; Sandigari Shravani,2026,"2026 International Conference on Signal, Systems, and Computing for Next-Gen Automation (ICSSCNA)",https://ieeexplore.ieee.org/document/11546868/,Conference Paper,IEEE Xplore,IEEE-Q2,02_search_exports/repaired/W4-20260930-IEEE-Q2-page-1.json,"Phishing attacks are everywhere right now, and they're still a huge problem online. Hackers love it when people let their guard down-they swoop in and steal sensitive info before you know it. Sure, there are plenty of detection systems out there, but most of them lag behind or just don't pay enough attention to what users actually do. That's basically why we started this research. We put tog...Show More",
SD-RAW-0146,A Decentralized Approach to Deepfake Detection Using Blockchain-Based Federated Learning in Forensic Contexts,Maryam Taeb; Shonda Bernadin; Hongmei Chi,2025,2025 IEEE International Conference on Big Data (BigData),https://ieeexplore.ieee.org/document/11402187/,Conference Paper,IEEE Xplore,IEEE-Q2,02_search_exports/repaired/W4-20260930-IEEE-Q2-page-1.json,"In today's digital landscape, smartphones serve as vital tools for documenting life events, often providing crucial evidence in legal proceedings. However, the widespread distribution of digital evidence across devices and social platforms presents challenges to law enforcement agencies. These challenges are compounded by the complexity of extracting and preserving digital media while maintaining ...Show More",
SD-RAW-0147,LLM Agents for Interactive Workflow Provenance: Reference Architecture and Evaluation Methodology,Renan Souza; Timothy Poteet; Brian Etz; Daniel Rosendo; Amal Gueroudji; Woong Shin; Prasanna Balaprakash; Rafael Ferreira da Silva,2025,"SC25-W: Workshops of the International Conference for High Performance Computing, Networking, Storage and Analysis",https://ieeexplore.ieee.org/document/11358208/,Conference Paper,IEEE Xplore,IEEE-Q2,02_search_exports/repaired/W4-20260930-IEEE-Q2-page-1.json,"Modern scientific discovery increasingly relies on workflows that process data across the Edge, Cloud, and High Performance Computing (HPC) continuum. Comprehensive and in-depth analyses of these data are critical for hypothesis validation, anomaly detection, reproducibility, and impactful findings. Although workflow provenance techniques support such analyses, at large scale, the provena...Show More",
SD-RAW-0148,The Watermark Shortcut: How Provenance Marking Sabotages Audio Deepfake Detection,Nicolas M. Müller; Pascal Debus,2026,IEEE Signal Processing Letters,https://ieeexplore.ieee.org/document/11657538/,Journal Article,IEEE Xplore,IEEE-Q2,02_search_exports/repaired/W4-20260930-IEEE-Q2-page-1.json,"Provenance watermarking is increasingly treated as a safeguard for synthetic speech, whether built directly into speech-generation models such as Chatterbox, provided through dedicated techniques such as AudioSeal, or deployed by commercial platforms such as ElevenLabs. We identify a previously uncharacterized liability: when synthetic speech is watermarked and human speech is not, detectors...Show More",
SD-RAW-0149,Data Augmentation for Messenger Phishing Detection Using Large Language Models,Keonwoong Noh; Seokjin Oh; Sunyub Kim; Dohyung An; Woohwan Jung,2025,"2025 International Conference on Electronics, Information, and Communication (ICEIC)",https://ieeexplore.ieee.org/document/10879623/,Conference Paper,IEEE Xplore,IEEE-Q2,02_search_exports/repaired/W4-20260930-IEEE-Q2-page-1.json,"In this study, we introduce a new dataset specifically designed for detecting messenger phishing, an increasingly significant issue in cybercrime. To overcome the scarcity of labeled phishing data, we employ large language models (LLMs) to generate synthetic data, thereby expanding the dataset and improving detection capabilities. Our experimental results show that a model trained excl...Show More",
SD-RAW-0150,"Developing an Anti -Phishing Large Language Model: A Focus Group Study on Human, Technological, and Legal Factors",George A. Thomopoulos; Panagiota Kiortsi; Damianos Dumi Sigalas; Dimitris Kosmopoulos; Ioannis Igglezakis; Christos Fidas,2024,"2024 15th International Conference on Information, Intelligence, Systems & Applications (IISA)",https://ieeexplore.ieee.org/document/10786667/,Conference Paper,IEEE Xplore,IEEE-Q2,02_search_exports/repaired/W4-20260930-IEEE-Q2-page-1.json,"The phishing problem poses a significant threat in modern information systems, putting both individuals and businesses at risk of financial and professional harm. Owing to social media's rapid development and widespread appeal, deception of this sort is hurting millions of people and growing more dangerous. The current work, as part of the AILA (Artificial Intelligence-driven Framework...Show More",
SD-RAW-0151,Detecting Synthetic Media Using Generative Artificial Intelligence,Saurabh Nandwani; David Alfred Ostrowski,2025,2025 Conference on AI x Software Engineering (AIxSE),https://ieeexplore.ieee.org/document/11486327/,Conference Paper,IEEE Xplore,IEEE-Q2,02_search_exports/repaired/W4-20260930-IEEE-Q2-page-1.json,"The growing photorealism in AI-generated images pose a significant threat to the integrity of visual content enabling deception, identify theft and digital forgery. Traditional methods which rely on surface patterns or forensic analysis are becoming less effective since deep-faked content are no longer distinguishable from authentic media. This paper will introduce generative-forensic models...Show More",
SD-RAW-0152,Prototyping of an MPEG-DASH Player for Verifying and Presenting Content Provenance Information,Takumi Mouri; Satoshi Nishimura; Go Ohtake,2025,2025 IEEE International Conference on Consumer Electronics (ICCE),https://ieeexplore.ieee.org/document/10930008/,Conference Paper,IEEE Xplore,IEEE-Q2,02_search_exports/repaired/W4-20260930-IEEE-Q2-page-1.json,"Recently, with the development of generative AI technology, the spread of disinformation and misinformation on the web has become an issue, making it challenging for content viewers to judge the credibility of information. We focus on using “provenance information,” which indicates the source and production process of content, as one of the criteria for viewers to determine whether the...Show More",
SD-RAW-0153,Leveraging Transfer Learning for Region-Specific Deepfake Detection,Sim Wei Xiang Calvert; Pai Chet Ng,2024,TENCON 2024 - 2024 IEEE Region 10 Conference (TENCON),https://ieeexplore.ieee.org/document/10902787/,Conference Paper,IEEE Xplore,IEEE-Q2,02_search_exports/repaired/W4-20260930-IEEE-Q2-page-1.json,"Deepfake technology, which utilizes advanced artificial intelligence to create or manipulate multimedia content, presents significant challenges by obscuring the distinctions between reality and fiction. This phenomenon can lead to severe consequences such as misinformation and deception, particularly in culturally diverse regions like Southeast Asia. In response, this paper aims to en...Show More",
SD-RAW-0154,Phishing Webpage Detection via Cross-Page Visual Similarity Analysis with Large-Scale Image Encoders,Ke-Fan Zhang; Yu-Song; Er-Zhou Zhu; Zhu-juan Ma,2025,2025 8th International Conference on Advanced Algorithms and Control Engineering (ICAACE),https://ieeexplore.ieee.org/document/11020495/,Conference Paper,IEEE Xplore,IEEE-Q2,02_search_exports/repaired/W4-20260930-IEEE-Q2-page-1.json,"Phishing poses a critical cyber security threat. Although machine learning-based detection methods have achieved notable success, visual similarity-based detection techniques still face the core challenge of complex visual feature extraction processes. This work innovatively introduces CLIP-series large models as image encoders. our approach achieves efficient phishing detection withou...Show More",
SD-RAW-0155,Cyber Deceptions: Unveiling the Threat of Deepfakes in Digital Realms,Mainak Saha; Pavan Kumar Pagadala; Miriyala Trinath Basu,2024,"2024 IEEE 6th International Conference on Cybernetics, Cognition and Machine Learning Applications (ICCCMLA)",https://ieeexplore.ieee.org/document/10871909/,Conference Paper,IEEE Xplore,IEEE-Q2,02_search_exports/repaired/W4-20260930-IEEE-Q2-page-1.json,"In today’s digitally interconnected world, the widespread use of deepfake technology poses a significant threat to cybersecurity and digital trust. The development of deepfake has advanced recently, making them easier and more realistic to create. This study explains the deterioration of trust, propagation of misinformation, and potential for malicious exploitation across various domai...Show More",
SD-RAW-0156,A Joint Framework for Video Deepfake Detection and Frame-Level Provenance Protection,Aditya Raj; Sarthak Harade; Jayan Karkera; Mohit Ailani; Manoj Sabnis,2026,2026 IEEE 3rd International Conference on Computer Vision and Deep Learning (DLCV),https://ieeexplore.ieee.org/document/11635588/,Conference Paper,IEEE Xplore,IEEE-Q2,02_search_exports/repaired/W4-20260930-IEEE-Q2-page-1.json,"The widespread creation of synthetic face-swap videos poses serious threats to digital trust, political discourse, and individual privacy. This paper presents VidShield, a unified framework that addresses deepfake media threats through two complementary approaches: forgery detection and frame-level provenance protection. For detection, a Video Swin Transformer Small pretrained on Kinet...Show More",
SD-RAW-0157,Detecting Digital Deception: A CNN-RNN hybrid Approach of Deepfake Detection,Harshpal Singh; Rakesh Kumar; Meenu Gupta; Venkata Suresh Babu Chilluri,2025,2025 International Conference on Pervasive Computational Technologies (ICPCT),https://ieeexplore.ieee.org/document/10940830/,Conference Paper,IEEE Xplore,IEEE-Q2,02_search_exports/repaired/W4-20260930-IEEE-Q2-page-1.json,Deepfake technology has forced digital deception to create high demand for detection tools. This paper presents an approach for deepfake video detection using Convolutional Neural Network (CNN) and Recurrent Neural Network (RNN) architecture that targets the artifacts present in the output from the generative models including Generative adversarial network (GAN). This approach lo...Show More,
SD-RAW-0158,DeepFake Detection in Dyadic Video Calls Using Point of Gaze Tracking,Odin M. T. Kohler; Rahul Vijaykumar; Masudul H. Imtiaz,2026,IEEE Access,https://ieeexplore.ieee.org/document/11328999/,Journal Article,IEEE Xplore,IEEE-Q2,02_search_exports/repaired/W4-20260930-IEEE-Q2-page-1.json,"With recent advancements in deepfake technology, it is now possible to generate convincing deepfakes in real-time. Unfortunately, malicious actors have started to use this new technology to perform real-time phishing attacks during video meetings. The nature of a video call allows access to what the deepfake is “seeing,” that is, the screen displayed to the malicious actor....Show More",
SD-RAW-0159,Cyber Threat Detection and Vulnerability Assessment System Using Generative AI and Large Language Model,Keerthi Kumar. M; Swarun Kumar Joginpelly; Sunil Khemka; Lakshmi. S R; Navin Chhibber,2025,"2025 2nd International Conference on Software, Systems and Information Technology (SSITCON)",https://ieeexplore.ieee.org/document/11342046/,Conference Paper,IEEE Xplore,IEEE-Q2,02_search_exports/repaired/W4-20260930-IEEE-Q2-page-1.json,"Background: Cyber-attacks have evolved rapidly in recent years, many individuals and business owners have been affected by cyber-attacks in various ways. Cyber-attacks include various threats such as ransomware, malware, phishing, and Denial of Service (DoS)-related attacks. Challenges: Traditional models such as Generative Artificial Intelligence (AI) and Security Bidirectional Encoder Repr...Show More",
SD-RAW-0160,AI Against AI: A Text-Vectorization-Driven Framework for Detecting LLM-Generated Phishing Emails using Classical ML and Deep Learning,Veldin A. Talorete; Ariel Roy L. Reyes; Javer C. Borngo,2026,2026 9th International Conference on Inventive Computation Technologies (ICICT),https://ieeexplore.ieee.org/document/11511045/,Conference Paper,IEEE Xplore,IEEE-Q2,02_search_exports/repaired/W4-20260930-IEEE-Q2-page-1.json,"Large Language Models (LLMs) have made phishing emails much more complex, providing attackers with an unprecedented opportunity to create message forms with fluency and context awareness that can be much harder to distinguish from genuine correspondence. This paper introduces AI Against AI, a text-vectorization-based methodology for identifying phishing emails produced by LLM. ut...Show More",
SD-RAW-0161,Towards Explainable and Educational Phishing Detection: A Zero-Shot LLM Approach,Lu Zhang; Yubao Wu,2025,2025 IEEE International Conference on Big Data (BigData),https://ieeexplore.ieee.org/document/11402600/,Conference Paper,IEEE Xplore,IEEE-Q2,02_search_exports/repaired/W4-20260930-IEEE-Q2-page-1.json,"Phishing attacks have reached record levels, with attackers increasingly employing sophisticated evasion techniques such as cloaking, fingerprinting, and CAPTCHAs to circumvent traditional detection systems. Most existing approaches analyze webpage source code, JavaScript, and HTTP headers-artifacts that users never see and that can be manipulated to evade automated scanners. Moreover, deep ...Show More",
SD-RAW-0162,Beyond Artifacts: Semantic Deepfake Detection and Digital Provenance Tracking with Multimodal Large Language Models,Jabunnesa Jahan Sara; Shahriar Rizvi; Tasfia Jannat Tasfi,2025,2025 28th International Conference on Computer and Information Technology (ICCIT),https://ieeexplore.ieee.org/document/11490141/,Conference Paper,IEEE Xplore,IEEE-Q2,02_search_exports/repaired/W4-20260930-IEEE-Q2-page-1.json,"Deepfakes are man-made media, produced using advanced artificial intelligence, that manipulate videos or images to portray fake but realistic content. General-purpose deepfake detectors have been found highly accurate by detecting low-level digital signals, but perform poorly with emerging manipulation techniques that are not explained. In this paper, we primarily explore the performan...Show More",
SD-RAW-0163,Comparative Analysis and Evaluation of CNN Models for Deepfake Detection,Pattrick Ritter; Devan Lucian; Anderies; Andry Chowanda,2023,2023 4th International Conference on Artificial Intelligence and Data Sciences (AiDAS),https://ieeexplore.ieee.org/document/10284611/,Conference Paper,IEEE Xplore,IEEE-Q2,02_search_exports/repaired/W4-20260930-IEEE-Q2-page-1.json,"Deepfake technology has become a significant concern due to its ability to create highly realistic fake videos and images, leading to the potential deception of individuals. Detecting deepfakes has become a critical research area in computer vision and multimedia forensics. This paper presents a comparative analysis of deepfake detection models, focusing on evaluating their...Show More",
SD-RAW-0164,Comparative Analysis of Machine Learning and Deep Learning Models for Deepfake Detection: Insights from the Celeb-DF Dataset,Yashoda Alpesh Chouhan; Chetankumar Chudasama; Deepak Kumar Verma; Munindra Lunagaria,2024,TENCON 2024 - 2024 IEEE Region 10 Conference (TENCON),https://ieeexplore.ieee.org/document/10902703/,Conference Paper,IEEE Xplore,IEEE-Q2,02_search_exports/repaired/W4-20260930-IEEE-Q2-page-1.json,"We live in a digital age where reality is a maze of mirrors, where manipulation of data is at the tip of our fingers. The spread of misinformation and the unwanted spread of deepfakes have become prevalent. In times like these, there is a dire need to create a foundation of security that can be generated by accurate deepfake detection models. In order to conduct this research, we train...Show More",
SD-RAW-0165,"Auditable Drag and Drop AI Pipelines: OCR LLM Composition with Rubric Scoring, HITL, and Provenance First MLOps",K Ravishankar; Mithran M. V.; B. K. Prethika,2026,2026 International Conference on Smart Futuristic Technology,https://ieeexplore.ieee.org/document/11506894/,Conference Paper,IEEE Xplore,IEEE-Q2,02_search_exports/repaired/W4-20260930-IEEE-Q2-page-1.json,"We present an auditable, drag-and-drop platform for composing OCR–LLM pipelines with explainability, rubric-based scoring, human-in-the-loop (HITL) review, and provenance-first MLOps. Blocks encapsulate OCR detectors/recognizers, promp table LLM extractors, XAI widgets, scoring policies, and review queues. A Node-RED-style orchestrator records configuration, model/version, inputs...Show More",
SD-RAW-0166,URL Phishing Analysis Using Unsupervised Learning and Large Language Model Embedding,Ventje Jeremias Lewi Engel; Violitta Yesmaya; Dicky Jhon Anderson Butarbutar,2026,2026 International Conference on Information Management and Technology (ICIMTech),https://ieeexplore.ieee.org/document/11698979/,Conference Paper,IEEE Xplore,IEEE-Q2,02_search_exports/repaired/W4-20260930-IEEE-Q2-page-1.json,"Phishing attacks become harder to detect since attackers use URL obfuscation and decentralized hosting infrastructure to avoid supervised learning and blacklist systems. This paper proposes SERAA (Semantic Embedding, Recognition, Anomaly Detection, Assessment), a fully unsupervised pipeline that recognizes known campaign families and zero-day phishing URLs. Three open-source Large Lang...Show More",
SD-RAW-0167,An LLM-Based Multilingual Phishing Detection Framework for Regional Languages,S Sanjay; Nishant Krishna; G Paramesh; KV Kiran Kumar,2026,2026 International Conference on AI-Driven Innovations & Applications (IC-AIDA),https://ieeexplore.ieee.org/document/11564455/,Conference Paper,IEEE Xplore,IEEE-Q2,02_search_exports/repaired/W4-20260930-IEEE-Q2-page-1.json,"Phishing remains a dominant form of social-engineering fraud that undermines trust in digital communication. While detection tools for English have matured, regional and code-mixed languages continue to expose large user groups to online scams. This paper presents a multilingual phishing detection framework that combines transformer-based language modeling with a feedback-driven contin...Show More",
SD-RAW-0168,Enhancing Website Fraud Detection: A ChatGPT-Based Approach to Phishing Detection,Michael Schesny; Nico Lutz; Thomas Jägle; Felix Gerschner; Marco Klaiber; Andreas Theissler,2024,"2024 IEEE 48th Annual Computers, Software, and Applications Conference (COMPSAC)",https://ieeexplore.ieee.org/document/10633480/,Conference Paper,IEEE Xplore,IEEE-Q2,02_search_exports/repaired/W4-20260930-IEEE-Q2-page-1.json,"Phishing attacks continue to be a major cyber security problem, leading to an increasing number of studies looking at defense strategies. Therefore, we propose an LLM-based phishing detection approach that enhances work by Koide et al. by extending the prompts with URLs, adapting the Chain-of-Thought (CoT) and incorporating additional parameters. Our approach calculates a phis...Show More",
SD-RAW-0169,SPADE: Enhancing Adaptive Cyber Deception Strategies with Generative AI and Structured Prompt Engineering,Shihab Ahmed; A B M Mohaimenur Rahman; Md Morshed Alam; Md Sajidul Islam Sajid,2025,2025 IEEE 15th Annual Computing and Communication Workshop and Conference (CCWC),https://ieeexplore.ieee.org/document/10903748/,Conference Paper,IEEE Xplore,IEEE-Q2,02_search_exports/repaired/W4-20260930-IEEE-Q2-page-1.json,"The rapid evolution of modern malware presents significant challenges to the development of effective defense mechanisms. Traditional cyber deception techniques often rely on static or manually configured parameters, limiting their adaptability to dynamic and sophisticated threats. This study leverages Generative AI (GenAI) models to automate the creation of adaptive cyber deception...Show More",
SD-RAW-0170,PhishDebate: An LLM-Based Multi-Agent Framework for Phishing Website Detection,Wenhao Li; Selvakumar Manickam; Yung-Wey Chong; Shankar Karuppayah,2025,2025 IEEE International Conference on Big Data (BigData),https://ieeexplore.ieee.org/document/11401440/,Conference Paper,IEEE Xplore,IEEE-Q2,02_search_exports/repaired/W4-20260930-IEEE-Q2-page-1.json,"Phishing websites remain a major cybersecurity threat, exploiting deceptive structures, brand impersonation, and social engineering to evade detection. Recent advances in large language models (LLMs) have improved phishing detection through contextual understanding, yet most existing approaches rely on single-agent classification, which is prone to hallucination and often lacks i...Show More",
SD-RAW-0171,Synthetic Lies: Security and Ethical Challenges of Deceptive Content in Generative AI,Aparna Achanta,2025,2025 3rd World Conference on Communication & Computing (WCONF),https://ieeexplore.ieee.org/document/11233471/,Conference Paper,IEEE Xplore,IEEE-Q2,02_search_exports/repaired/W4-20260930-IEEE-Q2-page-1.json,"The rapid advancement of generative artificial intelligence (AI) has transformed content creation across domains such as media, politics, and finance. Tools like GPT-4, DALL•E, and Sora now produce highly convincing synthetic text, images, and audiovisual media, blurring the boundaries between real and fabricated information. While these technologies offer immense benefits in terms of creativity a...Show More",
SD-RAW-0172,A Hybrid ML-LLM Cascade System for Cost-Efficient Phishing Webpage Detection,Yusuf Özaslan; M. Fatih Adak,2026,2026 10th International Young Engineers Forum on Electrical and Computer Engineering (YEF-ECE),https://ieeexplore.ieee.org/document/11614634/,Conference Paper,IEEE Xplore,IEEE-Q2,02_search_exports/repaired/W4-20260930-IEEE-Q2-page-1.json,"Phishing attacks are a type of cyber threat that aims to steal sensitive information by deceiving users through fake webpages. This study proposes a hybrid phishing detection browser extension that combines traditional machine learning with a large language model in a cascade architecture. In the first stage, an XGBoost classifier trained on 45 features classifies pages it can de...Show More",
SD-RAW-0173,Facial Recognition for Deepfake Detection,Firaol Desta; Emily J Brown,2022,2022 IEEE Integrated STEM Education Conference (ISEC),https://ieeexplore.ieee.org/document/10025295/,Conference Paper,IEEE Xplore,IEEE-Q2,02_search_exports/repaired/W4-20260930-IEEE-Q2-page-1.json,"Facial recognition is a tool utilized by social media companies to assist in tagging people in photos. Facial recognition’s ability to detect modified images is useful for these companies to prevent privacy violations, or even online impersonation. For example, deepfakes are very realistic pictures and/or videos that are created by pasting a face onto someone else’s body, which are of ...Show More",
SD-RAW-0174,Ontology-Driven LLM Service Protocol for HPC Platforms: Design for Workflow Interoperability and Provenance-Aware Automation,Yejin Kwon; Jeongcheol Lee; Young B. Park,2025,2025 16th International Conference on Information and Communication Technology Convergence (ICTC),https://ieeexplore.ieee.org/document/11388233/,Conference Paper,IEEE Xplore,IEEE-Q2,02_search_exports/repaired/W4-20260930-IEEE-Q2-page-1.json,"Recently, web-based High-Performance Computing (HPC) platforms have increasingly adopted Large Language Model (LLM) services to provide user-friendly and scalable access to simulation tools. In this study, we propose an ontology-based LLM service architecture that integrates with the Model Contact Protocol (MCP) to enable seamless linkage between user queries, retrieval-augmented...Show More",
SD-RAW-0175,Multi-Agent Framework for Controllable and Protected Generative Content Creation: Addressing Copyright and Provenance in AI-Generated Media,Haris Khan; Sadia Asif; Shumaila Asif,2025,2025 IEEE International Conference on Data Mining Workshops (ICDMW),https://ieeexplore.ieee.org/document/11416432/,Conference Paper,IEEE Xplore,IEEE-Q2,02_search_exports/repaired/W4-20260930-IEEE-Q2-page-1.json,"The proliferation of generative AI systems creates unprecedented opportunities for content creation while raising critical concerns about controllability, copyright infringement, and content provenance. Current generative models operate as “black boxes” with limited user control and lack built-in mechanisms to protect intellectual property or trace content origin. We propose a novel mu...Show More",
SD-RAW-0176,MOLE: Provenance Graph Generation Framework Based on LLM Prompting,Yiming Ren; Haoqiang Wang; Yilong Chen; Zhou Zhou; Chengxiang Si; Qingyun Liu,2025,2025 International Joint Conference on Neural Networks (IJCNN),https://ieeexplore.ieee.org/document/11229381/,Conference Paper,IEEE Xplore,IEEE-Q2,02_search_exports/repaired/W4-20260930-IEEE-Q2-page-1.json,"In the increasingly complex landscape of cyber-attacks, logs have become a critical source of data for detecting system threats. Currently, most log-based detection systems rely on converting audit logs into provenance graphs during the process of attack investigation. However, this construction process is still heavily dependent on manually written code with regular expressions tailored to ...Show More",
SD-RAW-0177,An Adaptive Phishing Awareness Training Environment Based on LLMs and Interactive Learning,Kapischan Sriganthan; Felix Härer,2025,2025 IEEE 9th Forum on Research and Technologies for Society and Industry (RTSI),https://ieeexplore.ieee.org/document/11212360/,Conference Paper,IEEE Xplore,IEEE-Q2,02_search_exports/repaired/W4-20260930-IEEE-Q2-page-1.json,"Phishing remains a major cybersecurity threat, exploiting human vulnerabilities through deceptive tactics. Traditional awareness training often involves simulated phishing campaigns via e-mail and similar channels, in addition to training materials for employees to complete. Prior work indicates limitations in effectiveness, highlighting the lack of interactivity and contextual factors...Show More",
SD-RAW-0178,AI-Driven Detection of AI-Generated Cyber Attacks: A Framework for Defending Against Generative Adversarial Threats,Tanvir H. Sardar; Bishwajeet Pandey; Laura Aldasheva,2026,2026 IEEE 5th International Conference on AI in Cybersecurity (ICAIC),https://ieeexplore.ieee.org/document/11395730/,Conference Paper,IEEE Xplore,IEEE-Q2,02_search_exports/repaired/W4-20260930-IEEE-Q2-page-1.json,"With the advent of proliferation around generative artificial intelligence, opponents have the capability to develop advanced phishing concepts, produce polymorphic malware, and develop deep fake material to use to social engineer on an entirely new scale. This essay is an introduction to an all-encompassing detection model named AEGIS (Adaptive Engine for Generative Intrusion Sensing), whic...Show More",
SD-RAW-0179,"Generative AI-Driven Multi-Vector Phishing, Vishing, and Smishing Emulation with Adaptive Defense Training Framework",S. Ramamoorthi; C. Venkata Jeshwanth; P. Lakshmi Chaitanya Sai; D. Pavan Kumar; M. Mohamed Sithik; S. Priya,2026,2026 International Conference on Future and Advanced Computing Technologies (ICFACT),https://ieeexplore.ieee.org/document/11518188/,Conference Paper,IEEE Xplore,IEEE-Q2,02_search_exports/repaired/W4-20260930-IEEE-Q2-page-1.json,"Phishing, smishing, and vishing attacks continue to be among the most significant threats to organizational cybersecurity, primarily exploiting human behavior rather than technical vulnerabilities. With the rapid advancement of generative artifi- cial intelligence, attackers can now produce highly realistic and scalable social engineering content, making traditional security awareness traini...Show More",
SD-RAW-0180,Hybrid Phishing Detection System: Integrating URL Feature Analysis with Local Large Language Models for Enhanced Security,K. Sandya; T. Sai Kartik Sharma; G. Vidyesh Reddy; M. Hemanth Kumar,2025,2025 3rd International Conference on Self Sustainable Artificial Intelligence Systems (ICSSAS),https://ieeexplore.ieee.org/document/11081063/,Conference Paper,IEEE Xplore,IEEE-Q2,02_search_exports/repaired/W4-20260930-IEEE-Q2-page-1.json,"In the past few years, phishing attacks were known to be the greatest threat to cybersecurity, hitting individuals with an illegal website that has the ability to breach their sensitive data. Phishing URLs are designed to replicate a real web address in an attempt to deceive victims into revealing personal details like login details, financial data, or other confidential data. Classic ...Show More",
SD-RAW-0181,TrustNet: A Hybrid Machine Learning and LLM-Based Multi-Agent System for Scam Website Detection,Sherif Abdelhamid; James Bangura; Katelyn Redlinger; Gunnar Romsland,2026,2026 IEEE 5th International Conference on AI in Cybersecurity (ICAIC),https://ieeexplore.ieee.org/document/11395765/,Conference Paper,IEEE Xplore,IEEE-Q2,02_search_exports/repaired/W4-20260930-IEEE-Q2-page-1.json,"The increase in the number of phishing and scam websites adds a continuous threat to online users. In this research, we present TrustNet, a hybrid AI platform that integrates traditional machine learning (ML) models with large language models (LLMs). We used different machine learning algorithms, and the Random Forest classifier achieved the highest performance, with an Accuracy of 0.9694, a...Show More",
SD-RAW-0182,PROVPLUG: LLM-Driven Plugins for Bridging Provenance Graph Host Intrusion Detection Systems and Graph Neural Networks,Zhiwei Xu; Yujuan Wu; Tian Qiu; Xiaolin Peng; Jiabao Gao; Shiheng Wang; Xuyang Liu; Hai Wan; Xibin Zhao,2026,IEEE Transactions on Dependable and Secure Computing,https://ieeexplore.ieee.org/document/11675891/,Early Access Article,IEEE Xplore,IEEE-Q2,02_search_exports/repaired/W4-20260930-IEEE-Q2-page-1.json,"Past successes in applying machine learning to data provenance graphs (DPGs) – a structured audit log representation that describes the history of a system's execution – to detect intrusions have spurred growing interest in the security community. Although many studies favor intuitive graph neural network (GNN) approaches for analyzing DPGs, recent research increasingly suggests that there i...Show More",
SD-RAW-0183,Web Phishing Net (WPN): A Scalable Machine Learning Approach for Real-Time Phishing Campaign Detection,Muhammad Fahad Zia; Sri Harish Kalidass,2024,2024 4th Intelligent Cybersecurity Conference (ICSC),https://ieeexplore.ieee.org/document/10895566/,Conference Paper,IEEE Xplore,IEEE-Q2,02_search_exports/repaired/W4-20260930-IEEE-Q2-page-1.json,Phishing is the most prevalent type of cyber-attack today and is recognized as the leading source of data breaches with significant consequences for both individuals and corporations. Web-based phishing attacks are the most frequent with vectors such as social media posts and emails containing links to phishing URLs that once clicked on render host systems vulnerable to more sini...Show More,
SD-RAW-0184,Provenance of AI-Generated Images: A Vector Similarity and Blockchain-based Approach,Jitendra Sharma; Arthur Carvalho; Suman Bhunia,2026,2026 IEEE 23rd Consumer Communications & Networking Conference (CCNC),https://ieeexplore.ieee.org/document/11366470/,Conference Paper,IEEE Xplore,IEEE-Q2,02_search_exports/repaired/W4-20260930-IEEE-Q2-page-1.json,"Rapid advancement in generative AI and large language models (LLMs) has enabled the creation of highly realistic and context-aware digital content. Multimodal systems such as ChatGPT with DALL-E integration and diffusion models like Stable Diffusion can now generate images that are often indistinguishable from human-created media, posing significant challenges for content authenticity and [:...Show More",
SD-RAW-0185,Securing Against Deception: Exploring Phishing Emails Through ChatGPT and Sentiment Analysis,Shahrzad Sayyafzadeh; Mark Weatherspoon; Jie Yan; Hongmei Chi,2024,"2024 IEEE/ACIS 22nd International Conference on Software Engineering Research, Management and Applications (SERA)",https://ieeexplore.ieee.org/document/10685564/,Conference Paper,IEEE Xplore,IEEE-Q2,02_search_exports/repaired/W4-20260930-IEEE-Q2-page-1.json,"The origin of large language models (LLMs) has left an indelible mark on various domains, most notably in natural language processing and artificial intelligence. While extensive research has delved into LLMs like ChatGPT 4 for tasks such as code generation and text synthesis, their application in identifying malicious web content, particularly phishing web sites, still needs to be explored....Show More",
SD-RAW-0186,The Impact of Generative AI on Cloud Data Security: A Systematic Study of Opportunities and Challenges,Hardik Ruparel; Harshal Daftary; Videet Singhai; Pramod Kumar,2024,2024 IEEE/ACM 17th International Conference on Utility and Cloud Computing (UCC),https://ieeexplore.ieee.org/document/10971861/,Conference Paper,IEEE Xplore,IEEE-Q2,02_search_exports/repaired/W4-20260930-IEEE-Q2-page-1.json,"Since the launch of ChatGPT, Generative AI (GenAI) has transformed virtually every domain, addressing complex problems in areas previously considered insurmountable. At the same time, the adoption of cloud computing for storing confidential data has been rapidly increasing. This swift shift to the cloud has highlighted the critical need for robust data protection measures. In this paper, we ...Show More",
SD-RAW-0187,"Enhancing Phishing Email Detection: Towards a Deception-Aware Feature-Driven, Hybrid Ensemble",Gali Suresh Reddy; G. Madhu; V. Likith Shreyas,2026,2026 IEEE International Conference on Emerging Computing and Intelligent Technologies (ICoECIT),https://ieeexplore.ieee.org/document/11497622/,Conference Paper,IEEE Xplore,IEEE-Q2,02_search_exports/repaired/W4-20260930-IEEE-Q2-page-1.json,Phishing emails are strategies used by attackers to generate highly convincing messages to trick the victim into performing an action that compromises the security. The paper works towards investigating and establishing a deception-aware phishing-email detection framework that utilizes an LLM generated phishing email dataset and classical phishing dataset that e...Show More,
SD-RAW-0188,Transferable Adversarial Attacks on Audio Deepfake Detection,Muhammad Umar Farooq; Awais Khan; Kutub Uddin; Khalid Mahmood Malik,2025,2025 IEEE/CVF Winter Conference on Applications of Computer Vision Workshops (WACVW),https://ieeexplore.ieee.org/document/10972633/,Conference Paper,IEEE Xplore,IEEE-Q2,02_search_exports/repaired/W4-20260930-IEEE-Q2-page-1.json,"Audio deepfakes pose significant threats, including impersonation, fraud, and reputation damage. To address these risks, audio deepfake detection (ADD) techniques have been developed, demonstrating success on benchmarks like ASVspoof2019. However, their resilience against transferable adversarial attacks remains largely unexplored. In this paper, we introduce a transferable GAN-b...Show More",
SD-RAW-0189,Interpretable Detection of Large Language Model-Generated Phishing Emails via Linguistic and Stylometric Cues,Daniel Commey; Kamel Abbad; Sena G. Hounsinou; Lyes Khoukhi; Philippe Descamps; Garth V. Crosby,2026,2026 IEEE 51st Conference on Local Computer Networks (LCN),https://ieeexplore.ieee.org/document/11660775/,Conference Paper,IEEE Xplore,IEEE-Q2,02_search_exports/repaired/W4-20260930-IEEE-Q2-page-1.json,"Large language models enable attackers to generate phishing emails at scale, presenting new challenges for email security workflows. We present CuePhish, an interpretable framework for distinguishing LLM-generated phishing from a compiled non-AI phishing benchmark using linguistic, readability, and stylometric cues. Unlike black-box neural detectors, CuePhish provides featu...Show More",
SD-RAW-0190,A Comparative Analysis of BERT and LLM Models for Advanced Phishing Detection,Justin Wilson John; Mohankumar B,2025,2025 IEEE International Conference on Communication Networks and Computing (CNC),https://ieeexplore.ieee.org/document/11484704/,Conference Paper,IEEE Xplore,IEEE-Q2,02_search_exports/repaired/W4-20260930-IEEE-Q2-page-1.json,"Phishing attacks remain one of the most persistent and rapidly evolving threats in cybersecurity, increasingly fueled by AI-generated malicious content. This paper presents a focused comparative analysis of two advanced language model-based techniques for phishing email detection: a fine-tuned transformer model—RoBERTa, a variant of BERT— and a locally deployed Large Language Model:...Show More",
SD-RAW-0191,LLM-Driven APT Analysis and Detection Based on Provenance Graph by Threat Pattern,Yibin Fu; Zhaoyun Ding; Sheng Zhang; Deqi Cao; Yi Wang,2025,"2025 IEEE 24th International Conference on Trust, Security and Privacy in Computing and Communications (TrustCom)",https://ieeexplore.ieee.org/document/11354706/,Conference Paper,IEEE Xplore,IEEE-Q2,02_search_exports/repaired/W4-20260930-IEEE-Q2-page-1.json,"We propose a threat detection framework that enhances provenance-based APT analysis by combining event clustering with LLM-driven threat pattern extraction refinement. Our method is designed to work in conjunction with existing systems like Kairos, which able to detect anomaly time windows. We first group fine-grained events into semantic clusters to preserve behavioral context, then a...Show More",
SD-RAW-0192,Generating Phishing Attacks and Novel Detection Algorithms in the Era of Large Language Models,Jeffrey Fairbanks; Edoardo Serra,2024,2024 IEEE International Conference on Big Data (BigData),https://ieeexplore.ieee.org/document/10825007/,Conference Paper,IEEE Xplore,IEEE-Q2,02_search_exports/repaired/W4-20260930-IEEE-Q2-page-1.json,"Phishing is a significant cybersecurity threat, with the financial impact of email security breaches and lack of awareness estimated to be between $50-100 billion in 2022. The advent of Large Language Models (LLMs) has further automated and intensified phishing attacks, posing greater challenges for defenders, especially large organizations being targeted by Advanced Persistent Threats...Show More",
SD-RAW-0193,Leveraging Generative AI for Proactive Cybersecurity Threat Detection in Cloud Environments,Advait Patel; Ram Chandra Sachan; Hariharan Ragothaman; Adit Sheth; Pravin Pandey; Saai Krishnan Udayakumar,2025,2025 8th International Conference on Information and Computer Technologies (ICICT),https://ieeexplore.ieee.org/document/11058483/,Conference Paper,IEEE Xplore,IEEE-Q2,02_search_exports/repaired/W4-20260930-IEEE-Q2-page-1.json,"This paper proposes a proactive approach to cloud cybersecurity threat detection that generative AI can complement. To this end, the proposed framework fuses generative models, including GANs and VAEs, with cloud-native security services to model attacks and detect vulnerabilities in advance. The study explores how generative AI can prevent, model and mitigate cyber threats before bein...Show More",
SD-RAW-0194,Deepfake Detection: State-of-the-Art Techniques and Emerging Trends,Reshma Pandey; Raksha Pandey,2025,2025 2nd International Conference on Electronic Circuits and Signaling Technologies (ICECST),https://ieeexplore.ieee.org/document/11307586/,Conference Paper,IEEE Xplore,IEEE-Q2,02_search_exports/repaired/W4-20260930-IEEE-Q2-page-1.json,"It aids in the differentiation between real and faked Video forgery is crucial in the identification of faked or manipulated video material. It aids in the differentiation between real and faked images, with the promise of the integrity of digital media technology uses artificial intelligence to produce fake videos that are extremely realistic. Such videos are extremely risky when used to spread d...Show More",
SD-RAW-0195,DeepFake: Deep Dueling-Based Deception Strategy to Defeat Reactive Jammers,Nguyen Van Huynh; Dinh Thai Hoang; Diep N. Nguyen; Eryk Dutkiewicz,2021,IEEE Transactions on Wireless Communications,https://ieeexplore.ieee.org/document/9432815/,Journal Article,IEEE Xplore,IEEE-Q2,02_search_exports/repaired/W4-20260930-IEEE-Q2-page-1.json,"In this paper, we introduce DeepFake, a novel deep reinforcement learning-based deception strategy to deal with reactive jamming attacks. In particular, for a smart and reactive jamming attack, the jammer is able to sense the channel and attack the channel if it detects communications from the legitimate transmitter. To deal with such attacks, we propose an intelligent deception ...Show More",
SD-RAW-0196,A Comparative Analysis on Discernment of Human Versus AI-Generated Art,Hortense Gerardo; Marie Clemenceau; Kevin Tellier,2025,2025 IEEE Frontiers in Education Conference (FIE),https://ieeexplore.ieee.org/document/11328694/,Conference Paper,IEEE Xplore,IEEE-Q2,02_search_exports/repaired/W4-20260930-IEEE-Q2-page-1.json,"This Work-in-Progress paper, submitted under the Engineering Ethics and Innovative Practice track, explores an experiential approach to ethics education for upper-level undergraduates in Mechanical and Aerospace Engineering (MAE) and Art History. As generative artificial intelligence (AI)-including large language models and image-generation tools-becomes more accessible, the ability to create comp...Show More",
SD-RAW-0197,Media Literacy in the Age of AI,,2025,"FAIK: A Practical Guide to Living in a World of Deepfakes, Disinformation, and AI-Generated Deceptions",https://ieeexplore.ieee.org/document/10950846/,Book,IEEE Xplore,IEEE-Q2,02_search_exports/repaired/W4-20260930-IEEE-Q2-page-1.json,"Summary Generative AI has crashed the party, bringing synthetic media creation to the masses. As society moves further into the exploitation zone, media literacy, healthy skepticism, and fact checking are more critical than ever. Every time an AI‐powered scam succeeds, every instance a deepfake goes viral, every synthetic media creation that slips past our mental ...Show More",
SD-RAW-0198,PhishParrot: LLM-Driven Adaptive Crawling to Unveil Cloaked Phishing Sites,Hiroki Nakano; Takashi Koide; Daiki Chiba,2025,GLOBECOM 2025 - 2025 IEEE Global Communications Conference,https://ieeexplore.ieee.org/document/11431876/,Conference Paper,IEEE Xplore,IEEE-Q2,02_search_exports/repaired/W4-20260930-IEEE-Q2-page-1.json,"Phishing attacks continue to evolve, with cloaking techniques posing a significant challenge to detection efforts. Cloaking allows attackers to display phishing sites only to specific users while presenting legitimate pages to security crawlers, rendering traditional detection systems ineffective. This research proposes PhishParrot, a novel crawling environment optimization system desi...Show More",
SD-RAW-0199,Multi-Agent Phishing Detection And Deletion via Small VLM and LLM Reasoning,Fateha Jannat Ayrin; Mizanur Rahman; Ashifur Rahman; Vishwanath Akuthota; Abhijit Kumar Ghosh; Md Maruf Hasan Khondaker; Muntasim Ul Haque; Montaser Abdul Quader; Md Tanzim Reza,2026,"2026 5th International Conference on Electrical, Computer & Telecommunication Engineering (ICECTE)",https://ieeexplore.ieee.org/document/11429303/,Conference Paper,IEEE Xplore,IEEE-Q2,02_search_exports/repaired/W4-20260930-IEEE-Q2-page-1.json,"Phishing attacks remain one of the most pervasive cybersecurity threats, with email-based phishing responsible for over 90% of global data breaches. Traditional text-based detection systems achieve moderate success in identifying linguistic cues but fail to capture visual deception strategies such as brand impersonation, domain typosquatting, and counterfeit login layouts. ...Show More",
SD-RAW-0200,Picard: Phishing Intelligence Corpus for Artificial Intelligence Research and Defense,Jack Hagen; Jacob Stoltenburg; Mounika Vanamala,2026,2026 IEEE International Conference on Electro Information Technology (eIT),https://ieeexplore.ieee.org/document/11670363/,Conference Paper,IEEE Xplore,IEEE-Q2,02_search_exports/repaired/W4-20260930-IEEE-Q2-page-1.json,"With the advancement of generative artificial intelligence (AI) models, phishing attacks are becoming more complex and scalable. The traditional signature signs of phishing messages are less and less reliable as AI is used to conduct phishing campaigns. Despite the increase of AI-powered phishing attacks there is no large-scale dataset of specifically AI-generated messages....Show More",
SD-RAW-0201,Increasing the Level of Internet Trust of Citizens to Public Authorities,Anna M. Kuzmina; Alexey E. Kuzmin,2021,2021 Communication Strategies in Digital Society Seminar (ComSDS),https://ieeexplore.ieee.org/document/9422863/,Conference Paper,IEEE Xplore,IEEE-Q3,02_search_exports/repaired/W4-20260930-IEEE-Q3-page-1.json,"Communication problems that arise on the Internet on various issues (for example, discussion of acute environmental topics - the construction of an incinerator in Kamenka, city-wide topics - snow removal in winter), which are expressed in a lack of understanding of the use by state authorities of modern tools and technologies on the Internet in communications with citizens, public organizati...Show More",
SD-RAW-0202,The Mobile Paradox: How Interface Friction Can Improve 2FA Security,Mohammed Jubur,2026,"2026 International Conference on Computing, Networking and Communications (ICNC)",https://ieeexplore.ieee.org/document/11416876/,Conference Paper,IEEE Xplore,IEEE-Q3,02_search_exports/repaired/W4-20260930-IEEE-Q3-page-1.json,"Push-based multi-factor authentication (MFA) is vulnerable to habituation and “push-fatigue”: when notifications arrive, users approve reflexively. We ask how the mobile context—small screens and app switching—affects different user segments in compare-and-confirm (number matching) under a first-factor-compromise threat model. Using a controlled withinsubjects study ($\mathrm{N}=65; 24$ trials/par...Show More",
SD-RAW-0203,Automated cross-organisational trust establishment on extranets,R. Au; M. Looi; P. Ashley,2001,Proceedings Workshop on Information Technology for Virtual Enterprises. ITVE 2001,https://ieeexplore.ieee.org/document/904483/,Conference Paper,IEEE Xplore,IEEE-Q3,02_search_exports/repaired/W4-20260930-IEEE-Q3-page-1.json,"Trust management is an important aspect of information security in an organisation. It involves the complexity of relationships among people, computers and the organisational system. It becomes even more complex in the virtual enterprise environment where cross-organisational activities are involved. The paper presents a new paradigm for establishing trust across multiple organisations for externa...Show More",
SD-RAW-0204,Mindfulness and Reporting Incentives in Risk Management: an Analysis of Japanese High-Reliability Organizations,N. Imura,2024,2024 IEEE International Conference on Industrial Engineering and Engineering Management (IEEM),https://ieeexplore.ieee.org/document/10857064/,Conference Paper,IEEE Xplore,IEEE-Q3,02_search_exports/repaired/W4-20260930-IEEE-Q3-page-1.json,"This study examines the impact of mindfulness and reporting incentives on risk communication within Japanese high-reliability organizations (HROs). Eleven companies were categorized into three groups based on human and economic impact: Group I (high human and economic impact), Group II (low human, high economic impact), and Group III (low human and economic impact). Group I, including public and t...Show More",
SD-RAW-0205,Villagers' Individual Organization Mode Based on Transition Model Based on Artificial Intelligence and Big Data,Yao Yao,2020,2020 International Conference on Robots & Intelligent System (ICRIS),https://ieeexplore.ieee.org/document/9523902/,Conference Paper,IEEE Xplore,IEEE-Q3,02_search_exports/repaired/W4-20260930-IEEE-Q3-page-1.json,"In order to explore the path of villagers' individual organization mode in the “excited state-action state” model, and to provide new development ideas for the path of rural governance, this paper puts forward villagers' individual organization mode based on transition model based on artificial intelligence and big data. The mode starts from three dimensions, namely the individualization of the co...Show More",
SD-RAW-0206,Unintentional Information Blocking: A Longitudinal Analysis of Availability Failures in mHealth (2011-2025),Timoteo Kelly; John Robert Bautista,2026,2026 IEEE 14th International Conference on Healthcare Informatics (ICHI),https://ieeexplore.ieee.org/document/11635034/,Conference Paper,IEEE Xplore,IEEE-Q3,02_search_exports/repaired/W4-20260930-IEEE-Q3-page-1.json,"The confidentiality, integrity and availability (CIA) triad of the HIPAA Security Rule serves as a model for the protection of Protected Health Information (PHI). Among its three pillars, health informatics research has traditionally placed less emphasis on availability - the principle wherein authorized users should always have reliable and timely access to systems. In this study, we focus on the...Show More",
SD-RAW-0207,Notice of Retraction: Trust and commitment on cooperative performance of international service outsourcing firms,Tan yunqing,2011,"2011 2nd International Conference on Artificial Intelligence, Management Science and Electronic Commerce (AIMSEC)",https://ieeexplore.ieee.org/document/6010293/,Conference Paper,IEEE Xplore,IEEE-Q3,02_search_exports/repaired/W4-20260930-IEEE-Q3-page-1.json,Retracted.Show More,
SD-RAW-0208,What Is Trust in E-Government? A Proposed Typology,Panagiota Papadopoulou; Maria Nikolaidou; Drakoulis Martakos,2010,2010 43rd Hawaii International Conference on System Sciences,https://ieeexplore.ieee.org/document/5428288/,Conference Paper,IEEE Xplore,IEEE-Q3,02_search_exports/repaired/W4-20260930-IEEE-Q3-page-1.json,"Trust in e-government is of vital importance for the effective adoption and use of electronic public services. Understanding the concept of trust and the different types it involves in the e-government context is a key challenge for both research and practice. Aiming to address this need, this paper proposes a parsimonious yet comprehensive typology of trust in e-government. Trust in e-government ...Show More",
SD-RAW-0209,Notice of Retraction: Institutional trust in knowledge chain management: A competitive advantage perspective,Qi Su; Hanjie Gu; Xiuwen He,2010,2010 IEEE International Conference on Advanced Management Science(ICAMS 2010),https://ieeexplore.ieee.org/document/5553151/,Conference Paper,IEEE Xplore,IEEE-Q3,02_search_exports/repaired/W4-20260930-IEEE-Q3-page-1.json,Retracted.Show More,
SD-RAW-0210,"Romance Scam Reporting and Support: Help-Seeking Timing, Trust, and Escalation",LD Herrera,2026,2026 14th International Symposium on Digital Forensics and Security (ISDFS),https://ieeexplore.ieee.org/document/11458949/,Conference Paper,IEEE Xplore,IEEE-Q3,02_search_exports/repaired/W4-20260930-IEEE-Q3-page-1.json,"Built on social engineering and identity deception, romance scams often create financial loss and distress. For victims, it can be difficult to know where to go, what information is needed, and what outcomes are realistic. This paper reports results from an anonymous survey of people who were targeted by or experienced a romance scam (completed surveys: $n=386$), focusing on (1) when and whether v...Show More",
SD-RAW-0211,"Position Talk: Ethically aligned voice user interfaces: Risks, Challenges and Opportunities",Stephan Sigg,2020,2020 IEEE International Conference on Pervasive Computing and Communications Workshops (PerCom Workshops),https://ieeexplore.ieee.org/document/9156116/,Conference Paper,IEEE Xplore,IEEE-Q3,02_search_exports/repaired/W4-20260930-IEEE-Q3-page-1.json,"This position talk discusses different position, opportunities and challenges posed by upcoming voice user interface platforms. In particular, the presenter will highlight privacy and legislation aspects and give insight into newly forming initiatives towards privacy-preserving speech processing withing the speech processing community. Exemplarily, the speaker will introduce ongoing efforts to add...Show More",
SD-RAW-0212,Comparison of High Reliability Organizations (HROS),Paula Lewis,2013,"2013 Integrated Communications, Navigation and Surveillance Conference (ICNS)",https://ieeexplore.ieee.org/document/6548561/,Conference Paper,IEEE Xplore,IEEE-Q3,02_search_exports/repaired/W4-20260930-IEEE-Q3-page-1.json,"High Reliability Organizations (HROs) are defined as enterprises that perform missions involving processes that require extraordinary measures to maintain low risk in the presence of disruptions that could result in catastrophic events (e.g. radiation or well leaks leading to long-term environmental damage) or fatalities (e.g. epidemics, air traffic control). These types of enterprises occur in mu...Show More",
SD-RAW-0213,“They’re not that hard to mitigate”: What Cryptographic Library Developers Think About Timing Attacks,Jan Jancar; Marcel Fourné; Daniel De Almeida Braga; Mohamed Sabt; Peter Schwabe; Gilles Barthe; Pierre-Alain Fouque; Yasemin Acar,2022,2022 IEEE Symposium on Security and Privacy (SP),https://ieeexplore.ieee.org/document/9833713/,Conference Paper,IEEE Xplore,IEEE-Q3,02_search_exports/repaired/W4-20260930-IEEE-Q3-page-1.json,"Timing attacks are among the most devastating side-channel attacks, allowing remote attackers to retrieve secret material, including cryptographic keys, with relative ease. In principle, “these attacks are not that hard to mitigate the basic intuition, captured by the constant-time criterion, is that control-flow and memory accesses should be independent from secrets. Furthermore, there is a broad...Show More",
SD-RAW-0214,A Usable Authentication System Based on Personal Voice Challenge,Zheng Yan; Sihui Zhao,2016,2016 International Conference on Advanced Cloud and Big Data (CBD),https://ieeexplore.ieee.org/document/7815208/,Conference Paper,IEEE Xplore,IEEE-Q3,02_search_exports/repaired/W4-20260930-IEEE-Q3-page-1.json,"User authentication is a major approach to guarantee the security of online or cloud services when using user devices such as tablets or mobile phones to access remote servers. Usability is an important issue that greatly influences the acceptance of a user authentication mechanism. Nowadays, a very common way for user authentication is based on the match of the user's password with the registered...Show More",
SD-RAW-0215,"""Even after two years, we still have a bad feeling"": Two Comparative Case Studies of the Effects of a Cyberattack on Fear, Trust in the IT Department and Security-Related Stress",Markus Schöps; Sangavi Shanthakumar; Philipp Müntefer; M. Angela Sasse,2025,2025 European Symposium on Usable Security (EuroUSEC),https://ieeexplore.ieee.org/document/11300483/,Conference Paper,IEEE Xplore,IEEE-Q3,02_search_exports/repaired/W4-20260930-IEEE-Q3-page-1.json,"When organizations fall victim to a cyberattack, it can have psychological consequences on employees, the IT department, and the relationship between them. Some prior studies investigated these effects. Still, the areas of trust and security-related stress remain largely unexplored, even though these two variables can have serious effects on IT security behavior and employee well-being. We conduct...Show More",
SD-RAW-0216,Blockchain-Based Human Resource Management System for Transparent Workforce Governance,Chandan Kumar Sharma; Rohit Gorle; Narendra Mangala; Atul Jindal; Ashok J; Suja Sundram,2026,2026 7th International Conference On Computational Vision and Bio Inspired Computing (ICCVBIC),https://ieeexplore.ieee.org/document/11689175/,Conference Paper,IEEE Xplore,IEEE-Q3,02_search_exports/repaired/W4-20260930-IEEE-Q3-page-1.json,"Traditional human resource management systems rely on centralised databases, making them vulnerable to data tampering, security breaches, limited transparency, and inefficient governance. To address these challenges, this paper proposes the Transparent Workforce Governance Blockchain Framework (TWGBF). This secure and decentralised HRM platform integrates permissioned blockchain, decentralised dig...Show More",
SD-RAW-0217,Building trust in business-to-business electronic marketplaces,Shan Wang,2008,"2008 IEEE International Conference on Service Operations and Logistics, and Informatics",https://ieeexplore.ieee.org/document/4686488/,Conference Paper,IEEE Xplore,IEEE-Q3,02_search_exports/repaired/W4-20260930-IEEE-Q3-page-1.json,"Although the concept of trust has been studied in many areas, the trust building strategies of business to business electronic marketplaces are not well studied. This paper analyzed the impact of B2B EMs on trust, and proposed a three dimensional trust building strategy for EMs, including inter-organizational trust between intermediaries and participants, between buyers and sellers, and man ...Show More",
SD-RAW-0218,The Role of Human-Centered Design in Strengthening Cybersecurity Awareness and Resilience,Shweta Bansal; Nitin Bhardwaj; M. Shamila; Pradyumna Kodgi; Yogesh Ramaswamy; Maddigatla Chandana,2026,2026 International Conference on Multidisciplinary Innovations For Smart & Sustainable Future (MISSF),https://ieeexplore.ieee.org/document/11521952/,Conference Paper,IEEE Xplore,IEEE-Q3,02_search_exports/repaired/W4-20260930-IEEE-Q3-page-1.json,"Cybersecurity events are increasingly failing, not technically speaking, but as a result of human judgement and psychological strain of interactions of a security-related character. In order to fill this gap, this paper presents the Cognitive-Behavioral Resonance Engine (CBRE) which is a sophisticated neuro-adaptive process that enhances user security response by promoting synchronous cognitive, b...Show More",
SD-RAW-0219,Secure and Usable Enterprise Authentication: Lessons from the Field,Mary Theofanos; Simson Garfinkel; Yee-Yin Choong,2016,IEEE Security & Privacy,https://ieeexplore.ieee.org/document/7676158/,Magazine,IEEE Xplore,IEEE-Q3,02_search_exports/repaired/W4-20260930-IEEE-Q3-page-1.json,"More than 5.4 million Personal Identity Verification (PIV) and Common Access Cards (CAC) have been deployed to US government employees and contractors. These cards allow physical access to federal facilities, but their use to authenticate logical access to government information systems is uneven, with deployment rates across agencies ranging from 0 to 95 percent. Surveys of US Departments o...Show More",
SD-RAW-0220,An Attribute Assurance Framework to Define and Match Trust in Identity Attributes,Ivonne Thomas; Christoph Meinel,2011,2011 IEEE International Conference on Web Services,https://ieeexplore.ieee.org/document/6009440/,Conference Paper,IEEE Xplore,IEEE-Q3,02_search_exports/repaired/W4-20260930-IEEE-Q3-page-1.json,"Identity federation denotes a concept for the controlled sharing of user authentication and user attributes between independent trust domains. Using WS-Federation, service providers and identity providers can set up a Circle of Trust, a so called federation, in which each member is willing to trust on assertions made by another partner. However, if a member has to rely on information received from...Show More",
SD-RAW-0221,Maturing e-Privacy with P3P and context agents,D. Jutla; Y. Zhang,2005,"2005 IEEE International Conference on e-Technology, e-Commerce and e-Service",https://ieeexplore.ieee.org/document/1402354/,Conference Paper,IEEE Xplore,IEEE-Q3,02_search_exports/repaired/W4-20260930-IEEE-Q3-page-1.json,"Mediating privacy mechanisms on the client-side aid in next generation e-transformation as they enhance users' perception of online trust in an organization. We propose a collaboration, between a context agent and a P3P agent, which results in the application of context-specific privacy rules during a user's electronic commerce transaction with an organization's Web site or Web service. The contex...Show More",
SD-RAW-0222,Bridging the Cloud Trust Gap: Using ORCON Policy to Manage Consumer Trust between Different Clouds,Stephen S. Kirkman; Richard Newman,2017,2017 IEEE International Conference on Edge Computing (EDGE),https://ieeexplore.ieee.org/document/8029260/,Conference Paper,IEEE Xplore,IEEE-Q3,02_search_exports/repaired/W4-20260930-IEEE-Q3-page-1.json,"If we send our data to the cloud, how do we know the cloud will not outsource our data to another cloud provider? We leverage the originator controlled access control policy (ORCON) which is originator focused and provides the opportunity to express consumer specific desires relating to our data in the cloud. We present a novel cloud trust policy framework which allows for the consumer to make mor...Show More",
SD-RAW-0223,Agentic Service-Oriented Computing: A Manifesto for the Next Frontier of Service-Oriented Computing,Amin Beheshti; Rong N. Chang; Boualem Benatallah; Fabio Casati; Schahram Dustdar; Geoffrey Fox; Quan Z. Sheng; Yan Wang; Jian Yang; Albert Zomaya,2026,2026 IEEE International Conference on Web Services (ICWS),https://ieeexplore.ieee.org/document/11670207/,Conference Paper,IEEE Xplore,IEEE-Q3,02_search_exports/repaired/W4-20260930-IEEE-Q3-page-1.json,"The rapid emergence of LLM-powered autonomous and semi-autonomous agents is reshaping software systems from static, request-response components into goal-directed, adaptive, and tool-using computational actors. As these agents move from isolated cognitive prototypes into complex distributed workflows, they confront challenges that the Service-Oriented Computing community has studied for more than ...Show More",
SD-RAW-0224,Identifying gaps in IT retail Information Security policy implementation processes,Ileen E. van Vuuren; Elmarie Kritzinger; Conrad Mueller,2015,2015 Second International Conference on Information Security and Cyber Forensics (InfoSec),https://ieeexplore.ieee.org/document/7435517/,Conference Paper,IEEE Xplore,IEEE-Q3,02_search_exports/repaired/W4-20260930-IEEE-Q3-page-1.json,"With a considerable amount of support in literature, there is no doubt that the human factor is a major weakness in preventing Information Security (IS) breaches. The retail industry is vulnerable to human inflicted breaches due to the fact that hackers rely on their victims' lack of security awareness, knowledge and understanding, security behavior and the organization's inadequate security measu...Show More",
SD-RAW-0225,Understanding User Trust and Expectations in Answerable Sociotechnical Systems,Dilara Keküllüoğlu; Yuqi Niu; Michael Rovatsos; Nadin Kökciyan,2025,IEEE Internet Computing,https://ieeexplore.ieee.org/document/11261668/,Magazine,IEEE Xplore,IEEE-Q3,02_search_exports/repaired/W4-20260930-IEEE-Q3-page-1.json,"Today, we see an increase in the number of systems where artificial intelligence and autonomous systems (AI/AS) are included in decision-making processes, even in high-stakes domains, such as health care. It is often not clear how to take responsibility appropriately and provide restitution when significant harms happen, especially when organizations use opaque AI/AS to make decisions. We focus on...Show More",
SD-RAW-0226,Do Citizens Trust in Public Institutions? An Overview of Trust in States and in Public Institutions,Csilla Ilona Mizser,2026,"2026 IEEE 13th International Joint Conference on Cybernetics and Computational Cybernetics, Cyber-Medical Systems (ICCC)",https://ieeexplore.ieee.org/document/11511603/,Conference Paper,IEEE Xplore,IEEE-Q3,02_search_exports/repaired/W4-20260930-IEEE-Q3-page-2.json,"Trust has a cohesive force, it is an organizing force, and counteracts disunity in organizations. It can provide a forum for common understanding and interpretation, and is suitable for remedying misunderstandings and misinterpretations. It is a supporting element in the interpretation of reality, which is a challenge of all times, especially with regard to states and public institutions. But why ...Show More",
SD-RAW-0227,SoK: Social Cybersecurity,Yuxi Wu; W. Keith Edwards; Sauvik Das,2022,2022 IEEE Symposium on Security and Privacy (SP),https://ieeexplore.ieee.org/document/9833757/,Conference Paper,IEEE Xplore,IEEE-Q3,02_search_exports/repaired/W4-20260930-IEEE-Q3-page-2.json,"We analyze prior work in social cybersecurity and present a structuring of this literature based on its pertinence to four S&P-relevant social behaviors: (1) negotiating access to shared resources, (2) shared and social authentication, (3) managing self-presentation, and (4) influencing others’ S&P behaviors. We further break down these domains into four scales of social distance—intimate, persona...Show More",
SD-RAW-0228,“Why Can't I Just Use a Username?” Understanding Why Users Struggle with Decentralized Messaging Applications,Tithi Saha; Md Ishmam Tasin; Ahad Mahjabin Jannat; Md Sadek Ferdous; Md Masum; Farida Chowdhury,2026,2026 IEEE International Conference on Decentralized Applications and Infrastructures (DAPPS),https://ieeexplore.ieee.org/document/11676606/,Conference Paper,IEEE Xplore,IEEE-Q3,02_search_exports/repaired/W4-20260930-IEEE-Q3-page-2.json,"With growing concerns over centralized server vulnerabilities, Decentralized Messaging Applications (DM-Apps) promise enhanced privacy and user control through peer-topeer networks or blockchain technology. However, despite these security advantages, limited research has examined the usability challenges and user acceptance barriers that prevent mainstream adoption. This work presents a mixed-meth...Show More",
SD-RAW-0229,Modeling Human Errors in Security Protocols,David Basin; Saa Radomirovic; Lara Schmid,2016,2016 IEEE 29th Computer Security Foundations Symposium (CSF),https://ieeexplore.ieee.org/document/7536385/,Conference Paper,IEEE Xplore,IEEE-Q3,02_search_exports/repaired/W4-20260930-IEEE-Q3-page-2.json,"Many security protocols involve humans, not machines, as endpoints. The differences are critical: humans are not only computationally weaker than machines, they are naive, careless, and gullible. In this paper, we provide a model for formalizing and reasoning about these inherent human limitations and their consequences. Specifically, we formalize models of fallible humans in security protocols as...Show More",
SD-RAW-0230,Citizen-Centric Cyber Hygiene: A Resilient Framework for Public Security Awareness in AI-Driven Smart Urban Environments,Ali Al Maqousi; Kashinath Basu,2026,2026 2nd International Conference on Computational Intelligence Approaches and Applications (ICCIAA),https://ieeexplore.ieee.org/document/11543883/,Conference Paper,IEEE Xplore,IEEE-Q3,02_search_exports/repaired/W4-20260930-IEEE-Q3-page-2.json,"AI-driven smart urban environments increasingly deliver mobility and utility services through public Wi-Fi, QR touchpoints, kiosks, and IoT-enabled interfaces. These brief, time-pressured interactions create an ambient, citizen-facing attack surface where social engineering and deceptive touchpoints—QR substitution, rogue access points, account takeover, and spoofed civic messages—can cause harm w...Show More",
SD-RAW-0231,Between Privacy and Transparency: Exploring the Ways of Communicating Credibility Assessment,Huiyun Tang; Björn Rohles; Yuwei Chuai; Gabriele Lenzini; Anastasia Sergeeva,2025,2025 European Symposium on Usable Security (EuroUSEC),https://ieeexplore.ieee.org/document/11300478/,Conference Paper,IEEE Xplore,IEEE-Q3,02_search_exports/repaired/W4-20260930-IEEE-Q3-page-2.json,"Reducing the spread of misinformation remains a complex problem, especially on encrypted social messaging platforms. AI-based fact-checking systems offer a promising alternative to manual verification, making faster and more scalable responses. However, how these systems communicate their findings to users is still an open design problem. Current approaches, such as binary warning labels, of...Show More",
SD-RAW-0232,A Simple and Robust End-to-End Encryption Architecture for Anonymous and Secure Whistleblowing,Hariharan Jayakrishnan; Ritwik Murali,2019,2019 Twelfth International Conference on Contemporary Computing (IC3),https://ieeexplore.ieee.org/document/8844917/,Conference Paper,IEEE Xplore,IEEE-Q3,02_search_exports/repaired/W4-20260930-IEEE-Q3-page-2.json,"Much has been mentioned about the importance of whistleblowing. While all organizations are recommended to have a whistleblowing mechanism, there are very few completely software-based platforms that assist in performing this task securely. The primary concerns are to ensure that the whistleblower remains anonymous and the disclosures are securely delivered to the competent authority, usuall...Show More",
SD-RAW-0233,Measuring and Benchmarking Incident Response Readiness,Muntathar Abid; Priyadarsi Nanda,2025,2025 European Symposium on Usable Security (EuroUSEC),https://ieeexplore.ieee.org/document/11300481/,Conference Paper,IEEE Xplore,IEEE-Q3,02_search_exports/repaired/W4-20260930-IEEE-Q3-page-2.json,"Small-to-medium enterprises (SMEs) remain disproportionately vulnerable to cyber incidents due to constrained resources and underdeveloped operational practices. While many maintain incident response plans (IRPs) to meet regulatory requirements, these plans are often untested and poorly integrated into operational workflows, resulting in delayed containment, unclear escalation, and inconsist...Show More",
SD-RAW-0234,Does Certificate Transparency Break the Web? Measuring Adoption and Error Rate,Emily Stark; Ryan Sleevi; Rijad Muminovic; Devon O'Brien; Eran Messeri; Adrienne Porter Felt; Brendan McMillion; Parisa Tabriz,2019,2019 IEEE Symposium on Security and Privacy (SP),https://ieeexplore.ieee.org/document/8835212/,Conference Paper,IEEE Xplore,IEEE-Q3,02_search_exports/repaired/W4-20260930-IEEE-Q3-page-2.json,"Certificate Transparency (CT) is an emerging system for enabling the rapid discovery of malicious or misissued certificates. Initially standardized in 2013, CT is now finally beginning to see widespread support. Although CT provides desirable security benefits, web browsers cannot begin requiring all websites to support CT at once, due to the risk of breaking large numbers of websites. We discuss ...Show More",
SD-RAW-0235,Secure and Efficient Mobile Personal Health Data Sharing in Resource Constrained Environments,Richard Ssembatya; Anne V.D.M. Kayem,2015,2015 IEEE 29th International Conference on Advanced Information Networking and Applications Workshops,https://ieeexplore.ieee.org/document/7096210/,Conference Paper,IEEE Xplore,IEEE-Q3,02_search_exports/repaired/W4-20260930-IEEE-Q3-page-2.json,"Although personal health record (PHR) systems are widely used in the developed world, little has been done to explore the utility of these PHR systems in the developing world. One of the key reasons behind this is the fact that a lot of areas in the developing world suffer from technological impediments that are a result of poor infrastructure, low literacy, intermittent power connectivity, and un...Show More",
SD-RAW-0236,BCG & ECG-based secure communication for medical devices in Body Area Networks,Nils Beck; Si Zuo; Stephan Sigg,2021,2021 IEEE International Conference on Pervasive Computing and Communications Workshops and other Affiliated Events (PerCom Workshops),https://ieeexplore.ieee.org/document/9430964/,Conference Paper,IEEE Xplore,IEEE-Q3,02_search_exports/repaired/W4-20260930-IEEE-Q3-page-2.json,"An increasing amount of medical devices, such as pacemakers or insulin pumps, can communicate in wireless Body Area Networks (BANs). While this facilitates the interaction between users and medical devices, something that was previously more complicated or - in the case of implanted devices - often impossible, it also raises security and privacy questions. We exploit the wide availability of balli...Show More",
SD-RAW-0237,"""Lying makes me look suspicious"": Users’ Perspectives and Analysis of Security Questions",Xin Sun; Kavous Salehzadeh Niksirat; Kévin Huguenin; Mohammad Mannan; Amr Youssef,2025,2025 European Symposium on Usable Security (EuroUSEC),https://ieeexplore.ieee.org/document/11300388/,Conference Paper,IEEE Xplore,IEEE-Q3,02_search_exports/repaired/W4-20260930-IEEE-Q3-page-2.json,"Despite recommendations from security authorities, such as those of the US NIST, against the use of security questions for online authentication, these methods are still used for login and account recovery processes. Although research on security questions has a long history, key gaps remain, particularly regarding user perceptions and the requirements used by websites for selecting and answ...Show More",
SD-RAW-0238,"PoPL: Proof-of-Presence and Locality, or How to Secure Financial Transactions on Your Smartphone",Yonas Leguesse; Christian Colombo; Mark Vella; Julio Hernandez-Castro,2021,IEEE Access,https://ieeexplore.ieee.org/document/9656899/,Journal Article,IEEE Xplore,IEEE-Q3,02_search_exports/repaired/W4-20260930-IEEE-Q3-page-2.json,"The security of financial apps on smartphones is threatened by a class of advanced and persistent malware that can bypass all existing security measures. Strong cryptography and trusted on-chip hardware modules are powerless against sophisticated attacks that supplant device owners through device input record/replay functionality, effectively hijacking their credentials, privileges, and actions. I...Show More",
SD-RAW-0239,When Security Meets Usability: A User-Centric Approach on a Crossroads Priority Problem,Christos A. Fidas; Artemios G. Voyiatzis; Nikolaos M. Avouris,2010,2010 14th Panhellenic Conference on Informatics,https://ieeexplore.ieee.org/document/5600454/,Conference Paper,IEEE Xplore,IEEE-Q3,02_search_exports/repaired/W4-20260930-IEEE-Q3-page-2.json,"Effective and efficient methodologies are essential for developing and maintaining information systems that are both secure and usable, especially in the case of Internet applications that require a combined effort from application, system, network, security, and human-computer interaction design areas. In this paper, we propose a user-centric approach towards achieving ""usable security"". As...Show More",
SD-RAW-0240,Improving the Robustness of Wireless Device Pairing Using Hyphen-Delimited Numeric Comparison,Ambarish Karole; Nitesh Saxena,2009,2009 International Conference on Network-Based Information Systems,https://ieeexplore.ieee.org/document/5349914/,Conference Paper,IEEE Xplore,IEEE-Q3,02_search_exports/repaired/W4-20260930-IEEE-Q3-page-2.json,"The operation of achieving authenticated key agreement between two human-operated mobile devices over a short range wireless communication channel, such as Bluetooth or Wi-Fi, is known as ""pairing."" The devices being paired are ad hoc in nature, i.e., they can not be assumed to have a prior context (such as pre-shared secrets) or a common trusted on- or off-line authority. However, the devic...Show More",
SD-RAW-0241,Confidante: Usable Encrypted Email: A Case Study with Lawyers and Journalists,Ada Lerner; Eric Zeng; Franziska Roesner,2017,2017 IEEE European Symposium on Security and Privacy (EuroS&P),https://ieeexplore.ieee.org/document/7961992/,Conference Paper,IEEE Xplore,IEEE-Q3,02_search_exports/repaired/W4-20260930-IEEE-Q3-page-2.json,"Email encryption tools remain underused, even by people who frequently conduct sensitive business over email, such as lawyers and journalists. Usable encrypted email has remained out of reach largely because key management and verification remain difficult. However, key management has evolved in the age of social media: Keybase is a service that allows users to cryptographically link public ...Show More",
SD-RAW-0242,Is FIDO2 Passwordless Authentication a Hype or for Real?: A Position Paper,Kemal Bicakci; Yusuf Uzunay,2022,2022 15th International Conference on Information Security and Cryptography (ISCTURKEY),https://ieeexplore.ieee.org/document/9931832/,Conference Paper,IEEE Xplore,IEEE-Q3,02_search_exports/repaired/W4-20260930-IEEE-Q3-page-2.json,"Operating system and browser support that comes with the FIDO2 standard and the biometric user verification options increasingly available on smart phones has excited everyone, especially big tech companies, about the passwordless future. Does a dream come true, are we finally totally getting rid of passwords? In this position paper, we argue that although passwordless authentication may be ...Show More",
SD-RAW-0243,Digital Assessment and Validation of Employee Motivation Factors in E-commerce Industry Using Blockchain-Based Trust Metrics,Sarabjit Kumar Saha; Pratima Verma; Akey Sungheetha; Hritika Bhagat,2025,"2025 2nd International Conference on New Frontiers in Communication, Automation, Management and Security (ICCAMS)",https://ieeexplore.ieee.org/document/11233880/,Conference Paper,IEEE Xplore,IEEE-Q3,02_search_exports/repaired/W4-20260930-IEEE-Q3-page-2.json,"This study investigates the impact of workplace recognition on employee motivation in the rapidly evolving e-commerce sector, particularly during pandemic conditions. Using a blockchain-based trust metric framework, we analyze data from 100 e-commerce professionals to evaluate motivation factors. Our findings reveal significant correlations between effective communication (r=0.65), recognition pro...Show More",
SD-RAW-0244,5 Security and Usability,,2015,User Requirements for Wireless,https://ieeexplore.ieee.org/document/9227548/,Book,IEEE Xplore,IEEE-Q3,02_search_exports/repaired/W4-20260930-IEEE-Q3-page-2.json,"In most IT system development processes, the identification or elicitation of user requirements is recognized as a key building block. In practice, the identification of user needs and wants is a challenge and inadequate or faulty identifications in this step of an IT system development can cause huge problems with the final product. The elicitation of user requirements as such changes according t...Show More",
SD-RAW-0245,Incorporating homomorphic encryption with hybrid numerical authentication for blind computer users,S. Shailesh; H. Muhammed Ilyas,2017,"2017 International Conference on Intelligent Computing, Instrumentation and Control Technologies (ICICICT)",https://ieeexplore.ieee.org/document/8342620/,Conference Paper,IEEE Xplore,IEEE-Q3,02_search_exports/repaired/W4-20260930-IEEE-Q3-page-2.json,"Current research on “Usable Security” provides security solutions designed without giving impotance to human disabilities. This paper focus on filling this void in the realm of blind or visually impaired computer users. More specifically, this work is towards developing an authentication technology, which is free from shoulder surfing and key board hacking suitable for the visually impaired ...Show More",
SD-RAW-0246,Distributed Ledger Fintech Systems for Improving Financial Transparency and Trust in Supply Chain Finance,Mohammed H M Qeshta; Ahmad Ali; Salma Al-Shammari; Khaled M Algraibeh,2026,2026 ASU International Conference in Emerging Technologies for Sustainability and Intelligent Systems (ICETSIS),https://ieeexplore.ieee.org/document/11549387/,Conference Paper,IEEE Xplore,IEEE-Q3,02_search_exports/repaired/W4-20260930-IEEE-Q3-page-2.json,"The growing use of FinTech based on blockchain solutions have gradually affected financial coordination mechanisms in supply chain finance networks where secure transaction verification, real-time visibility and records that cannot be changed have become essential to inter-organization collaboration. Risks related to supply chain finance systems include information asymmetry, slow verific...Show More",
SD-RAW-0247,Zero-Trust Healthcare Data Exchange Using Permissioned Blockchain,Neha Sharma; Anupam Tiwari; Harshendra Gite,2026,2026 22nd IEEE International Colloquium on Signal Processing & Its Applications (CSPA),https://ieeexplore.ieee.org/document/11517898/,Conference Paper,IEEE Xplore,IEEE-Q3,02_search_exports/repaired/W4-20260930-IEEE-Q3-page-2.json,"The secure and accountable exchange of healthcare data between organizational boundaries still represents a pressing concern due to the presence of insider threats, inherent trust models, and changing audit logs. Current security models based on the perimeter have failed to ensure continuous verification and accountable access within multistakeholder healthcare scenarios that involve various...Show More",
SD-RAW-0248,User-centered security: stepping up to the grand challenge,M.E. Zurko,2005,21st Annual Computer Security Applications Conference (ACSAC'05),https://ieeexplore.ieee.org/document/1565247/,Conference Paper,IEEE Xplore,IEEE-Q3,02_search_exports/repaired/W4-20260930-IEEE-Q3-page-2.json,"User-centered security has been identified as a grand challenge in information security and assurance. It is on the brink of becoming an established subdomain of both security and human/computer interface (HCI) research, and an influence on the product development lifecycle. Both security and HCI rely on the reality of interactions with users to prove the utility and validity of their work. As pra...Show More",
SD-RAW-0249,From “Available” to “Reusable”: Measuring Transparency and Reproducibility of Industrial Control System Datasets Under Security Artifact Evaluation Policies,Mohammad Einaam Alim; Tommy Morris,2026,2026 IEEE Symposium on Security and Privacy Workshops (SPW),https://ieeexplore.ieee.org/document/11573690/,Conference Paper,IEEE Xplore,IEEE-Q3,02_search_exports/repaired/W4-20260930-IEEE-Q3-page-2.json,"Industrial control system (ICS) and supervisory control and data acquisition (SCADA) datasets are widely used to evaluate anomaly detection and intrusion detection methods, yet many results that depend on these datasets are difficult to independently reproduce. The core issue is not only consistent file access, but the reconstruction of dataset semantics. System topology, clock synchronization, la...Show More",
SD-RAW-0250,,,2014,2014 IEEE 27th Computer Security Foundations Symposium,,Conference Paper,IEEE Xplore,IEEE-Q3,02_search_exports/repaired/W4-20260930-IEEE-Q3-page-2.json,,
SD-RAW-0251,"Zero trust architecture for industry 5.0 and industrial IoT: A systematic review, taxonomy, and research roadmap",Ali Akhmetkaliyev; Mohammed Alaa Ala’anzy; Saleh Musleh; Abstract; Graphical Abstract; Export,2026,Computer Networks,https://www.sciencedirect.com/science/article/pii/S1389128626007073,Review article,ScienceDirect,SD-Q1,02_search_exports/repaired/W4-20260930-ScienceDirect-Q1.json,,
SD-RAW-0252,A lightweight zero-trust architecture for dynamic train-centric networks using decentralized identity and reputation-aware consensus,Yuming Fan; Jian Wang; Xiaoping Ma; View PDF; Abstract; Export,2026,High-speed Railway,https://www.sciencedirect.com/science/article/pii/S2949867826000486,Research articleOpen access,ScienceDirect,SD-Q1,02_search_exports/repaired/W4-20260930-ScienceDirect-Q1.json,,
SD-RAW-0253,IPO-ZTA: An Intelligent Policy Orchestration Zero Trust Architecture for B5G and 6G,Yulong Fu; Yuanqi Xie; Hui Li; Abstract; Export,2025,Computer Networks,https://www.sciencedirect.com/science/article/pii/S1389128625004177,Research article,ScienceDirect,SD-Q1,02_search_exports/repaired/W4-20260930-ScienceDirect-Q1.json,,
SD-RAW-0254,A prototype model of zero trust architecture blockchain with EigenTrust-based practical Byzantine fault tolerance protocol to manage decentralized clinical trials,Ashok Kumar Peepliwal; Hari Mohan Pandey; Anand A. Mahajan; View PDF; Abstract; Export,2024,Blockchain: Research and Applications,https://www.sciencedirect.com/science/article/pii/S2096720924000459,Research articleOpen access,ScienceDirect,SD-Q1,02_search_exports/repaired/W4-20260930-ScienceDirect-Q1.json,,
SD-RAW-0255,A continuous authentication scheme for zero-trust architecture in industrial internet of things,Tao Wan; Buhai Shi; Huan Wang; View PDF; Abstract; Export,2025,Alexandria Engineering Journal,https://www.sciencedirect.com/science/article/pii/S111001682500300X,Research articleOpen access,ScienceDirect,SD-Q1,02_search_exports/repaired/W4-20260930-ScienceDirect-Q1.json,,
SD-RAW-0256,"Intelligent zero trust architecture for 5G/6G networks: Principles, challenges, and the role of machine learning in the context of O-RAN",Keyvan Ramezanpour; Jithin Jagannath; Abstract; Export,2022,Computer Networks,https://www.sciencedirect.com/science/article/pii/S1389128622003929,Review article,ScienceDirect,SD-Q1,02_search_exports/repaired/W4-20260930-ScienceDirect-Q1.json,,
SD-RAW-0257,Bridging the Zero Trust Gap: A Knowledge Management Approach to Business Data Protection,Mona A. Mohamed; Beenish M. Chaudhry; Kevin J. O’Sullivan; View PDF; Abstract; Export,,Procedia Computer Science,https://www.sciencedirect.com/science/article/pii/S1877050926006204,Research articleOpen access,ScienceDirect,SD-Q1,02_search_exports/repaired/W4-20260930-ScienceDirect-Q1.json,,
SD-RAW-0258,LCDA: Lightweight Continuous Device-to-Device Authentication for a Zero Trust Architecture (ZTA),Syed W. Shah; Naeem F. Syed; Robin Doss; Abstract; Export,2021,Computers & Security,https://www.sciencedirect.com/science/article/pii/S0167404821001759,Research article,ScienceDirect,SD-Q1,02_search_exports/repaired/W4-20260930-ScienceDirect-Q1.json,,
SD-RAW-0259,Stability-aware evaluation of Zero Trust enforcement semantics: A microgrid-based cyber–physical system case study,Hossein Abroshan; Martin Barrere; View PDF; Abstract; Export,2026,Array,https://www.sciencedirect.com/science/article/pii/S2590005626003735,Research articleOpen access,ScienceDirect,SD-Q1,02_search_exports/repaired/W4-20260930-ScienceDirect-Q1.json,,
SD-RAW-0260,"Integrating AI, Blockchain, and Edge Computing for Zero-Trust IoT Security: A Comprehensive Review of Advanced Cybersecurity Framework",Inam Ullah Khan; Fida Muhammad Khan; Fahad Alturise; Abstract; Export,2025,"Computers, Materials and Continua",https://www.sciencedirect.com/science/article/pii/S1546221825009725,Review articleOpen access,ScienceDirect,SD-Q1,02_search_exports/repaired/W4-20260930-ScienceDirect-Q1.json,,
SD-RAW-0261,AI-driven zero trust and blockchain framework for secure electric vehicle infrastructure,Clement Daah; Ysabel Fallot; Savas Konur; View PDF; Abstract; Export,2026,Expert Systems with Applications,https://www.sciencedirect.com/science/article/pii/S0957417426004902,Research articleOpen access,ScienceDirect,SD-Q1,02_search_exports/repaired/W4-20260930-ScienceDirect-Q1.json,,
SD-RAW-0262,Securing enterprise communications: Human-centric practices and emerging research,Guillermo Cotrina Cuenca; Alberto Peinado Domínguez; View PDF; Abstract; Export,2026,Computers & Security,https://www.sciencedirect.com/science/article/pii/S0167404826001306,Research articleOpen access,ScienceDirect,SD-Q1,02_search_exports/repaired/W4-20260930-ScienceDirect-Q1.json,,
SD-RAW-0263,Conventional and Zero Trust Security Measures for Precision Agriculture Devices: the mySense’s VineInspector Case-study,Luís Carvalho; Telmo Adão; Emanuel Peres; View PDF; Abstract; Export,,Procedia Computer Science,https://www.sciencedirect.com/science/article/pii/S1877050925004752,Research articleOpen access,ScienceDirect,SD-Q1,02_search_exports/repaired/W4-20260930-ScienceDirect-Q1.json,,
SD-RAW-0264,Industry 4.0 crime scene investigation: A review and zero-trust digital forensic architecture for evidence integrity,Hitesh Bhatt; Neetu Banduni; Anil Ghubade; View PDF; Abstract; Export,2026,Forensic Science International: Reports,https://www.sciencedirect.com/science/article/pii/S2665910726000654,Review articleOpen access,ScienceDirect,SD-Q1,02_search_exports/repaired/W4-20260930-ScienceDirect-Q1.json,,
SD-RAW-0265,Blockchain-based zero-trust continuous authentication scheme for medical IoT,Ziwen Wang; Yajun Guo; Yimin Guo; Abstract; Export,2026,Journal of Parallel and Distributed Computing,https://www.sciencedirect.com/science/article/pii/S0743731526001115,Research article,ScienceDirect,SD-Q1,02_search_exports/repaired/W4-20260930-ScienceDirect-Q1.json,,
SD-RAW-0266,Consistency control method for intelligent connected vehicle platoon based on dynamic trust evaluation under the zero-trust framework,Darong Huang; Yibo Bao; Zhongmei Li; Abstract; Export,2025,"Chaos, Solitons & Fractals",https://www.sciencedirect.com/science/article/pii/S0960077925010379,Research article,ScienceDirect,SD-Q1,02_search_exports/repaired/W4-20260930-ScienceDirect-Q1.json,,
SD-RAW-0267,Physics-informed zero-trust digital twins for resilient and safe cloud-controlled unmanned aerial vehicles under cyber-physical attacks,Yasir Ali; Tayyab Manzoor; Yuanqing Xia; Abstract; Export,2027,Reliability Engineering & System Safety,https://www.sciencedirect.com/science/article/pii/S0951832026011117,Research article,ScienceDirect,SD-Q1,02_search_exports/repaired/W4-20260930-ScienceDirect-Q1.json,,
SD-RAW-0268,Towards zero trust security in connected vehicles: A comprehensive survey,Malak Annabi; Abdelhafid Zeroual; Nadhir Messai; Abstract; Export,2024,Computers & Security,https://www.sciencedirect.com/science/article/pii/S0167404824003237,Review article,ScienceDirect,SD-Q1,02_search_exports/repaired/W4-20260930-ScienceDirect-Q1.json,,
SD-RAW-0269,Implementing zero trust security with dual fuzzy methodology for trust-aware authentication and task offloading in Multi-access Edge Computing,Belal Ali; Mark A. Gregory; Omar Amjad Dib; View PDF; Abstract; Export,2024,Computer Networks,https://www.sciencedirect.com/science/article/pii/S138912862400029X,Research articleOpen access,ScienceDirect,SD-Q1,02_search_exports/repaired/W4-20260930-ScienceDirect-Q1.json,,
SD-RAW-0270,Governing the human-machine identity continuum: An integrated framework for cybersecurity risk management in financial services,Muez Osman; Abstract; Export,2026,Computers & Security,https://www.sciencedirect.com/science/article/pii/S0167404826002142,Research article,ScienceDirect,SD-Q1,02_search_exports/repaired/W4-20260930-ScienceDirect-Q1.json,,
SD-RAW-0271,Zero Trust-based preventative detection of vulnerabilities for IoT-based precision agriculture: a case-study on the mySense platform,Rafael Ferreira; Telmo Adão; Emanuel Peres; View PDF; Abstract; Export,,Procedia Computer Science,https://www.sciencedirect.com/science/article/pii/S1877050925004776,Research articleOpen access,ScienceDirect,SD-Q1,02_search_exports/repaired/W4-20260930-ScienceDirect-Q1.json,,
SD-RAW-0272,ZeroVCS: An efficient authentication protocol without trusted authority for zero-trust vehicular communication systems,Prasanta Kumar Roy; Pankaj Kumar; Ansuman Bhattacharya; Abstract; Export,2025,Future Generation Computer Systems,https://www.sciencedirect.com/science/article/pii/S0167739X24004849,Research article,ScienceDirect,SD-Q1,02_search_exports/repaired/W4-20260930-ScienceDirect-Q1.json,,
SD-RAW-0273,"BQLLDA: A blockchain, Q-learning, and hybrid post-quantum cryptography-driven adaptive framework with consensus-based trust management to mitigate zero-trust link discovery attacks in SDVNs",Patikiri Arachchige Don Shehan Nilmantha Wijesekara; Geeth Priyankara Wijesiri; Abstract; Export,2026,Computer Networks,https://www.sciencedirect.com/science/article/pii/S1389128626005864,Research article,ScienceDirect,SD-Q1,02_search_exports/repaired/W4-20260930-ScienceDirect-Q1.json,,
SD-RAW-0274,SIoV-IDS: SDN-enabled zero-trust framework for explainable intrusion detection in IoVs using Variational Autoencoders and EX-LSTM,Muddasar Laghari; Yuanchang Zhong; Muhammad Adil; Abstract; Export,2026,Journal of Network and Computer Applications,https://www.sciencedirect.com/science/article/pii/S1084804525002863,Research article,ScienceDirect,SD-Q1,02_search_exports/repaired/W4-20260930-ScienceDirect-Q1.json,,
SD-RAW-0275,Zero trust anonymous access algorithm for multi cloud storage system based on CP-ABE,Jun Tian; View PDF; Abstract; Export,2025,Egyptian Informatics Journal,https://www.sciencedirect.com/science/article/pii/S111086652500074X,Research articleOpen access,ScienceDirect,SD-Q1,02_search_exports/repaired/W4-20260930-ScienceDirect-Q1.json,,
SD-RAW-0276,Personalized device authentication scheme using Q-learning-based decision-making with the aid of transfer fuzzy learning for IIoT devices in zero trust network (PDA-QLTFL),Anamika Singh; Rajesh Kumar Dhanaraj; Anupam Kumar Sharma; Abstract; Export,2024,Computers and Electrical Engineering,https://www.sciencedirect.com/science/article/pii/S004579062400363X,Research article,ScienceDirect,SD-Q1,02_search_exports/repaired/W4-20260930-ScienceDirect-Q1.json,,
SD-RAW-0277,Transfer Fuzzy Learning enabled Streebog Cryptographic Substitution Permutation based zero trust security in IIOT,Anamika Singh; Rajesh Kumar Dhanaraj; Meshal Alharbi; View PDF; Abstract; Export,2023,Alexandria Engineering Journal,https://www.sciencedirect.com/science/article/pii/S1110016823007779,Research articleOpen access,ScienceDirect,SD-Q1,02_search_exports/repaired/W4-20260930-ScienceDirect-Q1.json,,
SD-RAW-0278,Zero trust-based authentication for Inter-Satellite Links in NextGen Low Earth Orbit networks,Kerry Anne Farrea; Zubair Baig; Dongxi Liu; View PDF; Abstract; Graphical Abstract; Export,2025,Ad Hoc Networks,https://www.sciencedirect.com/science/article/pii/S1570870525000654,Research articleOpen access,ScienceDirect,SD-Q1,02_search_exports/repaired/W4-20260930-ScienceDirect-Q1.json,,
SD-RAW-0279,A zero trust and blockchain-based defense model for smart electric vehicle chargers,Peirong Li; Wei Ou; Guang Zeng; View PDF; Abstract; Graphical Abstract; Export,2023,Journal of Network and Computer Applications,https://www.sciencedirect.com/science/article/pii/S1084804523000188,Research articleOpen access,ScienceDirect,SD-Q1,02_search_exports/repaired/W4-20260930-ScienceDirect-Q1.json,,
SD-RAW-0280,Design and experimental validation of a secure remote access architecture for cyber-resilient smart ships,Jeoungkyu Lim; Yunja Yoo; Abstract; Export,2026,International Journal of Critical Infrastructure Protection,https://www.sciencedirect.com/science/article/pii/S187454822600051X,Research article,ScienceDirect,SD-Q1,02_search_exports/repaired/W4-20260930-ScienceDirect-Q1.json,,
SD-RAW-0281,Chapter 17: Blockchain for secure data sharing in zero-trust human digital twin systems,Samuel D. Okegbile; Jun Cai; Changyan Yi; Abstract; Export,,Blockchain and Digital Twin for Smart Hospitals,https://www.sciencedirect.com/science/article/pii/B9780443342264000186,Book chapter,ScienceDirect,SD-Q1,02_search_exports/repaired/W4-20260930-ScienceDirect-Q1.json,,
SD-RAW-0282,AI-optimized elliptic curve with Certificate-Less Digital Signature for zero trust maritime security,Mohammed Al-Khalidi; Rabab Al-Zaidi; Ali Kashif Bashir; View PDF; Abstract; Export,2025,Ad Hoc Networks,https://www.sciencedirect.com/science/article/pii/S1570870524002804,Research articleOpen access,ScienceDirect,SD-Q1,02_search_exports/repaired/W4-20260930-ScienceDirect-Q1.json,,
SD-RAW-0283,A federated learning-based zero trust intrusion detection system for Internet of Things,Danish Javeed; Muhammad Shahid Saeed; Alireza Jolfaei; View PDF; Abstract; Export,2024,Ad Hoc Networks,https://www.sciencedirect.com/science/article/pii/S1570870524001513,Research articleOpen access,ScienceDirect,SD-Q1,02_search_exports/repaired/W4-20260930-ScienceDirect-Q1.json,,
SD-RAW-0284,A novel zero-trust network access control scheme based on the security profile of devices and users,P. García-Teodoro; J. Camacho; V. J. López-Marín; Abstract; Export,2022,Computer Networks,https://www.sciencedirect.com/science/article/pii/S1389128622002109,Research article,ScienceDirect,SD-Q1,02_search_exports/repaired/W4-20260930-ScienceDirect-Q1.json,,
SD-RAW-0285,"Security and privacy in multi-cloud and hybrid cloud environments: Challenges, strategies, and future directions",Sijjad Ali; Dhani Bux Talpur; Asadullah Shah; Abstract; Export,2025,Computers & Security,https://www.sciencedirect.com/science/article/pii/S0167404825002883,Review article,ScienceDirect,SD-Q1,02_search_exports/repaired/W4-20260930-ScienceDirect-Q1.json,,
SD-RAW-0286,ZTE-FL: Dual-layer trust aggregation for secure federated learning in IIoT,Abin Kumbalapalliyil Tom; Md Whaiduzzaman; Tony Jan; View PDF; Abstract; Export,2026,Internet of Things,https://www.sciencedirect.com/science/article/pii/S2542660526001757,Research articleOpen access,ScienceDirect,SD-Q1,02_search_exports/repaired/W4-20260930-ScienceDirect-Q1.json,,
SD-RAW-0287,Cybersecurity of remote work migration: A study on the VPN security landscape post Covid-19 outbreak,Kushtrim Qollakaj; Lukas Einler Larsson; Suejb Memeti; View PDF; Abstract; Export,2025,Array,https://www.sciencedirect.com/science/article/pii/S2590005625000645,Research articleOpen access,ScienceDirect,SD-Q1,02_search_exports/repaired/W4-20260930-ScienceDirect-Q1.json,,
SD-RAW-0288,Residual network-based authentication scheme with cooperative weight sharing for the Internet of Vehicles,Xiaoying Qiu; Xujie He; Maozhi Xu; Abstract; Export,2026,Computer Networks,https://www.sciencedirect.com/science/article/pii/S1389128626006390,Research article,ScienceDirect,SD-Q1,02_search_exports/repaired/W4-20260930-ScienceDirect-Q1.json,,
SD-RAW-0289,"9: Zero Trust networks, the concepts, the strategies, and the reality",David Allan Eric Haddon; Abstract; Export,,"Strategy, Leadership, and AI in the Cyber Ecosystem",https://www.sciencedirect.com/science/article/pii/B978012821442800001X,Book chapter,ScienceDirect,SD-Q1,02_search_exports/repaired/W4-20260930-ScienceDirect-Q1.json,,
SD-RAW-0290,Who should do what to help mitigate cyber threats in health care: narrative review of practical approaches and actionable recommendations,Hrvoje Belani; Kristina Fišter; Abstract; Export,2025,International Journal of Health Governance,https://www.sciencedirect.com/science/article/pii/S2059463125000040,Research articleOpen access,ScienceDirect,SD-Q1,02_search_exports/repaired/W4-20260930-ScienceDirect-Q1.json,,
SD-RAW-0291,Low storage and fast single-server private information retrieval with sublinear server computation for intelligent medical care,Leyou Zhang; Yuqi Jia; Qing Wu; Abstract; Export,2026,Knowledge-Based Systems,https://www.sciencedirect.com/science/article/pii/S0950705125021744,Research article,ScienceDirect,SD-Q1,02_search_exports/repaired/W4-20260930-ScienceDirect-Q1.json,,
SD-RAW-0292,Chapter 8: Future trends and emerging technologies in IoT security,Muhammad Farhan; Rana Muhammad Amir Latif; Muhammad Rehan Naeem; Abstract; Export,,Edge Intelligence,https://www.sciencedirect.com/science/article/pii/B9780443382970000143,Book chapter,ScienceDirect,SD-Q1,02_search_exports/repaired/W4-20260930-ScienceDirect-Q1.json,,
SD-RAW-0293,A dependency-aware evaluation of IAM configuration strategies in maritime critical infrastructure using Fuzzy DEMATEL–ANP,Murat Koca; Abstract; Export,2026,International Journal of Critical Infrastructure Protection,https://www.sciencedirect.com/science/article/pii/S1874548226000764,Research article,ScienceDirect,SD-Q1,02_search_exports/repaired/W4-20260930-ScienceDirect-Q1.json,,
SD-RAW-0294,Identifying and mitigating cybersecurity risks in residential demand response for smart grids in Sub-Saharan Africa,Timothy King Avordeh; Daniel Ofori-Boateng; Abstract; Export,2026,Utilities Policy,https://www.sciencedirect.com/science/article/pii/S0957178726000822,Research article,ScienceDirect,SD-Q1,02_search_exports/repaired/W4-20260930-ScienceDirect-Q1.json,,
SD-RAW-0295,Reinforcing aircraft network security using YARA rules and machine learning for cyber threat detection and prevention,Aishwarya Girish Menon; Sushma E.; Indu Radhakrishnan; Abstract; Export,2026,Journal of Network and Computer Applications,https://www.sciencedirect.com/science/article/pii/S1084804526001347,Research article,ScienceDirect,SD-Q1,02_search_exports/repaired/W4-20260930-ScienceDirect-Q1.json,,
SD-RAW-0296,Chapter 10: 6G network security,Alexander Schwankner; Kamyar Abedi; Gabi Dreo Rodosek; Abstract; Export,,6G-life,https://www.sciencedirect.com/science/article/pii/B9780443274107000223,Book chapter,ScienceDirect,SD-Q1,02_search_exports/repaired/W4-20260930-ScienceDirect-Q1.json,,
SD-RAW-0297,Chapter 15: Fog computing for Digital Twin power grids,Amit Kumar Tyagi; Saurabh Singhal; Avinash Kumar Sharma; Abstract; Export,,Digital Twin Technology and Smart Grid,https://www.sciencedirect.com/science/article/pii/B9780443366642000071,Book chapter,ScienceDirect,SD-Q1,02_search_exports/repaired/W4-20260930-ScienceDirect-Q1.json,,
SD-RAW-0298,Chapter 4: Quantum cybersecurity in IIoT-based power grids,Mahmoud Ahmad Al-Khasawneh; R. Gopal; Deepa Mallika Muthiah; Abstract; Export,,Quantum Cryptography and Annealing for Securing Industrial IoT,https://www.sciencedirect.com/science/article/pii/B9780443383496000105,Book chapter,ScienceDirect,SD-Q1,02_search_exports/repaired/W4-20260930-ScienceDirect-Q1.json,,
SD-RAW-0299,Cybersecurity imperatives in modern healthcare systems: Navigating digital transformation challenges and emerging solutions,Adeyinka Ojo; Ajibola Yusuff; David Bamidele Olawade; View PDF; Abstract; Export,2026,Intelligent Hospital,https://www.sciencedirect.com/science/article/pii/S3050837126000639,Review articleOpen access,ScienceDirect,SD-Q1,02_search_exports/repaired/W4-20260930-ScienceDirect-Q1.json,,
SD-RAW-0300,Chapter 3: Quantum AI's health data security and governance: Safe and fair?,Dominique J Monlezun; Abstract; Export,,Quantum Health AI,https://www.sciencedirect.com/science/article/pii/B9780443333538000060,Book chapter,ScienceDirect,SD-Q1,02_search_exports/repaired/W4-20260930-ScienceDirect-Q1.json,,
SD-RAW-0301,Three-layer Gateway-Centric Hardening for Course Registration System based on Microservices Architecture,Minh Quan Bui; Van Long Nguyen Huu; View PDF; Abstract; Export,,Procedia Computer Science,https://www.sciencedirect.com/science/article/pii/S1877050926014547,Research articleOpen access,ScienceDirect,SD-Q1,02_search_exports/repaired/W4-20260930-ScienceDirect-Q1.json,,
SD-RAW-0302,"Beyond 5G: PHWAN – A secure, low-latency, and cost-effective framework for Industry 4.0 smart manufacturing",Nurzati Iwani Othman; Hassan Jamil Syed; Ahmad Fadzil Ismail; View PDF; Abstract; Export,2026,Egyptian Informatics Journal,https://www.sciencedirect.com/science/article/pii/S111086652500252X,Research articleOpen access,ScienceDirect,SD-Q1,02_search_exports/repaired/W4-20260930-ScienceDirect-Q1.json,,
SD-RAW-0303,A comprehensive literature review of cyber threats and vulnerabilities in IoT-driven satellite networks: Research challenges and future directions,Tatyana Stojnic; A. S. M. Kayes; Mohammad Jabed Morshed Chowdhury; View PDF; Abstract; Export,2025,Computer Networks,https://www.sciencedirect.com/science/article/pii/S1389128625006450,Review articleOpen access,ScienceDirect,SD-Q1,02_search_exports/repaired/W4-20260930-ScienceDirect-Q1.json,,
SD-RAW-0304,Chapter 7: Intelligent access control mechanisms in cybersecurity: A technique for health data security,Raj Kishor Verma; Abstract; Export,,AI-Driven Cybersecurity for Intelligent Healthcare Systems,https://www.sciencedirect.com/science/article/pii/B978044327761000010X,Book chapter,ScienceDirect,SD-Q1,02_search_exports/repaired/W4-20260930-ScienceDirect-Q1.json,,
SD-RAW-0305,Port-Based Pre-Authentication Message Transmission Scheme,Sunghyun Yu; Yoojae Won; Abstract; Export,2025,CMES - Computer Modeling in Engineering and Sciences,https://www.sciencedirect.com/science/article/pii/S1526149225001821,Research articleOpen access,ScienceDirect,SD-Q1,02_search_exports/repaired/W4-20260930-ScienceDirect-Q1.json,,
SD-RAW-0306,Cybersecurity for smart and resilient manufacturing and supply chains: A systematic review of the evolving knowledge base,Krystel K. Castillo-Villar; Huijuan Dai; Hamed Mehrzadi; View PDF; Abstract; Graphical Abstract; Export,2026,Computers & Industrial Engineering,https://www.sciencedirect.com/science/article/pii/S0360835226004456,Research articleOpen access,ScienceDirect,SD-Q1,02_search_exports/repaired/W4-20260930-ScienceDirect-Q1.json,,
SD-RAW-0307,"Cybersecurity Digital Twins: Concept, blueprint, and challenges for multi-ownership digital service chains",M. Repetto; View PDF; Abstract; Graphical Abstract; Export,2026,Journal of Information Security and Applications,https://www.sciencedirect.com/science/article/pii/S2214212625003369,Research articleOpen access,ScienceDirect,SD-Q1,02_search_exports/repaired/W4-20260930-ScienceDirect-Q1.json,,
SD-RAW-0308,Chapter 3: Security considerations in an energy-efficient super-smart city,Hossein Abdi; Hamed Nozari; Abstract; Export,,Energy-Efficient Transformative Technologies for Data-Driven Smart Cities,https://www.sciencedirect.com/science/article/pii/B9780443276187000108,Book chapter,ScienceDirect,SD-Q1,02_search_exports/repaired/W4-20260930-ScienceDirect-Q1.json,,
SD-RAW-0309,Enhancing IoT security: Assessing instantaneous communication trust to detect man-in-the-middle attacks,Rabeya Basri; Gour Karmakar; Muhammad Usman; View PDF; Abstract; Export,2025,Future Generation Computer Systems,https://www.sciencedirect.com/science/article/pii/S0167739X25000093,Research articleOpen access,ScienceDirect,SD-Q1,02_search_exports/repaired/W4-20260930-ScienceDirect-Q1.json,,
SD-RAW-0310,A Secure Data E-Governance for Healthcare Application in Cyber Physical Systems,Geetanjali Rathee; Hemraj Saini; Mohammad Mehedi Hassan; Abstract; Export,2024,International Journal on Semantic Web and Information Systems,https://www.sciencedirect.com/science/article/pii/S1552628324000759,,ScienceDirect,SD-Q1,02_search_exports/repaired/W4-20260930-ScienceDirect-Q1.json,,
SD-RAW-0311,Multi-source heterogeneous data access management framework and key technologies for electric power Internet of Things,Pengtian Guo; Kai Xiao; Daoxing Li; View PDF; Abstract; Export,2024,Global Energy Interconnection,https://www.sciencedirect.com/science/article/pii/S2096511724000094,Research articleOpen access,ScienceDirect,SD-Q1,02_search_exports/repaired/W4-20260930-ScienceDirect-Q1.json,,
SD-RAW-0312,Machine learning based deep job exploration and secure transactions in virtual private cloud systems,S. Rajasoundaran; A. V. Prabu; Uttam Ghosh; Abstract; Export,2021,Computers & Security,https://www.sciencedirect.com/science/article/pii/S0167404821002030,Research article,ScienceDirect,SD-Q1,02_search_exports/repaired/W4-20260930-ScienceDirect-Q1.json,,
SD-RAW-0313,Digital twin technology in smart cities: A step toward intelligent urban management,Mourad Yessef; Youness Hakam; Zakaria M. S. Elbarbary; View PDF; Abstract; Export,2025,Energy Reports,https://www.sciencedirect.com/science/article/pii/S2352484725007127,Review articleOpen access,ScienceDirect,SD-Q1,02_search_exports/repaired/W4-20260930-ScienceDirect-Q1.json,,
SD-RAW-0314,"Towards secure intelligent O-RAN architecture: Vulnerabilities, threats and promising technical solutions using LLMs",Mojdeh Karbalaee Motalleb; Chafika Benzaid; Jaeho Kim; View PDF; Abstract; Export,2026,Digital Communications and Networks,https://www.sciencedirect.com/science/article/pii/S2352864825000653,Research articleOpen access,ScienceDirect,SD-Q1,02_search_exports/repaired/W4-20260930-ScienceDirect-Q1.json,,
SD-RAW-0315,Chapter 10: Secure distributed machine learning for edge computing,Ruduan Benjamin Franklin Plug; Samson Yohannes Amare; Mirjam van Reisen; Abstract; Export,,Cybersecurity Defensive Walls in Edge Computing,https://www.sciencedirect.com/science/article/pii/B9780443341090000012,Book chapter,ScienceDirect,SD-Q1,02_search_exports/repaired/W4-20260930-ScienceDirect-Q1.json,,
SD-RAW-0316,Investigating inference attack vulnerabilities in Biba integrity-based enterprise security architecture,Dominic Ayamga; Priyadarsi Nanda; Manoranjan Mohanty; View PDF; Abstract; Graphical Abstract; Export,2026,Journal of Information Security and Applications,https://www.sciencedirect.com/science/article/pii/S2214212626002139,Research articleOpen access,ScienceDirect,SD-Q1,02_search_exports/repaired/W4-20260930-ScienceDirect-Q1.json,,
SD-RAW-0317,EdgeGuard-IoT: 6G-Enabled Edge Intelligence for Secure Federated Learning and Adaptive Anomaly Detection in Industry 5.0,Mohammed Naif Alatawi; Abstract; Export,2025,"Computers, Materials and Continua",https://www.sciencedirect.com/science/article/pii/S1546221825008148,Research articleOpen access,ScienceDirect,SD-Q1,02_search_exports/repaired/W4-20260930-ScienceDirect-Q1.json,,
SD-RAW-0318,Secure and Differentially Private Edge-Cloud Federated Learning Framework for Privacy-Preserving Maritime AIS Intelligence,Abuzar Khan; Abid Iqbal; Sajid Iqbal; Abstract; Export,,"Computers, Materials and Continua",https://www.sciencedirect.com/science/article/pii/S1546221826003929,Research articleOpen access,ScienceDirect,SD-Q1,02_search_exports/repaired/W4-20260930-ScienceDirect-Q1.json,,
SD-RAW-0319,"NextGenV2V: Authenticated V2V communication for next generation vehicular network using (2, n)-threshold scheme",Pankaj Kumar; Hari Om; Abstract; Export,2024,Computer Communications,https://www.sciencedirect.com/science/article/pii/S014036642300405X,Research article,ScienceDirect,SD-Q1,02_search_exports/repaired/W4-20260930-ScienceDirect-Q1.json,,
SD-RAW-0320,LWO vs. LWE Lattice Problems in Human-Computable Passwords Protocol,Sławomir Matelski; View PDF; Abstract; Export,,Procedia Computer Science,https://www.sciencedirect.com/science/article/pii/S1877050923016095,Research articleOpen access,ScienceDirect,SD-Q1,02_search_exports/repaired/W4-20260930-ScienceDirect-Q1.json,,
SD-RAW-0321,Enhancing Ransomware Resilience in Cloud-Based HR Systems through Moving Target Defense,Jay Barach; Abstract; Export,2025,"Computers, Materials and Continua",https://www.sciencedirect.com/science/article/pii/S1546221825011981,Research articleOpen access,ScienceDirect,SD-Q1,02_search_exports/repaired/W4-20260930-ScienceDirect-Q1.json,,
SD-RAW-0322,Chapter 1: Automation and digital transformation—General,Swapan Basu; Abstract; Export,,Plant Intelligent Automation and Digital Transformation,https://www.sciencedirect.com/science/article/pii/B9780128244579000145,Book chapter,ScienceDirect,SD-Q1,02_search_exports/repaired/W4-20260930-ScienceDirect-Q1.json,,
SD-RAW-0323,HFLMND: Toward robust and efficient hierarchical federated learning via malicious node detection,Qinglin Bi; Lina Ge; Wenbo Lin; Abstract; Export,2026,Knowledge-Based Systems,https://www.sciencedirect.com/science/article/pii/S0950705126000146,Research article,ScienceDirect,SD-Q1,02_search_exports/repaired/W4-20260930-ScienceDirect-Q1.json,,
SD-RAW-0324,Chapter 59: Virtual Private Networks,Jim Harmening; Abstract; Export,2025,Computer and Information Security Handbook (Fourth Edition),https://www.sciencedirect.com/science/article/pii/B978044313223000059X,Book chapter,ScienceDirect,SD-Q1,02_search_exports/repaired/W4-20260930-ScienceDirect-Q1.json,,
SD-RAW-0325,Insider Threats to the Military Health System: A Systematic Background Check of TRICARE West Providers,David Bychkov; Abstract; Export,,JMIRx Med,https://www.sciencedirect.com/science/article/pii/S2563631624000281,Research articleOpen access,ScienceDirect,SD-Q1,02_search_exports/repaired/W4-20260930-ScienceDirect-Q1.json,,
SD-RAW-0326,The future of work: how HR drives digital transformation in the new normal,Ramkumar Chandrasekaran; Abstract; Export,2021,Strategic HR Review,https://www.sciencedirect.com/science/article/pii/S1475439821000118,Strategic HR Review3 June 2021,ScienceDirect,SD-Q1,02_search_exports/repaired/W4-20260930-ScienceDirect-Q1.json,,
SD-RAW-0327,7: Our common home: artificial intelligence + global public health ecosystem,Dominique J. Monlezun; View PDF; Abstract; Export,,Responsible Artificial Intelligence Re-engineering the Global Public Health Ecosystem,https://www.sciencedirect.com/science/article/pii/B978044321597100007X,Book chapterComplimentary access,ScienceDirect,SD-Q1,02_search_exports/repaired/W4-20260930-ScienceDirect-Q1.json,,
SD-RAW-0328,Incentivizing task offloading in IoT: A distributed auctions-based DRL approach,Soumeya Demil; Mohammed Riyadh Abdmeziem; Abstract; Export,2025,Internet of Things,https://www.sciencedirect.com/science/article/pii/S254266052500006X,Research article,ScienceDirect,SD-Q1,02_search_exports/repaired/W4-20260930-ScienceDirect-Q1.json,,
SD-RAW-0329,"A comprehensive survey on radio frequency (RF) fingerprinting: Traditional approaches, deep learning, and open challenges",Anu Jagannath; Jithin Jagannath; Prem Sagar Pattanshetty Vasanth Kumar; Abstract; Export,2022,Computer Networks,https://www.sciencedirect.com/science/article/pii/S1389128622004893,Mini review,ScienceDirect,SD-Q1,02_search_exports/repaired/W4-20260930-ScienceDirect-Q1.json,,
SD-RAW-0330,A systematic literature review of large language models in phishing attack generation and detection,Dinushan Sivaneswaran; Chaminda T. E. R. Hewage; Weiwei Jiang; View PDF; Abstract; Export,2026,Array,https://www.sciencedirect.com/science/article/pii/S2590005626000986,Research articleOpen access,ScienceDirect,SD-Q2,02_search_exports/repaired/W4-20260930-ScienceDirect-Q2-offset-0.json,,
SD-RAW-0331,Psychology of phishing emails: Quantifying persuasion principles and simulating detection with large language models,Tianyu Bell Pan; Qiangeng Yang; Damon L Woodard; Abstract; Export,2026,Expert Systems with Applications,https://www.sciencedirect.com/science/article/pii/S0957417426004203,Research article,ScienceDirect,SD-Q2,02_search_exports/repaired/W4-20260930-ScienceDirect-Q2-offset-0.json,,
SD-RAW-0332,SpearBot: Leveraging large language models in a generative-critique framework for spear-phishing email generation,Qinglin Qi; Yun Luo; Yong Fang; Abstract; Export,2025,Information Fusion,https://www.sciencedirect.com/science/article/pii/S1566253525002490,Research article,ScienceDirect,SD-Q2,02_search_exports/repaired/W4-20260930-ScienceDirect-Q2-offset-0.json,,
SD-RAW-0333,MegaFake: A theory-driven dataset of fake news generated by large language models,Lionel Z. Wang; Ka Chung Ng; Wenqi Fan; View PDF; Abstract; Export,2026,Decision Support Systems,https://www.sciencedirect.com/science/article/pii/S0167923626000655,Research articleOpen access,ScienceDirect,SD-Q2,02_search_exports/repaired/W4-20260930-ScienceDirect-Q2-offset-0.json,,
SD-RAW-0334,Evaluating large language models’ ability to automate spear phishing,Fred Heiding; Simon Lermen; Arun Vishwanath; Abstract; Graphical Abstract; Export,2026,Expert Systems with Applications,https://www.sciencedirect.com/science/article/pii/S0957417426004598,Research article,ScienceDirect,SD-Q2,02_search_exports/repaired/W4-20260930-ScienceDirect-Q2-offset-0.json,,
SD-RAW-0335,"Large Language Models for Cybersecurity Intelligence: A Systematic Review of Emerging Threats, Defensive Capabilities, and Security Evaluation Frameworks",Hamed Alqahtani; Gulshan Kumar; Abstract; Export,,"Computers, Materials and Continua",https://www.sciencedirect.com/science/article/pii/S1546221826003565,Review articleOpen access,ScienceDirect,SD-Q2,02_search_exports/repaired/W4-20260930-ScienceDirect-Q2-offset-0.json,,
SD-RAW-0336,Improving online anti-phishing training using cognitive large language models,Tailia Malloy; Fei Fang; Cleotilde Gonzalez; Abstract; Export,2026,Computers in Human Behavior,https://www.sciencedirect.com/science/article/pii/S0747563225002079,Research article,ScienceDirect,SD-Q2,02_search_exports/repaired/W4-20260930-ScienceDirect-Q2-offset-0.json,,
SD-RAW-0337,Personality-aware Multimodal Deception Detection with multimodal large language model,Cong Cai; Zhengqi Wen; Bin Liu; Abstract; Export,2026,Pattern Recognition,https://www.sciencedirect.com/science/article/pii/S0031320326006515,Research article,ScienceDirect,SD-Q2,02_search_exports/repaired/W4-20260930-ScienceDirect-Q2-offset-0.json,,
SD-RAW-0338,The influence of persuasive techniques on large language models: A scenario-based study,Sonali Uttam Singh; Akbar Siami Namin; View PDF; Abstract; Export,2025,Computers in Human Behavior: Artificial Humans,https://www.sciencedirect.com/science/article/pii/S2949882125000817,Research articleOpen access,ScienceDirect,SD-Q2,02_search_exports/repaired/W4-20260930-ScienceDirect-Q2-offset-0.json,,
SD-RAW-0339,A feature-engineered dataset of benign and phishing URLs for machine learning and large language models evaluation,Dam Minh Linh; Tran Cong Hung; View PDF; Abstract; Export,2025,Data in Brief,https://www.sciencedirect.com/science/article/pii/S2352340925008832,Data articleOpen access,ScienceDirect,SD-Q2,02_search_exports/repaired/W4-20260930-ScienceDirect-Q2-offset-0.json,,
SD-RAW-0340,Designing reproducible large-language-model-assisted scientific analyses,Casey W. Dunn; Darrin T. Schultz; Jacob M. Musser; View PDF; Abstract; Export,2026,Patterns,https://www.sciencedirect.com/science/article/pii/S2666389926001534,Review articleOpen access,ScienceDirect,SD-Q2,02_search_exports/repaired/W4-20260930-ScienceDirect-Q2-offset-0.json,,
SD-RAW-0341,LLM-APTDS: A high-precision advanced persistent threat detection system for imbalanced data based on large language models with strong interpretabilit,Longjing Yang; Ayong Ye; Chuang Huang; Abstract; Export,2026,Future Generation Computer Systems,https://www.sciencedirect.com/science/article/pii/S0167739X25006090,Research article,ScienceDirect,SD-Q2,02_search_exports/repaired/W4-20260930-ScienceDirect-Q2-offset-0.json,,
SD-RAW-0342,"Blockchain for Large Language Models (LLMs): Applications, challenges, and framework implementation",Ahmad Musamih; Ibrar Yaqoob; Mohammed Omar; View PDF; Abstract; Export,2026,Expert Systems with Applications,https://www.sciencedirect.com/science/article/pii/S095741742600014X,Review articleOpen access,ScienceDirect,SD-Q2,02_search_exports/repaired/W4-20260930-ScienceDirect-Q2-offset-0.json,,
SD-RAW-0343,Safety guardrails in patient-facing large language model systems for chronic disease self-management: a realist review,Yuhan Zhao; Yiqun Miao; Ying Wu; Abstract; Export,2026,International Journal of Medical Informatics,https://www.sciencedirect.com/science/article/pii/S1386505626002534,Review article,ScienceDirect,SD-Q2,02_search_exports/repaired/W4-20260930-ScienceDirect-Q2-offset-0.json,,
SD-RAW-0344,An explainable transformer-based model for phishing email detection: A large language model approach,Mohammad Amaz Uddin; Md Mahiuddin; Iqbal H. Sarker; View PDF; Abstract; Export,2026,Computer Networks,https://www.sciencedirect.com/science/article/pii/S1389128626000733,Research articleOpen access,ScienceDirect,SD-Q2,02_search_exports/repaired/W4-20260930-ScienceDirect-Q2-offset-0.json,,
SD-RAW-0345,An automated Bayesian network framework for maritime cybersecurity risk assessment powered by large language models,Yunfeng Zhao; Huanhuan Li; Zaili Yang; View PDF; Abstract; Export,2026,Safety Science,https://www.sciencedirect.com/science/article/pii/S0925753526002754,Research articleOpen access,ScienceDirect,SD-Q2,02_search_exports/repaired/W4-20260930-ScienceDirect-Q2-offset-0.json,,
SD-RAW-0346,ApexSentinel: Detecting and Explaining Advanced Persistent Threats with Large Language Models,Jiayi Zhang; Futai Zou; Heming Zhang; Abstract; Export,2026,Computer Networks,https://www.sciencedirect.com/science/article/pii/S1389128626004494,Research article,ScienceDirect,SD-Q2,02_search_exports/repaired/W4-20260930-ScienceDirect-Q2-offset-0.json,,
SD-RAW-0347,SHIELD: Advanced persistent threats detection and intelligent explanation using large language models,Parth Atulbhai Gandhi; Prasanna N. Wudali; Asaf Shabtai; View PDF; Abstract; Export,2026,Engineering Applications of Artificial Intelligence,https://www.sciencedirect.com/science/article/pii/S0952197626017276,Research articleOpen access,ScienceDirect,SD-Q2,02_search_exports/repaired/W4-20260930-ScienceDirect-Q2-offset-0.json,,
SD-RAW-0348,A governed framework combining large language models and human oversight for supplier selection,Mohammadreza Rezaei; Sridhar Sreemulnath Iyer; Omid Fatahi Valilai; View PDF; Abstract; Export,2026,Machine Learning with Applications,https://www.sciencedirect.com/science/article/pii/S2666827026001933,Research articleOpen access,ScienceDirect,SD-Q2,02_search_exports/repaired/W4-20260930-ScienceDirect-Q2-offset-0.json,,
SD-RAW-0349,DecoyPot: A large language model-driven web API honeypot for realistic attacker engagement,Anıl Sezgin; Aytuğ Boyacı; Abstract; Export,2025,Computers & Security,https://www.sciencedirect.com/science/article/pii/S0167404825001476,Research article,ScienceDirect,SD-Q2,02_search_exports/repaired/W4-20260930-ScienceDirect-Q2-offset-0.json,,
SD-RAW-0350,Data ethics in training large language models: A systematic review of machine-learning strategies and AI governance frameworks,Ghadah Aldehim; Syed Faisal Abbas Shah; Habib Hamam; Abstract; Export,2026,Information Processing & Management,https://www.sciencedirect.com/science/article/pii/S0306457326002359,Research article,ScienceDirect,SD-Q2,02_search_exports/repaired/W4-20260930-ScienceDirect-Q2-offset-0.json,,
SD-RAW-0351,A classification framework of large language model in the post-transformer era,Rishabh Athiya; Atul Gupta; Abstract; Graphical Abstract; Export,2026,Expert Systems with Applications,https://www.sciencedirect.com/science/article/pii/S0957417426019457,Review article,ScienceDirect,SD-Q2,02_search_exports/repaired/W4-20260930-ScienceDirect-Q2-offset-0.json,,
SD-RAW-0352,HoneyGPT: Breaking the trilemma in honeypots with large language models,Ziyang Wang; Jianzhou You; Limin Sun; Abstract; Export,2026,Computer Networks,https://www.sciencedirect.com/science/article/pii/S1389128626002355,Research article,ScienceDirect,SD-Q2,02_search_exports/repaired/W4-20260930-ScienceDirect-Q2-offset-0.json,,
SD-RAW-0353,Deception in clinical large language models: an under-recognised safety risk,Aakash Reddy; David T Zhu; Leo Anthony Celi; View PDF; Export,2026,The Lancet Digital Health,https://www.sciencedirect.com/science/article/pii/S258975002600066X,,ScienceDirect,SD-Q2,02_search_exports/repaired/W4-20260930-ScienceDirect-Q2-offset-0.json,,
SD-RAW-0354,Robustness and interpretability of phishing detectors under generative AI shifts,Oumkaltoum Arharbi; Abderrahim El Qadi; Abstract; Export,2026,Computers & Security,https://www.sciencedirect.com/science/article/pii/S0167404826002853,Research article,ScienceDirect,SD-Q2,02_search_exports/repaired/W4-20260930-ScienceDirect-Q2-offset-0.json,,
SD-RAW-0355,ProMem-agent: Procedural memory-augmented large language model agents for clinical trajectory reasoning,Qianying He; Xuan Liu; Wenjian Liu; Abstract; Export,2026,International Journal of Medical Informatics,https://www.sciencedirect.com/science/article/pii/S1386505626004673,Research article,ScienceDirect,SD-Q2,02_search_exports/repaired/W4-20260930-ScienceDirect-Q2-offset-0.json,,
SD-RAW-0356,The ethics and governance of large language models in dentistry: A framework for research and clinical implementation,Rata Rokhshad; Antonin Tichy; Falk Schwendicke; Abstract; Export,2026,Journal of Dentistry,https://www.sciencedirect.com/science/article/pii/S0300571225006335,Research article,ScienceDirect,SD-Q2,02_search_exports/repaired/W4-20260930-ScienceDirect-Q2-offset-0.json,,
SD-RAW-0357,"Knowledge graph fusion with large language models for accurate, explainable manufacturing process planning",Danny Hoang; David Gorsich; Farhad Imani; Abstract; Export,2026,International Journal of Production Economics,https://www.sciencedirect.com/science/article/pii/S0925527326001829,Research article,ScienceDirect,SD-Q2,02_search_exports/repaired/W4-20260930-ScienceDirect-Q2-offset-0.json,,
SD-RAW-0358,Large Language Model Guided Graph Capsule Network with Local-Enhanced Alignment for Fake News Detection,Guoying Sun; Jie Li; Zhaoxin Zhang; Abstract; Export,2026,Information Processing & Management,https://www.sciencedirect.com/science/article/pii/S0306457326002918,Research article,ScienceDirect,SD-Q2,02_search_exports/repaired/W4-20260930-ScienceDirect-Q2-offset-0.json,,
SD-RAW-0359,Knowledge-Driven reinforcement learning for Prefabricated construction supply Chain Scheduling: A Two-Phase large language model integration framework,Chunlin Wu; Yaxuan Yang; Rundong Xin; Abstract; Export,2027,Advanced Engineering Informatics,https://www.sciencedirect.com/science/article/pii/S1474034626009869,Research article,ScienceDirect,SD-Q2,02_search_exports/repaired/W4-20260930-ScienceDirect-Q2-offset-0.json,,
SD-RAW-0360,Signature filtering: A lightweight enhancement for statistical watermark detection in large language models,Chih-Duo Hong; Yen-Pang Chen; Fang Yu; Abstract; Export,2027,Information Processing & Management,https://www.sciencedirect.com/science/article/pii/S0306457326003894,Research article,ScienceDirect,SD-Q2,02_search_exports/repaired/W4-20260930-ScienceDirect-Q2-offset-0.json,,
SD-RAW-0361,"Intelligent defect‑detection framework integrating a modified YOLO algorithm, a domain knowledge graph, and RAG‑enabled large language model",Jr-Fong Dang; Li-Na Wang; Tzu-Li Chen; Abstract; Export,2026,Advanced Engineering Informatics,https://www.sciencedirect.com/science/article/pii/S1474034626004015,Research article,ScienceDirect,SD-Q2,02_search_exports/repaired/W4-20260930-ScienceDirect-Q2-offset-0.json,,
SD-RAW-0362,When semantic plausibility becomes a liability: LLM-based phishing detection from an adversarial asymmetry perspective,Yanjun Li; Ziyu Wang; Zhihong Tian; View PDF; Abstract; Export,,Cyber Security and Applications,https://www.sciencedirect.com/science/article/pii/S2772918426000032,Research articleOpen access,ScienceDirect,SD-Q2,02_search_exports/repaired/W4-20260930-ScienceDirect-Q2-offset-0.json,,
SD-RAW-0363,"Personal Health Large Language Models and the Negotiation of Medical Authority in Clinical Care: Opportunities, Risks, and Governance",Wenyi Xie; Jialin Liu; Siru Liu; Abstract; Export,,Journal of Medical Internet Research,https://www.sciencedirect.com/science/article/pii/S1438887126006783,Research articleOpen access,ScienceDirect,SD-Q2,02_search_exports/repaired/W4-20260930-ScienceDirect-Q2-offset-0.json,,
SD-RAW-0364,Role of AI/ML & generative AI in cyber defense,Akhilesh Mohan Srivastava; Abstract; Export,2026,,https://www.sciencedirect.com/science/article/pii/S0065245826000483,Book chapter,ScienceDirect,SD-Q2,02_search_exports/repaired/W4-20260930-ScienceDirect-Q2-offset-0.json,,
SD-RAW-0365,A reproducible nine-step protocol for fine-tuning large language models on heterogeneous bioinformatics knowledge sources,Muhammad Muneeb; David B. Ascher; View PDF; Abstract; Graphical Abstract; Export,2026,Artificial Intelligence in the Life Sciences,https://www.sciencedirect.com/science/article/pii/S2667318526000279,,ScienceDirect,SD-Q2,02_search_exports/repaired/W4-20260930-ScienceDirect-Q2-offset-0.json,,
SD-RAW-0366,Advancing text adversarial example generation using large language models,Natalia Madrueño; Alberto Fernández-Isabel; Isaac Martín de Diego; View PDF; Abstract; Export,2025,Knowledge-Based Systems,https://www.sciencedirect.com/science/article/pii/S0950705125014005,Research articleOpen access,ScienceDirect,SD-Q2,02_search_exports/repaired/W4-20260930-ScienceDirect-Q2-offset-0.json,,
SD-RAW-0367,DairyGoatQA: A knowledge graph enhanced large language models approach for question answering in the dairy goat domain,Xiaojin Chen; Sai Zhang; Qinan Zhao; Abstract; Export,2026,Expert Systems with Applications,https://www.sciencedirect.com/science/article/pii/S0957417425037613,Research article,ScienceDirect,SD-Q2,02_search_exports/repaired/W4-20260930-ScienceDirect-Q2-offset-0.json,,
SD-RAW-0368,A survey of large language models for cyber threat detection,Yiren Chen; Mengjiao Cui; Baoxu Liu; Abstract; Export,2024,Computers & Security,https://www.sciencedirect.com/science/article/pii/S0167404824003213,Research article,ScienceDirect,SD-Q2,02_search_exports/repaired/W4-20260930-ScienceDirect-Q2-offset-0.json,,
SD-RAW-0369,Quality of Human Expert vs Large Language Model-Generated Multiple-Choice Questions in the Field of Mechanical Ventilation,Sami Safadi; Roxana Amirahmadi; Nitin Seam; Abstract; Export,2025,CHEST,https://www.sciencedirect.com/science/article/pii/S0012369225008372,Research article,ScienceDirect,SD-Q2,02_search_exports/repaired/W4-20260930-ScienceDirect-Q2-offset-0.json,,
SD-RAW-0370,Ethical and regulatory challenges of large language models in medicine,Jasmine Chiat Ling Ong; Shelley Yin-Hsi Chang; Daniel Shu Wei Ting; View PDF; Abstract; Export,2024,The Lancet Digital Health,https://www.sciencedirect.com/science/article/pii/S258975002400061X,Review articleOpen access,ScienceDirect,SD-Q2,02_search_exports/repaired/W4-20260930-ScienceDirect-Q2-offset-0.json,,
SD-RAW-0371,Unmasking large language models by means of OpenAI GPT-4 and Google AI: A deep instruction-based analysis,Idrees A. Zahid; Shahad Sabbar Joudar; Laith Alzubaidi; View PDF; Abstract; Export,2024,Intelligent Systems with Applications,https://www.sciencedirect.com/science/article/pii/S2667305324001054,Research articleOpen access,ScienceDirect,SD-Q2,02_search_exports/repaired/W4-20260930-ScienceDirect-Q2-offset-0.json,,
SD-RAW-0372,Generative AI in cybersecurity: A comprehensive review of LLM applications and vulnerabilities,Mohamed Amine Ferrag; Fatima Alwahedi; Merouane Debbah; View PDF; Abstract; Export,,Internet of Things and Cyber-Physical Systems,https://www.sciencedirect.com/science/article/pii/S2667345225000082,Review articleOpen access,ScienceDirect,SD-Q2,02_search_exports/repaired/W4-20260930-ScienceDirect-Q2-offset-0.json,,
SD-RAW-0373,The high-efficiency data integration approach for Pakistan mineral resources using multimodal large language models,Muhammad Atif Bilal; Yongzhi Wang; Kateryna Hlyniana; View PDF; Abstract; Graphical Abstract; Export,2026,Ore Geology Reviews,https://www.sciencedirect.com/science/article/pii/S0169136826001939,Research articleOpen access,ScienceDirect,SD-Q2,02_search_exports/repaired/W4-20260930-ScienceDirect-Q2-offset-0.json,,
SD-RAW-0374,Assessing the effectiveness of crawlers and large language models in detecting adversarial hidden link threats in meta computing,Junjie Xiong; Mingkui Wei; Yao Liu; View PDF; Abstract; Export,2025,High-Confidence Computing,https://www.sciencedirect.com/science/article/pii/S2667295224000953,Research articleOpen access,ScienceDirect,SD-Q2,02_search_exports/repaired/W4-20260930-ScienceDirect-Q2-offset-0.json,,
SD-RAW-0375,Evaluating AI models’ capability to automate voice phishing attacks,Fred Heiding; Claudio Mayrink Verdun; Christine Lehane; View PDF; Abstract; Export,2027,Expert Systems with Applications,https://www.sciencedirect.com/science/article/pii/S0957417426025285,Research articleOpen access,ScienceDirect,SD-Q2,02_search_exports/repaired/W4-20260930-ScienceDirect-Q2-offset-0.json,,
SD-RAW-0376,Toward accurate and cost-effective LLM agents via information flow optimization: Insights from a phishing detection case study,Fouad Trad; Ali Chehab; Abstract; Export,2026,Information Processing & Management,https://www.sciencedirect.com/science/article/pii/S0306457326002256,Research article,ScienceDirect,SD-Q2,02_search_exports/repaired/W4-20260930-ScienceDirect-Q2-offset-0.json,,
SD-RAW-0377,Enhancing Phishing Email Detection Using DeepSeek-Generated Synthetic Data and DistilBERT Classification Models,Amani Al-Ajlan; Lama Almelaifi; Isra Al-Turaiki; Abstract; Export,,"Computers, Materials and Continua",https://www.sciencedirect.com/science/article/pii/S1546221826004443,Research articleOpen access,ScienceDirect,SD-Q2,02_search_exports/repaired/W4-20260930-ScienceDirect-Q2-offset-0.json,,
SD-RAW-0378,Deepfake detection in generative AI: A legal framework proposal to protect human rights,Felipe Romero-Moreno; View PDF; Abstract; Export,2025,Computer Law & Security Review,https://www.sciencedirect.com/science/article/pii/S2212473X25000355,Research articleOpen access,ScienceDirect,SD-Q2,02_search_exports/repaired/W4-20260930-ScienceDirect-Q2-offset-0.json,,
SD-RAW-0379,Pitfalls and risks of generative AI in machine learning,Michael A. Lones; View PDF; Abstract; Export,2026,Patterns,https://www.sciencedirect.com/science/article/pii/S2666389926000437,Review articleOpen access,ScienceDirect,SD-Q2,02_search_exports/repaired/W4-20260930-ScienceDirect-Q2-offset-0.json,,
SD-RAW-0380,LLM-structured expert feedback for knowledge calibration of deep learning model to detect phishing URL,Seok-Hun Choi; Seok-Jun Buu; Sung-Bae Cho; Abstract; Export,2026,Applied Soft Computing,https://www.sciencedirect.com/science/article/pii/S1568494626006824,Research article,ScienceDirect,SD-Q2,02_search_exports/repaired/W4-20260930-ScienceDirect-Q2-offset-0.json,,
SD-RAW-0381,A lightweight defense mechanism against next-generation of phishing emails using distilled attention-augmented BiLSTM,Morteza Eskandarian; Mahdi Rabbani; Sajjad Dadkhah; View PDF; Abstract; Export,2026,Journal of Information Security and Applications,https://www.sciencedirect.com/science/article/pii/S2214212626001821,Research articleOpen access,ScienceDirect,SD-Q2,02_search_exports/repaired/W4-20260930-ScienceDirect-Q2-offset-0.json,,
SD-RAW-0382,"Privacy-Preserving Phishing Detection: A Systematic Review of LLMs, Federated Learning, and Blockchain Integration",Ghadi Almaktoom; Suliman Aladhadh; Salim El Khediri; Abstract; Export,,CMES - Computer Modeling in Engineering and Sciences,https://www.sciencedirect.com/science/article/pii/S152614922600189X,Review articleOpen access,ScienceDirect,SD-Q2,02_search_exports/repaired/W4-20260930-ScienceDirect-Q2-offset-0.json,,
SD-RAW-0383,GAI & cybersecurity: Bi-visions,Amina Ben Taher; Lamia Chaari Fourati; Samiha Ayed; Abstract; Export,2026,Computer Science Review,https://www.sciencedirect.com/science/article/pii/S1574013726000481,Review article,ScienceDirect,SD-Q2,02_search_exports/repaired/W4-20260930-ScienceDirect-Q2-offset-0.json,,
SD-RAW-0384,Review of Generative AI methods in cybersecurity,Yagmur Yigit; William J. Buchanan; Leandros Maglaras; View PDF; Abstract; Export,,Internet of Things and Cyber-Physical Systems,https://www.sciencedirect.com/science/article/pii/S2667345226000076,Review articleOpen access,ScienceDirect,SD-Q2,02_search_exports/repaired/W4-20260930-ScienceDirect-Q2-offset-0.json,,
SD-RAW-0385,Blockchain-Enabled Supply Chain Resilience: Leveraging Multimodal Large Language Models for Intelligent Automation in the Era of Global Disruptions and Stablecoin Integration,Jun Huang; Fei Lin; Naiqi Wu; View PDF; Abstract; Export,,IFAC-PapersOnLine,https://www.sciencedirect.com/science/article/pii/S2405896325031556,Research articleComplimentary access,ScienceDirect,SD-Q2,02_search_exports/repaired/W4-20260930-ScienceDirect-Q2-offset-0.json,,
SD-RAW-0386,Reporting Completeness of Clinical Trials Evaluating Large Language Model Interventions in Medicine,D. Chen; A. Blayne; D. Bitterman; Abstract; Export,2026,International Journal of Radiation Oncology*Biology*Physics,https://www.sciencedirect.com/science/article/pii/S0360301626019188,,ScienceDirect,SD-Q2,02_search_exports/repaired/W4-20260930-ScienceDirect-Q2-offset-0.json,,
SD-RAW-0387,HyperSeq-LLM: Evolving hypergraph sequence learning with LLMs for phishing scam detection on Ethereum,Mingshun Ye; Dezhi Han; Weili Chen; Abstract; Export,2026,Expert Systems with Applications,https://www.sciencedirect.com/science/article/pii/S0957417426000151,Research article,ScienceDirect,SD-Q2,02_search_exports/repaired/W4-20260930-ScienceDirect-Q2-offset-0.json,,
SD-RAW-0388,How to bring generative AI to oncology practice,D. Truhn; J. N. Kather; View PDF; Abstract; Export,2026,ESMO Real World Data and Digital Oncology,https://www.sciencedirect.com/science/article/pii/S2949820125005685,Review articleOpen access,ScienceDirect,SD-Q2,02_search_exports/repaired/W4-20260930-ScienceDirect-Q2-offset-0.json,,
SD-RAW-0389,"Deepfakes and beyond in the era of AI-generated disinformation: A systematic literature review of emerging technologies, challenges, and policy recommendations",Unmesh Mandal; Sanjit Kumar Setua; Sayan Sen Sarma; Abstract; Export,2026,Journal of Visual Communication and Image Representation,https://www.sciencedirect.com/science/article/pii/S104732032600043X,Review article,ScienceDirect,SD-Q2,02_search_exports/repaired/W4-20260930-ScienceDirect-Q2-offset-0.json,,
SD-RAW-0390,A unified multimodal framework for jointly detecting news veracity and generation provenance,Xuefeng Li; Qingfan Zhang; Chunhua Zhu; Abstract; Export,2026,Expert Systems with Applications,https://www.sciencedirect.com/science/article/pii/S0957417426018798,Research article,ScienceDirect,SD-Q2,02_search_exports/repaired/W4-20260930-ScienceDirect-Q2-offset-0.json,,
SD-RAW-0391,PhDGPT: Measuring bias in academic mental health across quantised and uncensored LLMs,Edoardo Sebastiano De Duro; Enrique Taietta; Massimo Stella; View PDF; Abstract; Export,2027,Information Processing & Management,https://www.sciencedirect.com/science/article/pii/S0306457326005637,Research articleOpen access,ScienceDirect,SD-Q2,02_search_exports/repaired/W4-20260930-ScienceDirect-Q2-offset-0.json,,
SD-RAW-0392,"Unmasking digital deceptions: An integrative review of deepfake detection, multimedia forensics, and cybersecurity challenges",Sonam Singh; Amol Dhumane; View PDF; Abstract; Graphical Abstract; Export,2025,MethodsX,https://www.sciencedirect.com/science/article/pii/S2215016125004765,Review articleOpen access,ScienceDirect,SD-Q2,02_search_exports/repaired/W4-20260930-ScienceDirect-Q2-offset-0.json,,
SD-RAW-0393,The enforced technical mandate: A multi-layered governance model for deepfake fraud and biometric integrity,Felipe Romero-Moreno; View PDF; Abstract; Export,2026,Computer Law & Security Review,https://www.sciencedirect.com/science/article/pii/S2212473X26001173,Research articleOpen access,ScienceDirect,SD-Q2,02_search_exports/repaired/W4-20260930-ScienceDirect-Q2-offset-0.json,,
SD-RAW-0394,A Hybrid CNN-XGBoost Framework for Phishing Email Detection Using Statistical and Semantic Features,Lin-Hui Liu; Dong-Jie Liu; Guang-Gang Geng; Abstract; Export,2026,"Computers, Materials and Continua",https://www.sciencedirect.com/science/article/pii/S1546221826002663,Research articleOpen access,ScienceDirect,SD-Q2,02_search_exports/repaired/W4-20260930-ScienceDirect-Q2-offset-0.json,,
SD-RAW-0395,Evaluating spam filters and Stylometric Detection of AI-generated phishing emails,Chidimma Opara; Paolo Modesti; Lewis Golightly; View PDF; Abstract; Export,2025,Expert Systems with Applications,https://www.sciencedirect.com/science/article/pii/S0957417425006669,Research articleOpen access,ScienceDirect,SD-Q2,02_search_exports/repaired/W4-20260930-ScienceDirect-Q2-offset-0.json,,
SD-RAW-0396,Decoding LLMs' verbal deception in online reviews,Yinghui Huang; Jinyi Zhou; Shasha Deng; Abstract; Export,2026,Decision Support Systems,https://www.sciencedirect.com/science/article/pii/S0167923625001307,Research article,ScienceDirect,SD-Q2,02_search_exports/repaired/W4-20260930-ScienceDirect-Q2-offset-0.json,,
SD-RAW-0397,Chapter 4: AI-fueled deception: mechanics of machine-driven manipulation,Don Donghee Shin; Abstract; Export,,"Minds, Machines, and Misinformation",https://www.sciencedirect.com/science/article/pii/B9780443161049000063,Book chapter,ScienceDirect,SD-Q2,02_search_exports/repaired/W4-20260930-ScienceDirect-Q2-offset-0.json,,
SD-RAW-0398,"PhishNet: A Real-Time, Scalable Ensemble Framework for Smishing Attack Detection Using Transformers and LLMs",Abeer Alhuzali; Qamar Al-Qahtani; Fatemah Alharbi; Abstract; Export,2025,"Computers, Materials and Continua",https://www.sciencedirect.com/science/article/pii/S1546221825010902,Research articleOpen access,ScienceDirect,SD-Q2,02_search_exports/repaired/W4-20260930-ScienceDirect-Q2-offset-0.json,,
SD-RAW-0399,"AI deception: A survey of examples, risks, and potential solutions",Peter S. Park; Simon Goldstein; Dan Hendrycks; View PDF; Abstract; Export,2024,Patterns,https://www.sciencedirect.com/science/article/pii/S266638992400103X,Review articleOpen access,ScienceDirect,SD-Q2,02_search_exports/repaired/W4-20260930-ScienceDirect-Q2-offset-0.json,,
SD-RAW-0400,From prompt injections to protocol exploits: Threats in LLM-powered AI agents workflows,Mohamed Amine Ferrag; Norbert Tihanyi; Merouane Debbah; View PDF; Abstract; Export,2026,ICT Express,https://www.sciencedirect.com/science/article/pii/S2405959525001997,Review articleOpen access,ScienceDirect,SD-Q2,02_search_exports/repaired/W4-20260930-ScienceDirect-Q2-offset-0.json,,
SD-RAW-0401,SpAI Phishing: A design and evaluation of AI-assisted large spear phishing cybersecurity drill,Reen-Cheng Wang; Ming-Chiao Chen; Tzu-Yi Hsueh; View PDF; Abstract; Export,2026,Systems and Soft Computing,https://www.sciencedirect.com/science/article/pii/S2772941926000815,Research articleOpen access,ScienceDirect,SD-Q2,02_search_exports/repaired/W4-20260930-ScienceDirect-Q2-offset-0.json,,
SD-RAW-0402,Smishing risk assessment using RAG and its potential for pedagogical recontextualization for cybersecurity education,Daiga Kalniņa; Edgaras Norgaila; Linda Daniela; View PDF; Abstract; Export,2026,Social Sciences & Humanities Open,https://www.sciencedirect.com/science/article/pii/S259029112601051X,Research articleOpen access,ScienceDirect,SD-Q2,02_search_exports/repaired/W4-20260930-ScienceDirect-Q2-offset-0.json,,
SD-RAW-0403,The Cyrano effect: LLM-assisted impression management and authenticity in online dating,Lennart Ante; View PDF; Abstract; Export,2026,Telematics and Informatics,https://www.sciencedirect.com/science/article/pii/S0736585326000584,Research articleOpen access,ScienceDirect,SD-Q2,02_search_exports/repaired/W4-20260930-ScienceDirect-Q2-offset-0.json,,
SD-RAW-0404,A cognitive-inspired multimodal framework for robust deepfake detection in asynchronous media,Ahmed M. Khalil; Mohamed S. Benlamine; M. A. Sayedelah; Abstract; Export,2026,Expert Systems with Applications,https://www.sciencedirect.com/science/article/pii/S0957417426013060,Research article,ScienceDirect,SD-Q2,02_search_exports/repaired/W4-20260930-ScienceDirect-Q2-offset-0.json,,
SD-RAW-0405,Multilayered Epistemic Disruption in AI-Driven Health Misinformation: Conceptual Framework and Viewpoint,Muzaffer Malkoç; Abstract; Export,,JMIR Infodemiology,https://www.sciencedirect.com/science/article/pii/S2564189126000393,,ScienceDirect,SD-Q2,02_search_exports/repaired/W4-20260930-ScienceDirect-Q2-offset-0.json,,
SD-RAW-0406,"Adversarial evolution of deepfake generation and detection: A systematic review of paradigms, evaluation, and governance",Mengze Li; Gang Liang; Jiayi Liu; Abstract; Export,2026,Neurocomputing,https://www.sciencedirect.com/science/article/pii/S0925231226023908,Review article,ScienceDirect,SD-Q2,02_search_exports/repaired/W4-20260930-ScienceDirect-Q2-offset-0.json,,
SD-RAW-0407,"NLP in cybersecurity: Advances, applications, and future directions for threat analysis and dark web intelligence",Amjad Alsirhani; Sijjad Ali; Mona Saleh Alzahrani; View PDF; Abstract; Export,2026,Neurocomputing,https://www.sciencedirect.com/science/article/pii/S0925231226017637,Review articleOpen access,ScienceDirect,SD-Q2,02_search_exports/repaired/W4-20260930-ScienceDirect-Q2-offset-0.json,,
SD-RAW-0408,Generative AI for Efficient and Secure Authentication in UAV-Enabled Smart City Transportation Systems,Akmalbek Abdusalomov; Kudratjon Zohirov; Young Im Cho; Abstract; Export,,"Computers, Materials and Continua",https://www.sciencedirect.com/science/article/pii/S1546221826005084,Research articleOpen access,ScienceDirect,SD-Q2,02_search_exports/repaired/W4-20260930-ScienceDirect-Q2-offset-0.json,,
SD-RAW-0409,"When LLM agents act on-chain: A systematic cross-layer security analysis across reasoning, identity, and execution",Namryeong Kim; Seo-Yi Kim; Il-Gu Lee; View PDF; Abstract; Export,2026,ICT Express,https://www.sciencedirect.com/science/article/pii/S2405959526001700,Review articleOpen access,ScienceDirect,SD-Q2,02_search_exports/repaired/W4-20260930-ScienceDirect-Q2-offset-0.json,,
SD-RAW-0410,Reactive cyber deception: Stealth-based adaptive redirection to on-demand honeypots with AI-driven data generation,Pedro Beltrán-López; Manuel Gil Pérez; Pantaleone Nespoli; View PDF; Abstract; Export,2026,Computer Networks,https://www.sciencedirect.com/science/article/pii/S138912862600215X,Research articleOpen access,ScienceDirect,SD-Q2,02_search_exports/repaired/W4-20260930-ScienceDirect-Q2-offset-0.json,,
SD-RAW-0411,Automated compliance checking in AEC in the era of AI and LLMs: A review (2022–2025),Youssef Senousy; Franco Cheung; Edlira Vakaj; View PDF; Abstract; Graphical Abstract; Export,2022,Automation in Construction,https://www.sciencedirect.com/science/article/pii/S0926580526004061,Review articleOpen access,ScienceDirect,SD-Q2,02_search_exports/repaired/W4-20260930-ScienceDirect-Q2-offset-0.json,,
SD-RAW-0412,A data-driven risk assessment of cybersecurity challenges posed by generative AI,Rami Mohawesh; Mohammad Ashraf Ottom; Haythem Bany Salameh; View PDF; Abstract; Export,2025,Decision Analytics Journal,https://www.sciencedirect.com/science/article/pii/S2772662225000360,Mini reviewOpen access,ScienceDirect,SD-Q2,02_search_exports/repaired/W4-20260930-ScienceDirect-Q2-offset-0.json,,
SD-RAW-0413,Forensic analysis from generative AI web application memory: A ChatGPT case study,Jihun Joun; Abstract; Export,2026,Forensic Science International: Digital Investigation,https://www.sciencedirect.com/science/article/pii/S2666281726001320,Research article,ScienceDirect,SD-Q2,02_search_exports/repaired/W4-20260930-ScienceDirect-Q2-offset-0.json,,
SD-RAW-0414,Regulating AI Chatbot Impersonations of Medical Professionals,Tejas S Athni; Abstract; Export,,Journal of Medical Internet Research,https://www.sciencedirect.com/science/article/pii/S1438887126006801,,ScienceDirect,SD-Q2,02_search_exports/repaired/W4-20260930-ScienceDirect-Q2-offset-0.json,,
SD-RAW-0415,LLMs are one-shot URL classifiers and explainers,Fariza Rashid; Nishavi Ranaweera; Suranga Seneviratne; Abstract; Export,2025,Computer Networks,https://www.sciencedirect.com/science/article/pii/S1389128624008363,Research article,ScienceDirect,SD-Q2,02_search_exports/repaired/W4-20260930-ScienceDirect-Q2-offset-0.json,,
SD-RAW-0416,From creative output to creative governance: Legitimizing AI-generated creativity under deepfake uncertainty,Domitilla Magni; Giuseppe Lanfranchi; Maria Esmeralda Palaganas; View PDF; Abstract; Export,2026,Technovation,https://www.sciencedirect.com/science/article/pii/S0166497226002282,Research articleOpen access,ScienceDirect,SD-Q2,02_search_exports/repaired/W4-20260930-ScienceDirect-Q2-offset-0.json,,
SD-RAW-0417,Analysis of the security and privacy of smart personal assistants with real and synthetic voices,Clara Palacios-Castrillo; Rafael Palacios; Gregorio López; View PDF; Abstract; Export,2026,Journal of Information Security and Applications,https://www.sciencedirect.com/science/article/pii/S2214212626001845,Research articleOpen access,ScienceDirect,SD-Q2,02_search_exports/repaired/W4-20260930-ScienceDirect-Q2-offset-0.json,,
SD-RAW-0418,MTB-ImmunogenKG: An LLM-assisted knowledge graph for antigen selection in tuberculosis vaccine research,Jielong Peng; Xinhao Zhuang; Guoqing Zhang; View PDF; Abstract; Export,2026,Biosafety and Health,https://www.sciencedirect.com/science/article/pii/S2590053626000303,Research articleOpen access,ScienceDirect,SD-Q2,02_search_exports/repaired/W4-20260930-ScienceDirect-Q2-offset-0.json,,
SD-RAW-0419,REISD: Detecting LLM-generated text via iterative semantic difference,Kaiqi Qian; Yanhui Du; Chenrui Yang; Abstract; Export,2026,Neurocomputing,https://www.sciencedirect.com/science/article/pii/S0925231226010532,Research article,ScienceDirect,SD-Q2,02_search_exports/repaired/W4-20260930-ScienceDirect-Q2-offset-0.json,,
SD-RAW-0420,What structured tool interfaces do and do not provide for LLM-based SWAT+ calibration,Eungyu Park; Jangwon Park; Aohan Jin; Abstract; Export,2026,Environmental Modelling & Software,https://www.sciencedirect.com/science/article/pii/S1364815226002896,Research article,ScienceDirect,SD-Q2,02_search_exports/repaired/W4-20260930-ScienceDirect-Q2-offset-0.json,,
SD-RAW-0421,BOLE: A script-knowledge driven multi-agent framework for reproducible llm-assisted genomic breeding,Zishuai Wang; Chongxiao Liang; Kui Li; View PDF; Abstract; Graphical Abstract; Export,2026,Journal of Integrative Agriculture,https://www.sciencedirect.com/science/article/pii/S2095311926003011,Research articleOpen access,ScienceDirect,SD-Q2,02_search_exports/repaired/W4-20260930-ScienceDirect-Q2-offset-0.json,,
SD-RAW-0422,"Deepfakes: Deceptions, mitigations, and opportunities",Mekhail Mustak; Joni Salminen; Yogesh K. Dwivedi; Abstract; Export,2023,Journal of Business Research,https://www.sciencedirect.com/science/article/pii/S0148296322008335,Research article,ScienceDirect,SD-Q2,02_search_exports/repaired/W4-20260930-ScienceDirect-Q2-offset-0.json,,
SD-RAW-0423,Student or AI? Automated Detection of AI-generated Student Essays,Amal Boutadjine; Fouzi Harrag; Khaled Shaalan; View PDF; Abstract; Export,,Procedia Computer Science,https://www.sciencedirect.com/science/article/pii/S1877050926001134,Research articleOpen access,ScienceDirect,SD-Q2,02_search_exports/repaired/W4-20260930-ScienceDirect-Q2-offset-0.json,,
SD-RAW-0424,A novel framework for effective phishing URL detection using an LSTM-based siamese network,Sruthi K; Manohar Naik S; Abstract; Export,2025,Knowledge-Based Systems,https://www.sciencedirect.com/science/article/pii/S0950705125013127,Research article,ScienceDirect,SD-Q2,02_search_exports/repaired/W4-20260930-ScienceDirect-Q2-offset-0.json,,
SD-RAW-0425,"AI-generated text detection: A comprehensive review of methods, datasets, and applications",Tanzila Kehkashan; Raja Adil Riaz; Faheem Akbar; Abstract; Export,2025,Computer Science Review,https://www.sciencedirect.com/science/article/pii/S1574013725000693,Review article,ScienceDirect,SD-Q2,02_search_exports/repaired/W4-20260930-ScienceDirect-Q2-offset-0.json,,
SD-RAW-0426,Navigating trust and deception: digital nomads’ perceptions of hospitality deepfake advertising,Tin Van Doan; Thi Lan Huong Truong; Mai Nguyen; View PDF; Abstract; Export,2026,Strategic Business Research,https://www.sciencedirect.com/science/article/pii/S3051064326001111,Research articleOpen access,ScienceDirect,SD-Q2,02_search_exports/repaired/W4-20260930-ScienceDirect-Q2-offset-0.json,,
SD-RAW-0427,AquaAgent-OSPy: an auditable LLM tool-agent system for simulation-grounded irrigation decision support,Eungyu Park; Taeyu Kim; Jangwon Park; Abstract; Export,2026,Computers and Electronics in Agriculture,https://www.sciencedirect.com/science/article/pii/S0168169926008653,Research article,ScienceDirect,SD-Q2,02_search_exports/repaired/W4-20260930-ScienceDirect-Q2-offset-0.json,,
SD-RAW-0428,"Foundations, vulnerabilities, and GenAI-driven defenses in Cognitive Internet of Medical Things systems",Lamia Chaari Fourati; Abstract; Export,2026,Journal of Systems Architecture,https://www.sciencedirect.com/science/article/pii/S1383762126002080,Review article,ScienceDirect,SD-Q2,02_search_exports/repaired/W4-20260930-ScienceDirect-Q2-offset-0.json,,
SD-RAW-0429,Anti-APhish: A robust and adaptive detection approach against evolving AI-powered phishing URLs,Ziliang Zhang; Yu Yang; Zhiquan Liu; Abstract; Export,2026,Expert Systems with Applications,https://www.sciencedirect.com/science/article/pii/S0957417426022335,Research article,ScienceDirect,SD-Q2,02_search_exports/repaired/W4-20260930-ScienceDirect-Q2-offset-0.json,,
SD-RAW-0430,A novel framework for assessing determinant risk factors on cyber (dis)trust behaviors of netizens in deepfakes,Milad Taleby Ahvanooey; Wojciech Mazurczyk; Jun Zhao; View PDF; Abstract; Graphical Abstract; Export,2025,Engineering Applications of Artificial Intelligence,https://www.sciencedirect.com/science/article/pii/S0952197625013211,Research articleOpen access,ScienceDirect,SD-Q2,02_search_exports/repaired/W4-20260930-ScienceDirect-Q2-offset-100.json,,
SD-RAW-0431,The paradoxes of generative AI-mediated acculturation,Colin Campbell; Sean Sands; Alexis Mavrommatis; Abstract; Export,2026,International Marketing Review,https://www.sciencedirect.com/science/article/pii/S0265133526000146,Research articleOpen access,ScienceDirect,SD-Q2,02_search_exports/repaired/W4-20260930-ScienceDirect-Q2-offset-100.json,,
SD-RAW-0432,"Beyond accuracy: Dual-layer opacity, knowledge gaps, and the trust-cliff dynamics of generative-AI markets",Siddharth Nandagopal; Abstract; Export,2025,Strategic Business Research,https://www.sciencedirect.com/science/article/pii/S305106432500007X,Research article,ScienceDirect,SD-Q2,02_search_exports/repaired/W4-20260930-ScienceDirect-Q2-offset-100.json,,
SD-RAW-0433,Can we trust the source? A systematic review of watermarking and attribution for AI-generated code,Istiaq Ahmed Fahad; Mridha Md. Nafis Fuad; Abstract; Export,2026,Information and Software Technology,https://www.sciencedirect.com/science/article/pii/S0950584926001461,Research article,ScienceDirect,SD-Q2,02_search_exports/repaired/W4-20260930-ScienceDirect-Q2-offset-100.json,,
SD-RAW-0434,American Medical Association Shares Framework to Address the Escalating Risk of Physician Deepfakes,Shalini Kathuria Narang; Abstract; Export,,Journal of Medical Internet Research,https://www.sciencedirect.com/science/article/pii/S143888712600693X,,ScienceDirect,SD-Q2,02_search_exports/repaired/W4-20260930-ScienceDirect-Q2-offset-100.json,,
SD-RAW-0435,Deepfakes in health care: Decoding digital deceptions,Shankargouda Patil; Frank W. Licari; Export,2024,The Journal of the American Dental Association,https://www.sciencedirect.com/science/article/pii/S0002817724002083,,ScienceDirect,SD-Q2,02_search_exports/repaired/W4-20260930-ScienceDirect-Q2-offset-100.json,,
SD-RAW-0436,Sustainable water information systems with LLMs and RAG: Opportunities and challenges,Muhammad Arslan; View PDF; Abstract; Graphical Abstract; Export,2026,Green Technologies and Sustainability,https://www.sciencedirect.com/science/article/pii/S2949736126000254,Review articleOpen access,ScienceDirect,SD-Q2,02_search_exports/repaired/W4-20260930-ScienceDirect-Q2-offset-100.json,,
SD-RAW-0437,Cognitive Autonomous Memory Security (CAMS) against injection and extraction attacks in long-term memory of AI agents,Dhivyasree T.; Saravanan S.; Uma Maheswari Balasubramanian; View PDF; Abstract; Export,2026,Egyptian Informatics Journal,https://www.sciencedirect.com/science/article/pii/S1110866526001003,Research articleOpen access,ScienceDirect,SD-Q2,02_search_exports/repaired/W4-20260930-ScienceDirect-Q2-offset-100.json,,
SD-RAW-0438,A review on recent advancements of ChatGPT and datafication in healthcare applications,Senthil Kumar Jagatheesaperumal; Abinaya Pandiyarajan; Victor Hugo C. de Albuquerque; Abstract; Graphical Abstract; Export,2025,Computers in Biology and Medicine,https://www.sciencedirect.com/science/article/pii/S0010482525012363,Review article,ScienceDirect,SD-Q2,02_search_exports/repaired/W4-20260930-ScienceDirect-Q2-offset-100.json,,
SD-RAW-0439,Auditable LLM Autonomy for Operational Decision-Making: Big Data Evidence and Decision Traces,Leonidas Theodorakopoulos; Alexandra Theodoropoulou; Abstract; Export,,"Computers, Materials and Continua",https://www.sciencedirect.com/science/article/pii/S1546221826005485,Review articleOpen access,ScienceDirect,SD-Q2,02_search_exports/repaired/W4-20260930-ScienceDirect-Q2-offset-100.json,,
SD-RAW-0440,Vision-Based Frontend Extraction and LLM-Enhanced Web Honeypot Framework,Guan Yang; Shiyan Kang; Yu Wang; Abstract; Export,,"Computers, Materials and Continua",https://www.sciencedirect.com/science/article/pii/S1546221826007447,,ScienceDirect,SD-Q2,02_search_exports/repaired/W4-20260930-ScienceDirect-Q2-offset-100.json,,
SD-RAW-0441,"Swapped faces, swayed beliefs: How deepfakes affect trust in data videos with human narrators",Xingyu Lan; Xiaochun Wang; Xiuqi Tian; View PDF; Abstract; Export,2026,Visual Informatics,https://www.sciencedirect.com/science/article/pii/S2468502X26000227,Research articleOpen access,ScienceDirect,SD-Q2,02_search_exports/repaired/W4-20260930-ScienceDirect-Q2-offset-100.json,,
SD-RAW-0442,A Comparative Analysis of Deep Learning Based Approaches for DeepFake Identification,Krity Duhan; Abhishek Kajal; View PDF; Abstract; Export,,Procedia Computer Science,https://www.sciencedirect.com/science/article/pii/S1877050925010944,Research articleOpen access,ScienceDirect,SD-Q2,02_search_exports/repaired/W4-20260930-ScienceDirect-Q2-offset-100.json,,
SD-RAW-0443,Artificial intelligence as a tool for detecting deception in 911 homicide calls,Patrick M. Markey; Samantha Goldman; Lila Trollip; Abstract; Export,2025,Journal of Criminal Justice,https://www.sciencedirect.com/science/article/pii/S0047235224001867,Research article,ScienceDirect,SD-Q2,02_search_exports/repaired/W4-20260930-ScienceDirect-Q2-offset-100.json,,
SD-RAW-0444,The phantom candidate: A framework for combating AI-enabled identity deception in remote hiring,Pankaj C. Patel; Abstract; Export,2026,Human Resource Management Review,https://www.sciencedirect.com/science/article/pii/S1053482226000331,Research article,ScienceDirect,SD-Q2,02_search_exports/repaired/W4-20260930-ScienceDirect-Q2-offset-100.json,,
SD-RAW-0445,When AI Disagrees: The Effect of Second Opinion on Patients' Trust in Doctors,Cheng Chen; Yuan Sun; S. Shyam Sundar; Abstract; Export,2026,International Journal of Human-Computer Studies,https://www.sciencedirect.com/science/article/pii/S1071581926000996,Research article,ScienceDirect,SD-Q2,02_search_exports/repaired/W4-20260930-ScienceDirect-Q2-offset-100.json,,
SD-RAW-0446,Distorting the truth versus blatant lies: The effects of different degrees of deception in domestic and foreign political deepfakes,Michael Hameleers; Toni G. L. A. van der Meer; Tom Dobber; View PDF; Abstract; Export,2024,Computers in Human Behavior,https://www.sciencedirect.com/science/article/pii/S0747563223004478,Research articleOpen access,ScienceDirect,SD-Q2,02_search_exports/repaired/W4-20260930-ScienceDirect-Q2-offset-100.json,,
SD-RAW-0447,Fraud by generative AI chatbots: On the thin line between deception and negligence,Maarten Herbosch; Abstract; Export,2024,Computer Law & Security Review,https://www.sciencedirect.com/science/article/pii/S0267364924000086,Research article,ScienceDirect,SD-Q2,02_search_exports/repaired/W4-20260930-ScienceDirect-Q2-offset-100.json,,
SD-RAW-0448,Secure and trustworthy energy systems: A four-layer threat model and defense-in-depth framework,Yuheng Cheng; Xiyuan Zhou; Junhua Zhao; Abstract; Graphical Abstract; Export,2026,Energy,https://www.sciencedirect.com/science/article/pii/S0360544226001295,Research article,ScienceDirect,SD-Q2,02_search_exports/repaired/W4-20260930-ScienceDirect-Q2-offset-100.json,,
SD-RAW-0449,URL2Graph++: Unified semantic-structural-character learning for malicious URL detection,Ye Tian; Yifan Jia; Xiaowen Ling; Abstract; Export,2026,Information Fusion,https://www.sciencedirect.com/science/article/pii/S1566253526000886,Research article,ScienceDirect,SD-Q2,02_search_exports/repaired/W4-20260930-ScienceDirect-Q2-offset-100.json,,
SD-RAW-0450,Information Coordination as a Bridge: A Neuro-Symbolic Architecture for Reliable Autonomous Driving Scene Understanding,Shuo Liu; Lei Shi; Yucheng Shi; Abstract; Graphical Abstract; Export,2026,Expert Systems with Applications,https://www.sciencedirect.com/science/article/pii/S0957417426034408,Research article,ScienceDirect,SD-Q2,02_search_exports/repaired/W4-20260930-ScienceDirect-Q2-offset-100.json,,
SD-RAW-0451,Clinical Model Autophagy: The Risk of Interpretative Drift in Recursive Medical AI,Pei Fan Shih; Abstract; Export,,JMIR Medical Informatics,https://www.sciencedirect.com/science/article/pii/S2291969426001146,Research articleOpen access,ScienceDirect,SD-Q2,02_search_exports/repaired/W4-20260930-ScienceDirect-Q2-offset-100.json,,
SD-RAW-0452,StealthPhisher: A defensive framework against phishing attack using hybrid deep learning and GenAI,Arvind Prasad; Vibhu Yadav; Dushyant Nagal; Abstract; Export,2026,Expert Systems with Applications,https://www.sciencedirect.com/science/article/pii/S0957417425038205,Research article,ScienceDirect,SD-Q2,02_search_exports/repaired/W4-20260930-ScienceDirect-Q2-offset-100.json,,
SD-RAW-0453,A trustworthy agentic AI framework for auditable label-free machinery fault diagnosis in safety-critical engineering systems,Yuntong Chen; Binhao Liu; Lijiang Huang; Abstract; Export,2027,Advanced Engineering Informatics,https://www.sciencedirect.com/science/article/pii/S1474034626008979,Research article,ScienceDirect,SD-Q2,02_search_exports/repaired/W4-20260930-ScienceDirect-Q2-offset-100.json,,
SD-RAW-0454,A RAG data pipeline transforming heterogeneous data into AI-ready format for autonomous building performance discovery,Han Li; Ana Comesana; Tianzhen Hong; View PDF; Abstract; Export,2026,Advances in Applied Energy,https://www.sciencedirect.com/science/article/pii/S2666792425000551,Research articleOpen access,ScienceDirect,SD-Q2,02_search_exports/repaired/W4-20260930-ScienceDirect-Q2-offset-100.json,,
SD-RAW-0455,Constructing digital professionalism in the generative AI era: A qualitative study with nursing students and faculty,Sayed Ibrahim Ali; Mostafa Shaban; Abstract; Export,2026,Nurse Education Today,https://www.sciencedirect.com/science/article/pii/S0260691726000833,Research article,ScienceDirect,SD-Q2,02_search_exports/repaired/W4-20260930-ScienceDirect-Q2-offset-100.json,,
SD-RAW-0456,Deepfakes as narratives: Psychological processes explaining their reception,María T. Soto-Sanfiel; Ariadna Angulo-Brunet; Sanjay Saha; Abstract; Export,2025,Computers in Human Behavior,https://www.sciencedirect.com/science/article/pii/S0747563224003868,Research article,ScienceDirect,SD-Q2,02_search_exports/repaired/W4-20260930-ScienceDirect-Q2-offset-100.json,,
SD-RAW-0457,Design guidelines for the therapeutic use of AI in grief,Maria Isabel Betancur Franco; View PDF; Abstract; Export,2026,Journal of Responsible Technology,https://www.sciencedirect.com/science/article/pii/S2666659626000016,Research articleOpen access,ScienceDirect,SD-Q2,02_search_exports/repaired/W4-20260930-ScienceDirect-Q2-offset-100.json,,
SD-RAW-0458,iGeochem cloud: A cyber-physical framework for intelligent and automated geochemical laboratories,Qiang Huang; Chufan Zhou; Ying Zhong; View PDF; Abstract; Graphical Abstract; Export,2026,Artificial Intelligence in Geosciences,https://www.sciencedirect.com/science/article/pii/S2666544126000730,Review articleOpen access,ScienceDirect,SD-Q2,02_search_exports/repaired/W4-20260930-ScienceDirect-Q2-offset-100.json,,
SD-RAW-0459,NFTs for combating deepfakes and fake metaverse digital contents,Haya R. Hasan; Khaled Salah; Mohammed Omar; View PDF; Abstract; Export,2024,Internet of Things,https://www.sciencedirect.com/science/article/pii/S2542660524000751,Research articleOpen access,ScienceDirect,SD-Q2,02_search_exports/repaired/W4-20260930-ScienceDirect-Q2-offset-100.json,,
SD-RAW-0460,YouTA: A context-aware corpus annotation tool for critical discourse analysis of YouTube comments,Nicolás José Fernández-Martínez; View PDF; Abstract; Export,2026,Applied Corpus Linguistics,https://www.sciencedirect.com/science/article/pii/S2666799126000390,Research articleOpen access,ScienceDirect,SD-Q2,02_search_exports/repaired/W4-20260930-ScienceDirect-Q2-offset-100.json,,
SD-RAW-0461,Understanding Artificial Intelligence (AI) for the Electrophysiologist,Charulatha Ramanathan; Natalia A. Trayanova; View PDF; Abstract; Export,2026,Indian Pacing and Electrophysiology Journal,https://www.sciencedirect.com/science/article/pii/S0972629226000100,Review articleOpen access,ScienceDirect,SD-Q2,02_search_exports/repaired/W4-20260930-ScienceDirect-Q2-offset-100.json,,
SD-RAW-0462,Ethical service governance and loyalty-related intentions in generative AI subscription services: The mediating role of trust,Zhenyu Wang; Zenan Lu; Jianmin Wang; Abstract; Export,2027,Journal of Retailing and Consumer Services,https://www.sciencedirect.com/science/article/pii/S0969698926003334,Research article,ScienceDirect,SD-Q2,02_search_exports/repaired/W4-20260930-ScienceDirect-Q2-offset-100.json,,
SD-RAW-0463,Power ops agent: A knowledge and data dual-driven multi-agent framework for substation operation and maintenance,Zhihong Xiao; Haoyu Liu; Yun Ju; Abstract; Export,2026,Expert Systems with Applications,https://www.sciencedirect.com/science/article/pii/S095741742600878X,Research article,ScienceDirect,SD-Q2,02_search_exports/repaired/W4-20260930-ScienceDirect-Q2-offset-100.json,,
SD-RAW-0464,DFGNN: An interpretable and generalized graph neural network for deepfakes detection,Fatima Khalid; Ali Javed; Aun Irtaza; Abstract; Export,2023,Expert Systems with Applications,https://www.sciencedirect.com/science/article/pii/S0957417423003445,Research article,ScienceDirect,SD-Q2,02_search_exports/repaired/W4-20260930-ScienceDirect-Q2-offset-100.json,,
SD-RAW-0465,Silicus Traveler: An agent to simulate tourist behavior,Juan Serantes; Jorge E. Araña; View PDF; Export,2025,Annals of Tourism Research,https://www.sciencedirect.com/science/article/pii/S0160738325001586,,ScienceDirect,SD-Q2,02_search_exports/repaired/W4-20260930-ScienceDirect-Q2-offset-100.json,,
SD-RAW-0466,NIDW: A post-hoc cascade multi-channel text watermarking framework with Newton interpolation,Mingjie Li; Yonggang Zhang; Shuqin Zhang; Abstract; Export,2026,Knowledge-Based Systems,https://www.sciencedirect.com/science/article/pii/S0950705126018150,Research article,ScienceDirect,SD-Q2,02_search_exports/repaired/W4-20260930-ScienceDirect-Q2-offset-100.json,,
SD-RAW-0467,Transparency and Auditability in AI-Driven Data Pipelines: Toward Explainable Agentic ETL Systems,Claudiu Brandas; Mihai Plesa; Madhav Sharma; View PDF; Abstract; Export,,Procedia Computer Science,https://www.sciencedirect.com/science/article/pii/S1877050926027882,Research articleOpen access,ScienceDirect,SD-Q2,02_search_exports/repaired/W4-20260930-ScienceDirect-Q2-offset-100.json,,
SD-RAW-0468,Intelligent interactive honeypots: A systematization of AI-driven cyber deception,Steve Nyamwaya; Sajad Khorsandroo; Elisa Bertino; View PDF; Abstract; Export,2027,Computer Science Review,https://www.sciencedirect.com/science/article/pii/S1574013726001619,Review articleOpen access,ScienceDirect,SD-Q2,02_search_exports/repaired/W4-20260930-ScienceDirect-Q2-offset-100.json,,
SD-RAW-0469,"Price, trust, and human touch: Provenance signals in human–AI collaborative product description writing on Japanese online flea market apps",Miyuki Fujiwara; Rintaro Chujo; Ari Hautasaari; View PDF; Abstract; Export,2026,Computers in Human Behavior: Artificial Humans,https://www.sciencedirect.com/science/article/pii/S2949882126001258,Research articleOpen access,ScienceDirect,SD-Q2,02_search_exports/repaired/W4-20260930-ScienceDirect-Q2-offset-100.json,,
SD-RAW-0470,From Static Outputs to Living Evidence: AI for Integrated Knowledge Translation in Canadian Health Research,Zack van Allen; Jayne Beselt; Arun Radhakrishnan; Abstract; Export,,JMIR AI,https://www.sciencedirect.com/science/article/pii/S2817170526001171,,ScienceDirect,SD-Q2,02_search_exports/repaired/W4-20260930-ScienceDirect-Q2-offset-100.json,,
SD-RAW-0471,Towards robust language models: XAI-Driven generation and mitigation of targeted adversarial examples under restricted knowledge,Tomasz Walkowiak; Mateusz Gniewkowski; Paweł Walkowiak; Abstract; Export,2026,Journal of Computational Science,https://www.sciencedirect.com/science/article/pii/S187775032600102X,Research article,ScienceDirect,SD-Q2,02_search_exports/repaired/W4-20260930-ScienceDirect-Q2-offset-100.json,,
SD-RAW-0472,Sentence-Level Provenance for AI Medical Record Summarization in a Click-to-Inspect Interface: Formative Usability Evaluation,Andrew Parambath; Giordana Pulpo; Vince Hartman; Abstract; Export,,JMIR Human Factors,https://www.sciencedirect.com/science/article/pii/S229294952600204X,,ScienceDirect,SD-Q2,02_search_exports/repaired/W4-20260930-ScienceDirect-Q2-offset-100.json,,
SD-RAW-0473,"Governing Patient-Facing AI-Generated Video in Digital Health: A Risk-and-Ethics Matrix for Deployment, Monitoring, and Change Control",Yongzheng Hu; Wei Jiang; Abstract; Export,,Journal of Medical Internet Research,https://www.sciencedirect.com/science/article/pii/S1438887126004620,Research articleOpen access,ScienceDirect,SD-Q2,02_search_exports/repaired/W4-20260930-ScienceDirect-Q2-offset-100.json,,
SD-RAW-0474,“Is GenAI my supervisor?” Experiences of nursing undergraduates in using generative AI to assist in case study theses: A qualitative study,Huili Xu; Peihua Chen; Yibing Tan; Abstract; Export,2026,Nurse Education Today,https://www.sciencedirect.com/science/article/pii/S026069172600081X,Research article,ScienceDirect,SD-Q2,02_search_exports/repaired/W4-20260930-ScienceDirect-Q2-offset-100.json,,
SD-RAW-0475,Testing medical AI by fabricating disease: an ethical analysis,H. Sharma; Abstract; Export,,"Ethics, Medicine and Public Health",https://www.sciencedirect.com/science/article/pii/S2352552526000733,,ScienceDirect,SD-Q2,02_search_exports/repaired/W4-20260930-ScienceDirect-Q2-offset-100.json,,
SD-RAW-0476,Caret: A conversational assistant for Java development within Eclipse,Albert Contreras; Esther Guerra; Juan de Lara; View PDF; Abstract; Export,2026,SoftwareX,https://www.sciencedirect.com/science/article/pii/S2352711026005674,,ScienceDirect,SD-Q2,02_search_exports/repaired/W4-20260930-ScienceDirect-Q2-offset-100.json,,
SD-RAW-0477,Machine learning methods for fraud detection within Ethereum blockchain—A review,Joao Crisostomo; Fernando Bacao; Victor Lobo; View PDF; Abstract; Export,2026,Blockchain: Research and Applications,https://www.sciencedirect.com/science/article/pii/S209672092600031X,Review articleOpen access,ScienceDirect,SD-Q2,02_search_exports/repaired/W4-20260930-ScienceDirect-Q2-offset-100.json,,
SD-RAW-0478,Chapter 35: Minimizing vulnerability of artificial intelligence (AI) programs from cyberattacks,Laishram Saya; Deepanshu Vasuja; Sunita Hooda; Abstract; Export,,Applications of Artificial Intelligence in Healthcare,https://www.sciencedirect.com/science/article/pii/B9780443439346000250,Book chapter,ScienceDirect,SD-Q2,02_search_exports/repaired/W4-20260930-ScienceDirect-Q2-offset-100.json,,
SD-RAW-0479,Chapter 8: Manipulating faces for identity theft via morphing and deepfake: Digital privacy,Akshay Agarwal; Nalini Ratha; Abstract; Export,,,https://www.sciencedirect.com/science/article/pii/S016971612200058X,Book chapter,ScienceDirect,SD-Q2,02_search_exports/repaired/W4-20260930-ScienceDirect-Q2-offset-100.json,,
SD-RAW-0480,Standardizing and Scaffolding Health Care AI-Chatbot Evaluation: Systematic Review,Yining Hua; Winna Xia; John Torous; Abstract; Export,,JMIR AI,https://www.sciencedirect.com/science/article/pii/S2817170525000936,Review articleOpen access,ScienceDirect,SD-Q2,02_search_exports/repaired/W4-20260930-ScienceDirect-Q2-offset-100.json,,
SD-RAW-0481,Perception and deception: Exploring individual responses to deepfakes across different modalities,Saifuddin Ahmed; Hui Wen Chua; View PDF; Abstract; Export,2023,Heliyon,https://www.sciencedirect.com/science/article/pii/S2405844023075916,Research articleOpen access,ScienceDirect,SD-Q2,02_search_exports/repaired/W4-20260930-ScienceDirect-Q2-offset-100.json,,
SD-RAW-0482,Dual-perspective cognitive architecture for long-term dialogue memory,Guanxiang Wang; Chaojun Nie; Zhang Hongwei; Abstract; Export,2026,Neurocomputing,https://www.sciencedirect.com/science/article/pii/S0925231226018175,Research article,ScienceDirect,SD-Q2,02_search_exports/repaired/W4-20260930-ScienceDirect-Q2-offset-100.json,,
SD-RAW-0483,A Comparative Analysis of Machine Learning Algorithms for Spam and Phishing URL Classification,Tran Minh Bao; Kumar Shashvat; Dac-Nhuong Le; Abstract; Export,2026,"Computers, Materials and Continua",https://www.sciencedirect.com/science/article/pii/S1546221826002213,Research articleOpen access,ScienceDirect,SD-Q2,02_search_exports/repaired/W4-20260930-ScienceDirect-Q2-offset-100.json,,
SD-RAW-0484,Silent-failure detection in RAG pipelines: A controlled fault-injection study of multi-layer quality gates,Mohammad Tanhaei; View PDF; Abstract; Export,2026,Results in Engineering,https://www.sciencedirect.com/science/article/pii/S259012302604096X,Research articleOpen access,ScienceDirect,SD-Q2,02_search_exports/repaired/W4-20260930-ScienceDirect-Q2-offset-100.json,,
SD-RAW-0485,"Service ads in the era of generative AI: Disclosures, trust, and intangibility",Jamie L. Grigsby; Meg Michelsen; César Zamudio; Abstract; Export,2025,Journal of Retailing and Consumer Services,https://www.sciencedirect.com/science/article/pii/S0969698925000104,Research article,ScienceDirect,SD-Q2,02_search_exports/repaired/W4-20260930-ScienceDirect-Q2-offset-100.json,,
SD-RAW-0486,Foundation-model-assisted electrochemical sensing: from molecular recognition interfaces to autonomous point-of-need analytical decisions,Li Fu; Yanfei Lv; Hassan Karimi-Maleh; Abstract; Export,2026,TrAC Trends in Analytical Chemistry,https://www.sciencedirect.com/science/article/pii/S0165993626003791,Review article,ScienceDirect,SD-Q2,02_search_exports/repaired/W4-20260930-ScienceDirect-Q2-offset-100.json,,
SD-RAW-0487,Versatile and harmless deepfake proactive forensics via conditional watermarking,Xiaoshuai Wu; Xin Liao; Jinlin Guo; Abstract; Export,2026,Information Sciences,https://www.sciencedirect.com/science/article/pii/S0020025525011673,Research article,ScienceDirect,SD-Q2,02_search_exports/repaired/W4-20260930-ScienceDirect-Q2-offset-100.json,,
SD-RAW-0488,Toward Metrology-Grade Multimodal AI in Medical Imaging: A Conceptual Framework for Uncertainty-Aware and Traceable Measurement Pipelines,Exaucé Maruba Kambale; Christian Kutabuna Kubakisa; Kyamakya Kyandoghere; View PDF; Abstract; Export,,Procedia Computer Science,https://www.sciencedirect.com/science/article/pii/S1877050926031005,Research articleOpen access,ScienceDirect,SD-Q2,02_search_exports/repaired/W4-20260930-ScienceDirect-Q2-offset-100.json,,
SD-RAW-0489,Safeguarding media integrity: A hybrid optimized deep feature fusion based deepfake detection in videos,Jayashre K; Amsaprabhaa M; Abstract; Export,2024,Computers & Security,https://www.sciencedirect.com/science/article/pii/S0167404824001615,Research article,ScienceDirect,SD-Q2,02_search_exports/repaired/W4-20260930-ScienceDirect-Q2-offset-100.json,,
SD-RAW-0490,Tailoring task arithmetic to address bias in models trained on multi-institutional datasets,Xiruo Ding; Zhecheng Sheng; Trevor Cohen; Abstract; Graphical Abstract; Export,2025,Journal of Biomedical Informatics,https://www.sciencedirect.com/science/article/pii/S1532046425000875,Research article,ScienceDirect,SD-Q2,02_search_exports/repaired/W4-20260930-ScienceDirect-Q2-offset-100.json,,
SD-RAW-0491,A Deepfake Detection Algorithm Based on Fourier Transform of Biological Signal,Yin Ni; Wu Zeng; Ruochen Tan; Abstract; Export,2024,"Computers, Materials and Continua",https://www.sciencedirect.com/science/article/pii/S1546221824000511,Research articleOpen access,ScienceDirect,SD-Q2,02_search_exports/repaired/W4-20260930-ScienceDirect-Q2-offset-100.json,,
SD-RAW-0492,A domain-specific knowledge graph for reasoning over AI security threats and defenses,Samaneh Shamshiri; Danial Javaheri; Junbeom Hur; Abstract; Export,2026,Knowledge-Based Systems,https://www.sciencedirect.com/science/article/pii/S0950705126012189,Research article,ScienceDirect,SD-Q2,02_search_exports/repaired/W4-20260930-ScienceDirect-Q2-offset-100.json,,
SD-RAW-0493,The pathology report as a boundary object: From clinical communication to computational representation,Shuoshuo Wang; View PDF; Abstract; Graphical Abstract; Export,2026,Precision Pathology,https://www.sciencedirect.com/science/article/pii/S3117678X26000028,Review articleOpen access,ScienceDirect,SD-Q2,02_search_exports/repaired/W4-20260930-ScienceDirect-Q2-offset-100.json,,
SD-RAW-0494,"Artificial intelligence for natural product drug discovery and development: current landscape, applications, and future directions",Zhinya Kawa Othman; Mohamed Mustaf Ahmed; Sornkanok Vimolmangkang; View PDF; Abstract; Export,,Intelligence-Based Medicine,https://www.sciencedirect.com/science/article/pii/S2666521225001206,Review articleOpen access,ScienceDirect,SD-Q2,02_search_exports/repaired/W4-20260930-ScienceDirect-Q2-offset-100.json,,
SD-RAW-0495,LLM-assisted hybrid interfaces for remote repertory grid interviews: A usability and expert evaluation,Yunxing Liu; Jean-Bernard Martens; View PDF; Abstract; Export,2026,Computers in Human Behavior Reports,https://www.sciencedirect.com/science/article/pii/S2451958826001600,Research articleOpen access,ScienceDirect,SD-Q2,02_search_exports/repaired/W4-20260930-ScienceDirect-Q2-offset-100.json,,
SD-RAW-0496,Application of a digital intelligent assistant to support industrial processes: the case of adaptive allocation in the face of cyber attacks,Silvia Colabianchi; View PDF; Abstract; Export,,Procedia Computer Science,https://www.sciencedirect.com/science/article/pii/S187705092500225X,Research articleOpen access,ScienceDirect,SD-Q2,02_search_exports/repaired/W4-20260930-ScienceDirect-Q2-offset-100.json,,
SD-RAW-0497,"Evolving Health Information–Seeking Behavior in the Context of Google AI Overviews, ChatGPT, and Alexa: Interview Study Using the Think-Aloud Protocol",Claire Wardle; Shaydanay Urbani; Eric Wang; Abstract; Export,,Journal of Medical Internet Research,https://www.sciencedirect.com/science/article/pii/S143888712501341X,Research articleOpen access,ScienceDirect,SD-Q2,02_search_exports/repaired/W4-20260930-ScienceDirect-Q2-offset-100.json,,
SD-RAW-0498,Norms or fun? The influence of ethical concerns and perceived enjoyment on the regulation of deepfake information,Minghui Li; Yan Wan; Abstract; Export,2023,Internet Research,https://www.sciencedirect.com/science/article/pii/S1066224323000394,Research article,ScienceDirect,SD-Q2,02_search_exports/repaired/W4-20260930-ScienceDirect-Q2-offset-100.json,,
SD-RAW-0499,Assessing Real-World Data From Electronic Health Records for Health Technology Assessment: The SUITABILITY Checklist: A Good Practices Report of an ISPOR Task Force,Rachael L. Fleurence; Seamus Kent; Scott Ramsey; View PDF; Abstract; Export,2024,Value in Health,https://www.sciencedirect.com/science/article/pii/S109830152400069X,Research articleOpen archive,ScienceDirect,SD-Q2,02_search_exports/repaired/W4-20260930-ScienceDirect-Q2-offset-100.json,,
SD-RAW-0500,Consumer Data is Key to Artificial Intelligence Value: Welcome to the Health Care Future,James C; Abstract; Export,,Journal of Participatory Medicine,https://www.sciencedirect.com/science/article/pii/S2152720225000212,Research articleOpen access,ScienceDirect,SD-Q2,02_search_exports/repaired/W4-20260930-ScienceDirect-Q2-offset-100.json,,
SD-RAW-0501,Acoustic features analysis for explainable machine learning-based audio spoofing detection,Carmen Bisogni; Vincenzo Loia; Chiara Pero; View PDF; Abstract; Export,2024,Computer Vision and Image Understanding,https://www.sciencedirect.com/science/article/pii/S1077314224002261,Research articleOpen access,ScienceDirect,SD-Q2,02_search_exports/repaired/W4-20260930-ScienceDirect-Q2-offset-100.json,,
SD-RAW-0502,Evaluation of AI-generated patient handouts on post-operative delirium: A comparative quality study,Nicholas Hua; Ellene Yan; Frances Chung; View PDF; Abstract; Export,2026,JCA Advances,https://www.sciencedirect.com/science/article/pii/S2950553426000419,,ScienceDirect,SD-Q2,02_search_exports/repaired/W4-20260930-ScienceDirect-Q2-offset-100.json,,
SD-RAW-0503,Deterministic Workflow Auditing via Dependency–State Coupled Verification and Explainable Conflict Tracing,Jixin Xu; Xingxin Li; Qingqing Song; Abstract; Export,,"Computers, Materials and Continua",https://www.sciencedirect.com/science/article/pii/S1546221826007691,,ScienceDirect,SD-Q2,02_search_exports/repaired/W4-20260930-ScienceDirect-Q2-offset-100.json,,
SD-RAW-0504,"ChatGPT in education: Methods, potentials, and limitations",Bahar Memarian; Tenzin Doleck; View PDF; Abstract; Export,2023,Computers in Human Behavior: Artificial Humans,https://www.sciencedirect.com/science/article/pii/S2949882123000221,Review articleOpen access,ScienceDirect,SD-Q2,02_search_exports/repaired/W4-20260930-ScienceDirect-Q2-offset-100.json,,
SD-RAW-0505,Now more than ever: the role of museum and archival objects in an age of generative artificial intelligence,Dirk H. R. Spennemann; Abstract; Export,2026,Collection and Curation,https://www.sciencedirect.com/science/article/pii/S2514932625000080,,ScienceDirect,SD-Q2,02_search_exports/repaired/W4-20260930-ScienceDirect-Q2-offset-100.json,,
SD-RAW-0506,Toward authenticity-centered disclosure in tourism research,Van-Ha Luong; Tan Vo-Thanh; Export,2026,Annals of Tourism Research,https://www.sciencedirect.com/science/article/pii/S0160738326001489,,ScienceDirect,SD-Q2,02_search_exports/repaired/W4-20260930-ScienceDirect-Q2-offset-100.json,,
SD-RAW-0507,Advancing reliable synthetic video detection: Insights from the SAFE challenge,Kirill Trapeznikov; Gabriel Mancino-Ball; Jill Crisman; View PDF; Abstract; Export,2026,Forensic Science International: Digital Investigation,https://www.sciencedirect.com/science/article/pii/S2666281726000776,Research articleOpen access,ScienceDirect,SD-Q2,02_search_exports/repaired/W4-20260930-ScienceDirect-Q2-offset-100.json,,
SD-RAW-0508,Dual-Source Retrieval-Augmented Generation Chatbot for Women’s Health (HerCare): Design and Multimethod Evaluation Study,Kimia Tuz Zaman; Wordh Ul Hasan; Juan Li; Abstract; Export,,JMIR Formative Research,https://www.sciencedirect.com/science/article/pii/S2561326X26005780,,ScienceDirect,SD-Q2,02_search_exports/repaired/W4-20260930-ScienceDirect-Q2-offset-100.json,,
SD-RAW-0509,When trust attracts fraud: AI and trust arbitrage,Xieyu Yin; Fenghua Wen; Abstract; Export,2026,Economics Letters,https://www.sciencedirect.com/science/article/pii/S0165176526004301,,ScienceDirect,SD-Q2,02_search_exports/repaired/W4-20260930-ScienceDirect-Q2-offset-100.json,,
SD-RAW-0510,From fake to AI-generated: Leveraging information manipulation theory and explainable AI for robust detection of manipulated reviews,Olga Chernyaeva; One-Ki Daniel Lee; Taeho Hong; Abstract; Export,2025,Decision Support Systems,https://www.sciencedirect.com/science/article/pii/S016792362500123X,Research article,ScienceDirect,SD-Q2,02_search_exports/repaired/W4-20260930-ScienceDirect-Q2-offset-100.json,,
SD-RAW-0511,DeepFake detection based on high-frequency enhancement network for highly compressed content,Jie Gao; Zhaoqiang Xia; Xiaoyi Feng; Abstract; Export,2024,Expert Systems with Applications,https://www.sciencedirect.com/science/article/pii/S0957417424005980,Research article,ScienceDirect,SD-Q2,02_search_exports/repaired/W4-20260930-ScienceDirect-Q2-offset-100.json,,
SD-RAW-0512,"AI image generation technology in ophthalmology: Use, misuse and future applications",Benjamin Phipps; Xavier Hadoux; Peter van Wijngaarden; View PDF; Abstract; Export,2025,Progress in Retinal and Eye Research,https://www.sciencedirect.com/science/article/pii/S1350946225000266,Review articleOpen access,ScienceDirect,SD-Q2,02_search_exports/repaired/W4-20260930-ScienceDirect-Q2-offset-100.json,,
SD-RAW-0513,Corrigendum to “‘Decoding LLMs’ verbal deception in online reviews” [Decision Support Systems 200 (2026) 114529].,Yinghui Huang; Jinyi Zhou; Shasha Deng; View PDF; Export,2026,Decision Support Systems,https://www.sciencedirect.com/science/article/pii/S0167923625001952,,ScienceDirect,SD-Q2,02_search_exports/repaired/W4-20260930-ScienceDirect-Q2-offset-100.json,,
SD-RAW-0514,The price of deception? Greenwashing and firm value through a bibliometric lens,Nurul Hidayah; Tony Wijaya; Ratna Rosita Pangestika; View PDF; Abstract; Export,2026,Sustainable Futures,https://www.sciencedirect.com/science/article/pii/S2666188826005071,Review articleOpen access,ScienceDirect,SD-Q2,02_search_exports/repaired/W4-20260930-ScienceDirect-Q2-offset-100.json,,
SD-RAW-0515,Reaction: Self-driving labs need models of the chemical world,Linjiang Chen; Zikai Xie; Jun Jiang; Abstract; Export,2026,Chem,https://www.sciencedirect.com/science/article/pii/S2451929426002627,,ScienceDirect,SD-Q2,02_search_exports/repaired/W4-20260930-ScienceDirect-Q2-offset-100.json,,
SD-RAW-0516,Illusion or reality: Ethical navigation in times of AI-enhanced visual communication,Syed Ali Hussain; Hala Georges; Nawal Abdel Razaq Askar; View PDF; Abstract; Export,,Social Sciences & Humanities Open,https://www.sciencedirect.com/science/article/pii/S2590291125009581,Review articleOpen access,ScienceDirect,SD-Q2,02_search_exports/repaired/W4-20260930-ScienceDirect-Q2-offset-100.json,,
SD-RAW-0517,Towards provenance-aware diffusion: Key-free watermarking with Gaussian shading,Xiaoxiao Wang; Yingjie Tian; Abstract; Graphical Abstract; Export,2026,Expert Systems with Applications,https://www.sciencedirect.com/science/article/pii/S0957417425044379,Research article,ScienceDirect,SD-Q2,02_search_exports/repaired/W4-20260930-ScienceDirect-Q2-offset-100.json,,
SD-RAW-0518,AI & collective memory,Andrew Hoskins; View PDF; Abstract; Export,2026,Current Opinion in Psychology,https://www.sciencedirect.com/science/article/pii/S2352250X25001691,Review articleOpen access,ScienceDirect,SD-Q2,02_search_exports/repaired/W4-20260930-ScienceDirect-Q2-offset-100.json,,
SD-RAW-0519,AI Act Compliance Within the MyHealth@EU Framework: Tutorial,Monika Simjanoska Misheva; Dragan Shahpaski; Matjaž Gams; Abstract; Export,,Journal of Medical Internet Research,https://www.sciencedirect.com/science/article/pii/S1438887125014657,Research articleOpen access,ScienceDirect,SD-Q2,02_search_exports/repaired/W4-20260930-ScienceDirect-Q2-offset-100.json,,
SD-RAW-0520,Synthetic image detection with CLIP: Understanding and assessing predictive cues,Marco Willi; Melanie Mathys; Michael Graber; View PDF; Abstract; Export,2026,Array,https://www.sciencedirect.com/science/article/pii/S259000562600545X,Research articleOpen access,ScienceDirect,SD-Q2,02_search_exports/repaired/W4-20260930-ScienceDirect-Q2-offset-100.json,,
SD-RAW-0521,Patient digital rights and consent architectures in agentic AI and digital human-mediated hospital interactions,Muhammad Zahid Iqbal; View PDF; Abstract; Export,2026,Intelligent Hospital,https://www.sciencedirect.com/science/article/pii/S3050837126000731,,ScienceDirect,SD-Q2,02_search_exports/repaired/W4-20260930-ScienceDirect-Q2-offset-100.json,,
SD-RAW-0522,From scoring to workflow: A survey of agentic recommender systems,Yiqiao Xu; Yunqi Mi; Xueming Qian; Abstract; Export,2027,Information Processing & Management,https://www.sciencedirect.com/science/article/pii/S0306457326005546,Research article,ScienceDirect,SD-Q2,02_search_exports/repaired/W4-20260930-ScienceDirect-Q2-offset-100.json,,
SD-RAW-0523,EPRAG: An epistemic policy framework for action selection in multi-source enterprise retrieval-augmented generation,Ismail Hakki Kinalioglu; Abstract; Export,2026,Knowledge-Based Systems,https://www.sciencedirect.com/science/article/pii/S0950705126016552,Research article,ScienceDirect,SD-Q2,02_search_exports/repaired/W4-20260930-ScienceDirect-Q2-offset-100.json,,
SD-RAW-0524,Intelligent‑TPACK in practice: design and evidence from a three‑week teacher preparation module,Tugce Aldemir; Selcuk Kilinc; Noelle Wall Sweany; View PDF; Abstract; Export,2025,Computers and Education Open,https://www.sciencedirect.com/science/article/pii/S2666557325000655,Research articleOpen access,ScienceDirect,SD-Q2,02_search_exports/repaired/W4-20260930-ScienceDirect-Q2-offset-100.json,,
SD-RAW-0525,Introducing ManyViews: an AI-assisted tool to support citizens’ engagement in the design of urban spaces,Rong Huang; Yihan Hou; Wei Zeng; Abstract; Graphical Abstract; Export,2026,International Journal of Human-Computer Studies,https://www.sciencedirect.com/science/article/pii/S1071581926000716,Research article,ScienceDirect,SD-Q2,02_search_exports/repaired/W4-20260930-ScienceDirect-Q2-offset-100.json,,
SD-RAW-0526,An eye for AI: quantitative insights into viewer ability to identify AI-generated artworks,Joshua Cunningham; Abstract; Export,2026,"Journal of Information, Communication and Ethics in Society",https://www.sciencedirect.com/science/article/pii/S1477996X25000217,Research article,ScienceDirect,SD-Q2,02_search_exports/repaired/W4-20260930-ScienceDirect-Q2-offset-100.json,,
SD-RAW-0527,Robust spectral watermark for synthetic tabular data,Yizhou Zhao; Xiang Li; Weijie Su; View PDF; Abstract; Export,2026,Statistical Learning and Data Science,https://www.sciencedirect.com/science/article/pii/S3051390126000012,Research articleOpen access,ScienceDirect,SD-Q2,02_search_exports/repaired/W4-20260930-ScienceDirect-Q2-offset-100.json,,
SD-RAW-0528,Multimodal cross-domain recommender systems using image–text fusion: A gated contrastive approach for scalable service computing,Adeel Ahmed; Ku Muhammad Naim Ku Khalif; Muhammad I. Khan; Abstract; Export,2027,Information Sciences,https://www.sciencedirect.com/science/article/pii/S0020025526009369,Research article,ScienceDirect,SD-Q2,02_search_exports/repaired/W4-20260930-ScienceDirect-Q2-offset-100.json,,
SD-RAW-0529,Paper mill or paper mine? A tentative answer to the sharp increase in research papers based on the Global Burden of Disease database,Peter Methys Degen; Andrea Riebler; Leonhard Held; View PDF; Abstract; Graphical Abstract; Export,2026,Journal of Clinical Epidemiology,https://www.sciencedirect.com/science/article/pii/S0895435626003409,Research articleOpen access,ScienceDirect,SD-Q2,02_search_exports/repaired/W4-20260930-ScienceDirect-Q2-offset-100.json,,
SD-RAW-0530,Chapter 13: Combating deep fakes by the power of artificial intelligence and block chain in healthcare applications,Kiran Chandrappa; Krupa K. Shankar; Abstract; Export,,Unleashing the Potentials of Blockchain Technology for Healthcare Industries,https://www.sciencedirect.com/science/article/pii/B9780323994811000122,Book chapter,ScienceDirect,SD-Q2,02_search_exports/repaired/W4-20260930-ScienceDirect-Q2-offset-200.json,,
SD-RAW-0531,RETRACTED: The economic case for blend fuels: A cost-benefit analysis in the European context,Cemil Koyunoğlu; View PDF; Abstract; Export,2025,Sustainable Technology and Entrepreneurship,https://www.sciencedirect.com/science/article/pii/S2773032824000257,,ScienceDirect,SD-Q2,02_search_exports/repaired/W4-20260930-ScienceDirect-Q2-offset-200.json,,
SD-RAW-0532,Cyber threat intelligence challenges: Leveraging blockchain intelligence with possible solution,Rashi Saxena; E. Gayathri; Abstract; Export,,Materials Today: Proceedings,https://www.sciencedirect.com/science/article/pii/S2214785321045752,Research article,ScienceDirect,SD-Q2,02_search_exports/repaired/W4-20260930-ScienceDirect-Q2-offset-200.json,,
SD-RAW-0533,Identifying suspicious online reviews of telemedicine applications based on homophily principle and social presence theory,Chengfei Wang; Wenting (Kayla) Jiang; Han Li; Abstract; Export,2026,Decision Support Systems,https://www.sciencedirect.com/science/article/pii/S0167923626001405,Research article,ScienceDirect,SD-Q2,02_search_exports/repaired/W4-20260930-ScienceDirect-Q2-offset-200.json,,
SD-RAW-0534,Can AI-powered avatars replace human trainers? An empirical test of synthetic humanlike spokesperson applications,Stephen J. Lind; Abstract; Export,2024,Journal of Workplace Learning,https://www.sciencedirect.com/science/article/pii/S1366562624000445,Research article,ScienceDirect,SD-Q2,02_search_exports/repaired/W4-20260930-ScienceDirect-Q2-offset-200.json,,
SD-RAW-0535,"RETRACTED: Future of process safety: Insights, approaches, and potential developments",Hossein Abedsoltan; Amirhesam Abedsoltan; Zeinab Zoghi; View PDF; Abstract; Export,2024,Process Safety and Environmental Protection,https://www.sciencedirect.com/science/article/pii/S0957582024002532,,ScienceDirect,SD-Q2,02_search_exports/repaired/W4-20260930-ScienceDirect-Q2-offset-200.json,,
SD-RAW-0536,Survey of Hydrogen Sulphide Production by Wine Yeasts,A. Mendes-Ferreira; A. Mendes-Faia; C. Leão; View PDF; Abstract; Export,2002,Journal of Food Protection,https://www.sciencedirect.com/science/article/pii/S0362028X22049316,Research articleOpen archive,ScienceDirect,SD-Q2,02_search_exports/repaired/W4-20260930-ScienceDirect-Q2-offset-200.json,,
SD-RAW-0537,Chapter 5: Coordinated response strategies: Swarm robotics for crisis management,Qasem Abu Al-Haija; Abstract; Export,,Swarm Robotics Solutions for National Security and Marine Forensics,https://www.sciencedirect.com/science/article/pii/B9780443336218000098,Book chapter,ScienceDirect,SD-Q2,02_search_exports/repaired/W4-20260930-ScienceDirect-Q2-offset-200.json,,
SD-RAW-0538,"Evaluation of mycotoxins, mycobiota, and toxigenic fungi in selected medicinal plants of Khyber Pakhtunkhwa, Pakistan",Bashir Ahmad; Samina Ashiq; Mubbashir Hussain; Abstract; Export,2014,Fungal Biology,https://www.sciencedirect.com/science/article/pii/S1878614614000981,Research article,ScienceDirect,SD-Q2,02_search_exports/repaired/W4-20260930-ScienceDirect-Q2-offset-200.json,,
SD-RAW-0539,RETRACTED: The economic case for blend fuels: A cost-benefit analysis in the European context,Cemil Koyunŏglu; View PDF; Abstract; Export,2024,Sustainable Technology and Entrepreneurship,https://www.sciencedirect.com/science/article/pii/S2773032823000238,,ScienceDirect,SD-Q2,02_search_exports/repaired/W4-20260930-ScienceDirect-Q2-offset-200.json,,
SD-RAW-0540,Sur le mécanisme de l'évagination des disques imaginaux chez la Drosophile,Paul Mandaron; Abstract; Export,1971,Developmental Biology,https://www.sciencedirect.com/science/article/pii/0012160671900078,Research article,ScienceDirect,SD-Q2,02_search_exports/repaired/W4-20260930-ScienceDirect-Q2-offset-200.json,,
SD-RAW-0541,Build trust in the organization because it matters: exploring the nexus of enablers of organizational trust through DEMATEL,Rinki Dahiya; Abstract; Export,2023,"Global Knowledge, Memory and Communication",https://www.sciencedirect.com/science/article/pii/S2514934223000545,Research article,ScienceDirect,SD-Q3,02_search_exports/repaired/W4-20260930-ScienceDirect-Q3-offset-0.json,,
SD-RAW-0542,Testing the organizational trust contents of coast guard organizations in Taiwan,Jui-Chung Kao; Cheng-Chung Cho; Kao Rui-Hsin; Abstract; Export,2021,Policing: An International Journal,https://www.sciencedirect.com/science/article/pii/S1363951X21000075,Research article,ScienceDirect,SD-Q3,02_search_exports/repaired/W4-20260930-ScienceDirect-Q3-offset-0.json,,
SD-RAW-0543,Fake leadership and fake news undermining the “want” dimension of organizational recovery,Agnieszka Bienkowska; Anna Salamacha; Olga Voropai; Abstract; Export,2026,Journal of Organizational Change Management,https://www.sciencedirect.com/science/article/pii/S0953481426000576,,ScienceDirect,SD-Q3,02_search_exports/repaired/W4-20260930-ScienceDirect-Q3-offset-0.json,,
SD-RAW-0544,Trust in LGA and the perceived implementation of climate change adaptation in Monduli and Longido Districts in Tanzania,Christina Moses Maeda; Baltazar Mlagara Namwata; Neema Penance Kumburu; Abstract; Export,2026,Strategic Business Research,https://www.sciencedirect.com/science/article/pii/S3051064326001470,Research article,ScienceDirect,SD-Q3,02_search_exports/repaired/W4-20260930-ScienceDirect-Q3-offset-0.json,,
SD-RAW-0545,Advancing evaluation methodologies for CBRN simulation exercises: integrating social psychology with program evaluation,Michael J. Williams; Abstract; Export,2026,Safety Science,https://www.sciencedirect.com/science/article/pii/S0925753526002912,Research article,ScienceDirect,SD-Q3,02_search_exports/repaired/W4-20260930-ScienceDirect-Q3-offset-0.json,,
SD-RAW-0546,Human-centered interface design for a dynamic cyber-risk group-based training game,Tony Delvecchio; Sander Zeijlemaker; Michael Siegel; View PDF; Abstract; Graphical Abstract; Export,2026,Computer Standards & Interfaces,https://www.sciencedirect.com/science/article/pii/S0920548925000595,Review articleOpen access,ScienceDirect,SD-Q3,02_search_exports/repaired/W4-20260930-ScienceDirect-Q3-offset-0.json,,
SD-RAW-0547,"HL7 FHIR consent for healthcare data sharing: challenges, opportunities and integrity implications",Sudip Phuyal; Manila Bhandari; João Carlos Ferreira; View PDF; Abstract; Export,2026,International Journal of Medical Informatics,https://www.sciencedirect.com/science/article/pii/S1386505626001450,Research articleOpen access,ScienceDirect,SD-Q3,02_search_exports/repaired/W4-20260930-ScienceDirect-Q3-offset-0.json,,
SD-RAW-0548,"Impact of ethics, trust, and optimism on performance",Christie Hough; Cameron Sumlin; Kenneth Wilburn Green; Abstract; Export,2019,Management Research Review,https://www.sciencedirect.com/science/article/pii/S2040826919000700,Research article,ScienceDirect,SD-Q3,02_search_exports/repaired/W4-20260930-ScienceDirect-Q3-offset-0.json,,
SD-RAW-0549,The effect of corporate social responsibility recognition on organisational commitment in global freight forwarders,Jiyoung Ko; Hyunmi Jang; Sang Youl Kim; View PDF; Abstract; Export,2021,The Asian Journal of Shipping and Logistics,https://www.sciencedirect.com/science/article/pii/S2092521220300869,Research articleOpen access,ScienceDirect,SD-Q3,02_search_exports/repaired/W4-20260930-ScienceDirect-Q3-offset-0.json,,
SD-RAW-0550,Unlocking the Intangible: How Dialogue and Guidance in Labor Inspection Address Psychosocial and Ergonomic Risks at Work,Jeppe Z. N. Ajslev; Julie Palmqvist; Mikala E. Jakobsen; View PDF; Abstract; Export,2026,Safety and Health at Work,https://www.sciencedirect.com/science/article/pii/S2093791125001003,Research articleOpen access,ScienceDirect,SD-Q3,02_search_exports/repaired/W4-20260930-ScienceDirect-Q3-offset-0.json,,
SD-RAW-0551,The escalating Bundibugyo Ebola outbreak: A renewed imperative for global health security,Abdullahi Osman Mohamed; Abdifatah Afyare; Mohamed Adam Abdihashi; View PDF; Export,2026,Clinical Epidemiology and Global Health,https://www.sciencedirect.com/science/article/pii/S2213398426001405,,ScienceDirect,SD-Q3,02_search_exports/repaired/W4-20260930-ScienceDirect-Q3-offset-0.json,,
SD-RAW-0552,"Regulatory, technological and financial drivers of FinTech integration in microfinance companies: evidence from Nigeria",Uwakmfon Promise Offiong; Katarzyna Szopik-Depczyńska; Katarzyna Cheba; Abstract; Export,2026,"Digital Policy, Regulation and Governance",https://www.sciencedirect.com/science/article/pii/S2398503826000147,Research article,ScienceDirect,SD-Q3,02_search_exports/repaired/W4-20260930-ScienceDirect-Q3-offset-0.json,,
SD-RAW-0553,A design science approach to developing proportionate and modular security operations centers for government agencies,Aisyah Nuraeni; Yudhistira Nugraha; Muhamad Erza Aminanto; Abstract; Export,2026,Computers & Security,https://www.sciencedirect.com/science/article/pii/S0167404826001781,Research article,ScienceDirect,SD-Q3,02_search_exports/repaired/W4-20260930-ScienceDirect-Q3-offset-0.json,,
SD-RAW-0554,Trust and control in evolving inter-organisational relationships,Evangelia Varoutsa; Robert W. Scapens; Abstract; Export,2018,"Accounting, Auditing & Accountability Journal",https://www.sciencedirect.com/science/article/pii/S0951357418000824,Research article,ScienceDirect,SD-Q3,02_search_exports/repaired/W4-20260930-ScienceDirect-Q3-offset-0.json,,
SD-RAW-0555,Survival in uncertainty: Population dynamics of a key Endangered leopard population in West Africa amid escalating security challenges,Marine Drouilly; Zoe Woodgate; Philipp Henschel; View PDF; Abstract; Export,2026,Global Ecology and Conservation,https://www.sciencedirect.com/science/article/pii/S2351989426001526,Research articleOpen access,ScienceDirect,SD-Q3,02_search_exports/repaired/W4-20260930-ScienceDirect-Q3-offset-0.json,,
SD-RAW-0556,The escalating toll of climate disasters on global food security: A call for systemic resilience governance,No authors available; View PDF; Export,2026,Geography and Sustainability,https://www.sciencedirect.com/science/article/pii/S2666683926001227,,ScienceDirect,SD-Q3,02_search_exports/repaired/W4-20260930-ScienceDirect-Q3-offset-0.json,,
SD-RAW-0557,The development and validation of a toolkit to measure consumer trust in food,Tony Benson; Fiona Lavelle; Moira Dean; Abstract; Export,2020,Food Control,https://www.sciencedirect.com/science/article/pii/S0956713519305778,Research article,ScienceDirect,SD-Q3,02_search_exports/repaired/W4-20260930-ScienceDirect-Q3-offset-0.json,,
SD-RAW-0558,“Putting your money where your mouth is”: An empirical study on buyers’ preferences and willingness to pay for blockchain-enabled sustainable supply chain transparency,Sukrit Vinayavekhin; Aneesh Banerjee; Feng Li; View PDF; Abstract; Export,2024,Journal of Purchasing and Supply Management,https://www.sciencedirect.com/science/article/pii/S1478409224000062,Research articleOpen access,ScienceDirect,SD-Q3,02_search_exports/repaired/W4-20260930-ScienceDirect-Q3-offset-0.json,,
SD-RAW-0559,Behavioral trajectories of phishing victims on Ethereum: Evidence of escalation and adaptive scam strategies,Wonbin Seo; Jae-Hyeon Ahn; Abstract; Export,2026,Decision Support Systems,https://www.sciencedirect.com/science/article/pii/S0167923626000758,Research article,ScienceDirect,SD-Q3,02_search_exports/repaired/W4-20260930-ScienceDirect-Q3-offset-0.json,,
SD-RAW-0560,Probabilistic assessment aimed at the evaluation of escalating scenarios in process facilities combining safety and security barriers,Valeria Casson Moreno; Giulia Marroni; Gabriele Landucci; Abstract; Export,2022,Reliability Engineering & System Safety,https://www.sciencedirect.com/science/article/pii/S0951832022003854,Research article,ScienceDirect,SD-Q3,02_search_exports/repaired/W4-20260930-ScienceDirect-Q3-offset-0.json,,
SD-RAW-0561,Operationalizing cyber conflict escalation: A reproducible measurement framework bridging technical and geopolitical evidence,Salim Arfaoui; Youssef Harrath; Patrick Engebretson; Abstract; Export,2026,Computers & Security,https://www.sciencedirect.com/science/article/pii/S0167404826002816,Research article,ScienceDirect,SD-Q3,02_search_exports/repaired/W4-20260930-ScienceDirect-Q3-offset-0.json,,
SD-RAW-0562,Traceable policy-based signatures and instantiation from lattices,Yanhong Xu; Reihaneh Safavi-Naini; Huaxiong Wang; Abstract; Export,2022,Information Sciences,https://www.sciencedirect.com/science/article/pii/S0020025522006211,Research article,ScienceDirect,SD-Q3,02_search_exports/repaired/W4-20260930-ScienceDirect-Q3-offset-0.json,,
SD-RAW-0563,kShield: An eBPF runtime defence framework for linux kernel privilege escalation attacks,Guoyun Duan; Boying Chen; Hao Chen; Abstract; Export,2026,Information and Software Technology,https://www.sciencedirect.com/science/article/pii/S0950584926001163,Research article,ScienceDirect,SD-Q3,02_search_exports/repaired/W4-20260930-ScienceDirect-Q3-offset-0.json,,
SD-RAW-0564,Security risks to commercial ships in the Arctic Ocean due to high tension among states,Hristos Karahalios; View PDF; Abstract; Export,2026,Polar Science,https://www.sciencedirect.com/science/article/pii/S1873965226000010,Research articleOpen access,ScienceDirect,SD-Q3,02_search_exports/repaired/W4-20260930-ScienceDirect-Q3-offset-0.json,,
SD-RAW-0565,Evaluating the acceptance of users’ reactions to prevent the escalation of information disorder,Gennaro Junior Pezzullo; Salvatore Venticinque; Beniamino Di Martino; View PDF; Abstract; Graphical Abstract; Export,2026,Computers and Electrical Engineering,https://www.sciencedirect.com/science/article/pii/S0045790626002636,Research articleOpen access,ScienceDirect,SD-Q3,02_search_exports/repaired/W4-20260930-ScienceDirect-Q3-offset-0.json,,
SD-RAW-0566,"A focused survey of code agent security: Attacks, defenses, and evaluation",Meng Hu; Tianxiang Wang; Hongche Wang; Abstract; Export,2026,Information and Software Technology,https://www.sciencedirect.com/science/article/pii/S0950584926002776,Review article,ScienceDirect,SD-Q3,02_search_exports/repaired/W4-20260930-ScienceDirect-Q3-offset-0.json,,
SD-RAW-0567,Revocable multi-authority attribute-based keyword search scheme for enhanced security in multi-owner settings,Zongmin Wang; Qiang Wang; Jian Xu; Abstract; Export,2026,Journal of Information Security and Applications,https://www.sciencedirect.com/science/article/pii/S2214212625003527,Research article,ScienceDirect,SD-Q3,02_search_exports/repaired/W4-20260930-ScienceDirect-Q3-offset-0.json,,
SD-RAW-0568,Cost observability as a security control in multi-cloud environments based on SOC 2 security standard,Yevhenii Martseniuk; Andrii Partyka; Oleh Harasymchuk; Abstract; Export,2026,Computers & Security,https://www.sciencedirect.com/science/article/pii/S0167404825004602,Research article,ScienceDirect,SD-Q3,02_search_exports/repaired/W4-20260930-ScienceDirect-Q3-offset-0.json,,
SD-RAW-0569,From automata learning to model checking: Formal security verification of black-box protocols,Stefan Marksteiner; Mikael Sjödin; Marjan Sirjani; View PDF; Abstract; Export,2026,Computers & Security,https://www.sciencedirect.com/science/article/pii/S0167404826003445,Research articleOpen access,ScienceDirect,SD-Q3,02_search_exports/repaired/W4-20260930-ScienceDirect-Q3-offset-0.json,,
SD-RAW-0570,Escalation of commitment and information security: theories and implications,Dmitriy V. Chulkov; Abstract; Export,2017,Information and Computer Security,https://www.sciencedirect.com/science/article/pii/S2056496117000319,Research article,ScienceDirect,SD-Q3,02_search_exports/repaired/W4-20260930-ScienceDirect-Q3-offset-0.json,,
SD-RAW-0571,Turn conflict into contribution: Understanding employees’ information security extra-role behavior under conflicts,Xiuyan Shao; Wei Gu; Hemin Jiang; Abstract; Export,2026,Computers & Security,https://www.sciencedirect.com/science/article/pii/S016740482500392X,Research article,ScienceDirect,SD-Q3,02_search_exports/repaired/W4-20260930-ScienceDirect-Q3-offset-0.json,,
SD-RAW-0572,Zero-trust based flexible grayscale adaptive security protection system for power networks with edge intelligence and federated learning,Yuting Lian; Lina Chen; Abstract; Export,2026,Computer Networks,https://www.sciencedirect.com/science/article/pii/S1389128626006055,Research article,ScienceDirect,SD-Q3,02_search_exports/repaired/W4-20260930-ScienceDirect-Q3-offset-0.json,,
SD-RAW-0573,Cordon: Enhancing security through kernel-level control in containerized computing environments,Qiqing Deng; Zhen Xu; Yan Zhang; Abstract; Export,2025,Computers & Security,https://www.sciencedirect.com/science/article/pii/S0167404825003335,Research article,ScienceDirect,SD-Q3,02_search_exports/repaired/W4-20260930-ScienceDirect-Q3-offset-0.json,,
SD-RAW-0574,Banditry and modern slavery: (In)security dynamics in Nigeria,Sallek Yaks Musa; View PDF; Abstract; Export,2025,Journal of Economic Criminology,https://www.sciencedirect.com/science/article/pii/S2949791425000703,Research articleOpen access,ScienceDirect,SD-Q3,02_search_exports/repaired/W4-20260930-ScienceDirect-Q3-offset-0.json,,
SD-RAW-0575,The future of space Security: Toward NATO's evolving functional areas in the era of hybrid warfare,Alper Ören; Abstract; Export,2026,Space Policy,https://www.sciencedirect.com/science/article/pii/S0265964626000019,Research article,ScienceDirect,SD-Q3,02_search_exports/repaired/W4-20260930-ScienceDirect-Q3-offset-0.json,,
SD-RAW-0576,A survey of integrated multi-layer security for continuous-process industrial control systems: Insights from a steel manufacturing sector,Fang Wang; Aiai Ren; Jun Shen; View PDF; Abstract; Export,2026,Journal of Industrial Information Integration,https://www.sciencedirect.com/science/article/pii/S2452414X26000130,Research articleOpen access,ScienceDirect,SD-Q3,02_search_exports/repaired/W4-20260930-ScienceDirect-Q3-offset-0.json,,
SD-RAW-0577,"Large Language Models for Cybersecurity Intelligence: A Systematic Review of Emerging Threats, Defensive Capabilities, and Security Evaluation Frameworks",Hamed Alqahtani; Gulshan Kumar; Abstract; Export,,"Computers, Materials and Continua",https://www.sciencedirect.com/science/article/pii/S1546221826003565,Review articleOpen access,ScienceDirect,SD-Q3,02_search_exports/repaired/W4-20260930-ScienceDirect-Q3-offset-0.json,,
SD-RAW-0578,Industrial robots and energy security risk: Asymmetric evidence from ten leading automation-adopting economies,Brahim Bergougui; Ousama Ben-Salha; Syed Mansoob Murshed; View PDF; Abstract; Graphical Abstract; Export,2026,Energy Nexus,https://www.sciencedirect.com/science/article/pii/S2772427126001324,Research articleOpen access,ScienceDirect,SD-Q3,02_search_exports/repaired/W4-20260930-ScienceDirect-Q3-offset-0.json,,
SD-RAW-0579,"Chapter Eighteen: Strengthening urban security in Europe: EU policies, law enforcement, and emerging technologies for resilience and disaster response",Kamila Zarychta-Romanowska; Abstract; Export,,,https://www.sciencedirect.com/science/article/pii/S0065245825001433,Book chapter,ScienceDirect,SD-Q3,02_search_exports/repaired/W4-20260930-ScienceDirect-Q3-offset-0.json,,
SD-RAW-0580,A provider-agnostic security framework for PKI-based electronic identity systems: A Swedish case study,Qinghua Wang; Omar Zarifa; Nedim Kanat; View PDF; Abstract; Export,2026,Computers & Security,https://www.sciencedirect.com/science/article/pii/S0167404826001124,Research articleOpen access,ScienceDirect,SD-Q3,02_search_exports/repaired/W4-20260930-ScienceDirect-Q3-offset-0.json,,
SD-RAW-0581,An Endogenous Threat Recognition and Hazard Mitigation framework for intelligent connected vehicles network security,Di Lu; Pan Tang; Yifan Zhou; View PDF; Abstract; Export,2026,Ad Hoc Networks,https://www.sciencedirect.com/science/article/pii/S1570870526002283,Research articleOpen access,ScienceDirect,SD-Q3,02_search_exports/repaired/W4-20260930-ScienceDirect-Q3-offset-0.json,,
SD-RAW-0582,"When LLM agents act on-chain: A systematic cross-layer security analysis across reasoning, identity, and execution",Namryeong Kim; Seo-Yi Kim; Il-Gu Lee; View PDF; Abstract; Export,2026,ICT Express,https://www.sciencedirect.com/science/article/pii/S2405959526001700,Review articleOpen access,ScienceDirect,SD-Q3,02_search_exports/repaired/W4-20260930-ScienceDirect-Q3-offset-0.json,,
SD-RAW-0583,(How) Should security authorities counter false information on social media in crises? A democracy-theoretical and ethical reflection,Luzia Sievi; Maria Pawelec; View PDF; Abstract; Export,2025,International Journal of Disaster Risk Reduction,https://www.sciencedirect.com/science/article/pii/S2212420924008550,Research articleOpen access,ScienceDirect,SD-Q3,02_search_exports/repaired/W4-20260930-ScienceDirect-Q3-offset-0.json,,
SD-RAW-0584,Collusion-resistant data security search protocol for cloud-edge-end collaboration with formal verification,Xuejian Li; Qirun Song; Hantao Xia; Abstract; Export,2026,Computer Networks,https://www.sciencedirect.com/science/article/pii/S1389128626006018,Research article,ScienceDirect,SD-Q3,02_search_exports/repaired/W4-20260930-ScienceDirect-Q3-offset-0.json,,
SD-RAW-0585,Chapter 8: Undermining the Network: A Breach of Trust,Luke McOmie (aka Pyr0); dedhed (Nathan) (Marigoni); Abstract; Export,,Aggressive Network Self-Defense,https://www.sciencedirect.com/science/article/pii/B9781931836203500130,Book chapter,ScienceDirect,SD-Q3,02_search_exports/repaired/W4-20260930-ScienceDirect-Q3-offset-0.json,,
SD-RAW-0586,The Use of Security Dogs in De-escalation of Agitated Patients,Janice Chung; Prudhvi Bandi; Curtis A. McKnight; View PDF; Export,2020,Psychosomatics,https://www.sciencedirect.com/science/article/pii/S0033318220301924,,ScienceDirect,SD-Q3,02_search_exports/repaired/W4-20260930-ScienceDirect-Q3-offset-0.json,,
SD-RAW-0587,A selective-verification reinforcement learning framework for robust FDIA detection under topology changes and measurement noise in smart grids,Tianqi Liu; Jing Qiu; Xin Lu; View PDF; Abstract; Export,2026,Cyber-Physical Energy Systems,https://www.sciencedirect.com/science/article/pii/S3050744826000289,Research articleOpen access,ScienceDirect,SD-Q3,02_search_exports/repaired/W4-20260930-ScienceDirect-Q3-offset-0.json,,
SD-RAW-0588,De-escalation grounded in nursing science: A proposed change to de-escalation curriculum,Alirio Olmedo; Jane Muir; Abstract; Export,2026,Advancing Medical-Surgical Nursing,https://www.sciencedirect.com/science/article/pii/S3050859225000384,Research article,ScienceDirect,SD-Q3,02_search_exports/repaired/W4-20260930-ScienceDirect-Q3-offset-0.json,,
SD-RAW-0589,"Effects of flooding-induced migration on the food security status of farming households in Rivers State, Nigeria",Jacinta Nmutaka Umechukwu; Daniel Bruce Sarpong; Taeyoon Kim; View PDF; Abstract; Graphical Abstract; Export,2026,Scientific African,https://www.sciencedirect.com/science/article/pii/S2468227626003832,Research articleOpen access,ScienceDirect,SD-Q3,02_search_exports/repaired/W4-20260930-ScienceDirect-Q3-offset-0.json,,
SD-RAW-0590,Impacts of extreme climate on ecological security in China: An urban-rural coordinated development perspective,Guanhai Gu; Hualou Long; Hao Tian; Abstract; Export,2026,Habitat International,https://www.sciencedirect.com/science/article/pii/S0197397526001827,Research article,ScienceDirect,SD-Q3,02_search_exports/repaired/W4-20260930-ScienceDirect-Q3-offset-0.json,,
SD-RAW-0591,Chapter 1: Introduction to IoT security and sustainability,Saeid Jamshidi; Kawser Wazed Nafi; Amin Nikanjam; Abstract; Export,,Green Intrusion Detection Systems for IoT,https://www.sciencedirect.com/science/article/pii/B9780443442490000089,Book chapter,ScienceDirect,SD-Q3,02_search_exports/repaired/W4-20260930-ScienceDirect-Q3-offset-0.json,,
SD-RAW-0592,A recovery-aware verification trigger for reducing false-alarm-induced moving target defense deployment in power systems,Jing Zhang; Wenbo Pang; Abstract; Export,2027,Electric Power Systems Research,https://www.sciencedirect.com/science/article/pii/S0378779626009363,Research article,ScienceDirect,SD-Q3,02_search_exports/repaired/W4-20260930-ScienceDirect-Q3-offset-0.json,,
SD-RAW-0593,National security policies and the reorganization of multinational enterprises: A policy-translation framework,Mehmet Recai Uygur; Bahman Peyravi; Mehmet Emre Çamlıbel; Abstract; Export,2026,Strategic Business Research,https://www.sciencedirect.com/science/article/pii/S3051064326002323,Research article,ScienceDirect,SD-Q3,02_search_exports/repaired/W4-20260930-ScienceDirect-Q3-offset-0.json,,
SD-RAW-0594,Escalation of commitment as an antecedent to noncompliance with information security policy,Miranda Kajtazi; Hasan Cavusoglu; Darek Haftor; Abstract; Export,2018,Information and Computer Security,https://www.sciencedirect.com/science/article/pii/S2056496118000363,Research article,ScienceDirect,SD-Q3,02_search_exports/repaired/W4-20260930-ScienceDirect-Q3-offset-0.json,,
SD-RAW-0595,Verify and trust: A multidimensional survey of zero-trust security in the age of IoT,Muhammad Ajmal Azad; Sidrah Abdullah; Yussuf Hassan Ahmed; View PDF; Abstract; Export,2024,Internet of Things,https://www.sciencedirect.com/science/article/pii/S2542660524001689,Research articleOpen access,ScienceDirect,SD-Q3,02_search_exports/repaired/W4-20260930-ScienceDirect-Q3-offset-0.json,,
SD-RAW-0596,Governing the black box in adjudication: Policy frameworks for algorithmic transparency in international arbitration,Tariq K. Alhasan; View PDF; Abstract; Export,2026,Social Sciences & Humanities Open,https://www.sciencedirect.com/science/article/pii/S2590291126006741,Research articleOpen access,ScienceDirect,SD-Q3,02_search_exports/repaired/W4-20260930-ScienceDirect-Q3-offset-0.json,,
SD-RAW-0597,Digital governance of cropland: a critical lever for food security in the age of algorithms,Li Fei; Ren Jingfei; Abstract; Export,2026,Food Policy,https://www.sciencedirect.com/science/article/pii/S0306919226001570,Research article,ScienceDirect,SD-Q3,02_search_exports/repaired/W4-20260930-ScienceDirect-Q3-offset-0.json,,
SD-RAW-0598,SecReEvalBench: A real-world scenario-based security resilience benchmark for large language models,Huining Cui; Wei Liu; View PDF; Abstract; Graphical Abstract; Export,2026,Neural Networks,https://www.sciencedirect.com/science/article/pii/S0893608026005253,Research articleOpen access,ScienceDirect,SD-Q3,02_search_exports/repaired/W4-20260930-ScienceDirect-Q3-offset-0.json,,
SD-RAW-0599,Nonlinear maize yield responses to drought drive escalating regional vulnerabilities under climate change in China,Dan Wei; Yi Zhang; Qing Sun; Abstract; Graphical Abstract; Export,2026,Journal of Environmental Management,https://www.sciencedirect.com/science/article/pii/S0301479726016932,Research article,ScienceDirect,SD-Q3,02_search_exports/repaired/W4-20260930-ScienceDirect-Q3-offset-0.json,,
SD-RAW-0600,A study on fleet security monitoring framework based on maritime cyber incident response,Gum-jun Son; Joon Bum Kim; Sung-Rok Kim; View PDF; Abstract; Export,,International Journal of Naval Architecture and Ocean Engineering,https://www.sciencedirect.com/science/article/pii/S2092678226000117,Research articleOpen access,ScienceDirect,SD-Q3,02_search_exports/repaired/W4-20260930-ScienceDirect-Q3-offset-0.json,,
SD-RAW-0601,Comprehensive security review and challenges for smart and power grids to prevent cyber-attacks in IoTs,Maha Kadhim Kabier; Zaid Ameen Abduljabbar; Ali A. Yassin; View PDF; Abstract; Graphical Abstract; Export,2026,MethodsX,https://www.sciencedirect.com/science/article/pii/S2215016126002591,Review articleOpen access,ScienceDirect,SD-Q3,02_search_exports/repaired/W4-20260930-ScienceDirect-Q3-offset-0.json,,
SD-RAW-0602,De-escalation Training for Obstetric/Neonatal Health Care Workers to Improve Confidence in Managing Workplace Violence,Jessica Lazzeri; Melissa Harlan; Laura Fennimore; View PDF; Abstract; Export,2025,Nursing for Women's Health,https://www.sciencedirect.com/science/article/pii/S1751485125001138,Research articleOpen access,ScienceDirect,SD-Q3,02_search_exports/repaired/W4-20260930-ScienceDirect-Q3-offset-0.json,,
SD-RAW-0603,Future hydrological regime shifts and water security risks in Ethiopia's Awash River Basin: Ensemble CMIP6-driven SWAT+ simulations under SSP2-4.5 and SSP5-8.5,Abebe M. Legass; Tena Alamirew; David Haro-Monteagudo; View PDF; Abstract; Export,2026,Environmental Challenges,https://www.sciencedirect.com/science/article/pii/S2667010026001174,Research articleOpen access,ScienceDirect,SD-Q3,02_search_exports/repaired/W4-20260930-ScienceDirect-Q3-offset-0.json,,
SD-RAW-0604,Enhancing user verification and data security scheme for fog computing using self sovereign identification,Otuekong Umoren; Amjad Ali; Ala Al-Fuqaha; Abstract; Export,2025,Ad Hoc Networks,https://www.sciencedirect.com/science/article/pii/S1570870525001246,Research article,ScienceDirect,SD-Q3,02_search_exports/repaired/W4-20260930-ScienceDirect-Q3-offset-0.json,,
SD-RAW-0605,Sorghum (Sorghum bicolor L. Moench) as a climate-resilient alternative to wheat for enhancing food security in ASEAN: A review,Alifdalino Sulaiman; Nur Lailatul Rahmah; Nurul Huda; Abstract; Graphical Abstract; Export,2026,Food and Humanity,https://www.sciencedirect.com/science/article/pii/S2949824426003344,Review article,ScienceDirect,SD-Q3,02_search_exports/repaired/W4-20260930-ScienceDirect-Q3-offset-0.json,,
SD-RAW-0606,Global governance and security challenges: transnational pathways to reducing terrorism mortality in a globalized world,Sohidul Islam; Md. Mustaqim Roshid; Fatema Akter; View PDF; Abstract; Export,2025,Research in Globalization,https://www.sciencedirect.com/science/article/pii/S2590051X25000450,Research articleOpen access,ScienceDirect,SD-Q3,02_search_exports/repaired/W4-20260930-ScienceDirect-Q3-offset-0.json,,
SD-RAW-0607,Do geopolitical and energy security risks influence carbon dioxide emissions? Empirical evidence from European Union countries,Djula Borozan; Abstract; Export,2024,Journal of Cleaner Production,https://www.sciencedirect.com/science/article/pii/S0959652624002816,Research article,ScienceDirect,SD-Q3,02_search_exports/repaired/W4-20260930-ScienceDirect-Q3-offset-0.json,,
SD-RAW-0608,An integrated framework for information security risk management: A mixed-methods systematic literature review,Biju B Varghese; Quang Neo Bui; View PDF; Abstract; Export,2026,Computers & Security,https://www.sciencedirect.com/science/article/pii/S0167404826001331,Research articleOpen access,ScienceDirect,SD-Q3,02_search_exports/repaired/W4-20260930-ScienceDirect-Q3-offset-0.json,,
SD-RAW-0609,Ramifications of cryptocurrency proliferation on national security,Karthik Iyer; View PDF; Abstract; Export,2026,Social Sciences & Humanities Open,https://www.sciencedirect.com/science/article/pii/S2590291126001142,Research articleOpen access,ScienceDirect,SD-Q3,02_search_exports/repaired/W4-20260930-ScienceDirect-Q3-offset-0.json,,
SD-RAW-0610,Comment on “The Use of Security Dogs in De-escalation of Agitated Patients”,Ignacio Cerdeña; Carmen Black; Charles Dike; Export,2022,Journal of the Academy of Consultation-Liaison Psychiatry,https://www.sciencedirect.com/science/article/pii/S2667296021001117,,ScienceDirect,SD-Q3,02_search_exports/repaired/W4-20260930-ScienceDirect-Q3-offset-0.json,,
SD-RAW-0611,"Do clean energy transitions enhance global energy security? A comparative analysis of trends and tradeoffs across eight major economies, 1990-2020",Shan Zhang; Benjamin K. Sovacool; Chu Wei; Abstract; Export,1990,Energy Policy,https://www.sciencedirect.com/science/article/pii/S0301421526000984,Research article,ScienceDirect,SD-Q3,02_search_exports/repaired/W4-20260930-ScienceDirect-Q3-offset-0.json,,
SD-RAW-0612,Hardware/software security co-verification and vulnerability detection: An information flow perspective,Maoyuan Qin; Jiacheng Zhu; Wei Hu; Abstract; Export,2024,Integration,https://www.sciencedirect.com/science/article/pii/S0167926023001311,Research article,ScienceDirect,SD-Q3,02_search_exports/repaired/W4-20260930-ScienceDirect-Q3-offset-0.json,,
SD-RAW-0613,Policy without enforcement? Web security posture of Canadian public-sector websites,Isaac Latta; Sina Keshvadi; Abstract; Export,2026,Computers & Security,https://www.sciencedirect.com/science/article/pii/S0167404826002713,Research article,ScienceDirect,SD-Q3,02_search_exports/repaired/W4-20260930-ScienceDirect-Q3-offset-0.json,,
SD-RAW-0614,Microtransactions and cybercrime: How to improve video game ecosystem security,James Higgs; Claudio Novelli; Luciano Floridi; Abstract; Export,2026,Computers & Security,https://www.sciencedirect.com/science/article/pii/S0167404826002476,Research article,ScienceDirect,SD-Q3,02_search_exports/repaired/W4-20260930-ScienceDirect-Q3-offset-0.json,,
SD-RAW-0615,"Utilizing science, technology, and innovation policy to drive food security: Cross-National insights based on PMG-ARDL approach",Comfort Andoh; Gao Liang; Isaac Ahakwa; View PDF; Abstract; Export,2025,Future Foods,https://www.sciencedirect.com/science/article/pii/S2666833525002436,Research articleOpen access,ScienceDirect,SD-Q3,02_search_exports/repaired/W4-20260930-ScienceDirect-Q3-offset-0.json,,
SD-RAW-0616,Pathway to environmental resilience: Analyzing financial dimensions to curb energy security risks,Sahar Afshan; Tanzeela Yaqoob; Shajara Ul-Durar; Abstract; Export,2025,Journal of Environmental Management,https://www.sciencedirect.com/science/article/pii/S0301479725037211,Research article,ScienceDirect,SD-Q3,02_search_exports/repaired/W4-20260930-ScienceDirect-Q3-offset-0.json,,
SD-RAW-0617,Mobile forensics and security analysis of RedNote: A cross-platform investigation on Android and iOS,Mingyang Xie; Xiao Hu; Umit Karabiyik; Abstract; Graphical Abstract; Export,2026,Forensic Science International: Digital Investigation,https://www.sciencedirect.com/science/article/pii/S266628172600123X,Research article,ScienceDirect,SD-Q3,02_search_exports/repaired/W4-20260930-ScienceDirect-Q3-offset-0.json,,
SD-RAW-0618,SSI-guard: A blockchain-based self-sovereign identity framework with machine learning-augmented authentication for smart city IoT,Mohammed Shuaib; Abstract; Export,2026,Computer Networks,https://www.sciencedirect.com/science/article/pii/S1389128626007437,Research article,ScienceDirect,SD-Q3,02_search_exports/repaired/W4-20260930-ScienceDirect-Q3-offset-0.json,,
SD-RAW-0619,Next-generation AI for advanced threat detection and security enhancement in DNS over HTTPS,Basharat Ali; Guihai Chen; Abstract; Export,2025,Journal of Network and Computer Applications,https://www.sciencedirect.com/science/article/pii/S1084804525002231,Research article,ScienceDirect,SD-Q3,02_search_exports/repaired/W4-20260930-ScienceDirect-Q3-offset-0.json,,
SD-RAW-0620,“They are not even called by name”: Security guards in a South African psychiatric hospital,Saskia Hanft-Robert; Lindokuhle Shongwe; Leslie Swartz; View PDF; Abstract; Export,2024,Social Science & Medicine,https://www.sciencedirect.com/science/article/pii/S0277953624008979,Research articleOpen access,ScienceDirect,SD-Q3,02_search_exports/repaired/W4-20260930-ScienceDirect-Q3-offset-0.json,,
SD-RAW-0621,Enhanced verification of safety and security for advanced driver assistance systems,Lu Liu; Qi Sun; Chunjie Zhou; Abstract; Export,2026,Reliability Engineering & System Safety,https://www.sciencedirect.com/science/article/pii/S0951832025008919,Research article,ScienceDirect,SD-Q3,02_search_exports/repaired/W4-20260930-ScienceDirect-Q3-offset-0.json,,
SD-RAW-0622,An Empirical Investigation of Docker Sockets for Privilege Escalation and Defensive Strategies,Rajyashree R; Senthilkumar Mathi; Sakthivel M; View PDF; Abstract; Export,,Procedia Computer Science,https://www.sciencedirect.com/science/article/pii/S187705092400615X,Research articleOpen access,ScienceDirect,SD-Q3,02_search_exports/repaired/W4-20260930-ScienceDirect-Q3-offset-0.json,,
SD-RAW-0623,7: The Healthcare Security Officer,Tony W. York; Abstract; Export,2026,Hospital and Healthcare Security (Seventh Edition),https://www.sciencedirect.com/science/article/pii/B9780443265600000095,Book chapter,ScienceDirect,SD-Q3,02_search_exports/repaired/W4-20260930-ScienceDirect-Q3-offset-0.json,,
SD-RAW-0624,"Harnessing nuclear energy for India's energy security: Current status, challenges, and future opportunities",Christopher Selvam D; Yuvarajan D; SarojKumar Acharya; View PDF; Abstract; Export,2025,Results in Engineering,https://www.sciencedirect.com/science/article/pii/S2590123025011806,Review articleOpen access,ScienceDirect,SD-Q3,02_search_exports/repaired/W4-20260930-ScienceDirect-Q3-offset-0.json,,
SD-RAW-0625,Toward trustworthy security rules for MILP-based power system operation: An uncertainty-aware extraction framework,Xiao Cai; Mingyu Huang; Ning Zhang; Abstract; Export,2026,Applied Energy,https://www.sciencedirect.com/science/article/pii/S0306261926010421,Research article,ScienceDirect,SD-Q3,02_search_exports/repaired/W4-20260930-ScienceDirect-Q3-offset-0.json,,
SD-RAW-0626,Assessing energy security and sustainable development goal 7 performance in EU - A meta four-parallel two-stage undesirable dynamic DDF model,Sin Lee; Yung-Ho Chiu; Tzu-Han Chang; Abstract; Export,2026,Journal of Cleaner Production,https://www.sciencedirect.com/science/article/pii/S0959652626020342,Research article,ScienceDirect,SD-Q3,02_search_exports/repaired/W4-20260930-ScienceDirect-Q3-offset-0.json,,
SD-RAW-0627,IoT security assessment: A systematic literature review,Thaer Slaibi; Naghmeh Ivaki; Marco Vieira; View PDF; Abstract; Export,2026,Journal of Systems and Software,https://www.sciencedirect.com/science/article/pii/S0164121226000671,Review articleOpen access,ScienceDirect,SD-Q3,02_search_exports/repaired/W4-20260930-ScienceDirect-Q3-offset-0.json,,
SD-RAW-0628,Leveraging sorghum (Sorghum bicolor [L.] Moench) genetic diversity for climate resilient agriculture and global food security,Temesgen Begna; Temesgen Teressa; Hayilu Gichile; Abstract; Export,2026,Ecological Genetics and Genomics,https://www.sciencedirect.com/science/article/pii/S2405985426000947,Review article,ScienceDirect,SD-Q3,02_search_exports/repaired/W4-20260930-ScienceDirect-Q3-offset-0.json,,
SD-RAW-0629,Multi-objective optimization of grain trade considering food security and water resources sustainability in China with a water-food-energy nexus perspective,Lei Chen; Xiaolin Xia; Xiqin Yan; Abstract; Export,2025,Journal of Cleaner Production,https://www.sciencedirect.com/science/article/pii/S0959652625018165,Research article,ScienceDirect,SD-Q3,02_search_exports/repaired/W4-20260930-ScienceDirect-Q3-offset-0.json,,
SD-RAW-0630,Chapter 7: Navigating security hurdles in healthcare data governance,Binod Kumar; Oindrilla Ghosh; Abstract; Export,,AI-enabled Sustainable Healthcare,https://www.sciencedirect.com/science/article/pii/B9780443337000000121,Book chapter,ScienceDirect,SD-Q3,02_search_exports/repaired/W4-20260930-ScienceDirect-Q3-offset-0.json,,
SD-RAW-0631,Interpretation of the coupling mechanism of ecological security and urbanization based on a Computation-Verification-Coupling framework: Quantitative analysis of sustainable development,Haojie Tang; Kang Hou; Xuxiang Li; View PDF; Abstract; Graphical Abstract; Export,2023,Ecotoxicology and Environmental Safety,https://www.sciencedirect.com/science/article/pii/S0147651323007984,Research articleOpen access,ScienceDirect,SD-Q3,02_search_exports/repaired/W4-20260930-ScienceDirect-Q3-offset-0.json,,
SD-RAW-0632,Device-to-device IoT system-based security protocol for agreeing on social meetings,Sabina Szymoniak; Aleksandra Pyrkosz-Dziubczyk; View PDF; Abstract; Graphical Abstract; Export,2026,Computer Networks,https://www.sciencedirect.com/science/article/pii/S1389128625007285,Research articleOpen access,ScienceDirect,SD-Q3,02_search_exports/repaired/W4-20260930-ScienceDirect-Q3-offset-0.json,,
SD-RAW-0633,"Security movements in extractive spaces: Dispossession, community-level grievance and resource conflicts in Ghana",Phil Faanu; Nathan Andrews; Sulemana Alhassan Saaka; View PDF; Abstract; Export,2025,Resources Policy,https://www.sciencedirect.com/science/article/pii/S0301420725002119,Research articleOpen access,ScienceDirect,SD-Q3,02_search_exports/repaired/W4-20260930-ScienceDirect-Q3-offset-0.json,,
SD-RAW-0634,Energy security risk and private sector development: A pathway to renewable energy investment in emerging economies,Su Xiong; Razaz Waheeb Attar; Sana Ullah; View PDF; Abstract; Export,2026,Energy Strategy Reviews,https://www.sciencedirect.com/science/article/pii/S2211467X2500375X,Research articleOpen access,ScienceDirect,SD-Q3,02_search_exports/repaired/W4-20260930-ScienceDirect-Q3-offset-0.json,,
SD-RAW-0635,"Integrating AI, Blockchain, and Edge Computing for Zero-Trust IoT Security: A Comprehensive Review of Advanced Cybersecurity Framework",Inam Ullah Khan; Fida Muhammad Khan; Fahad Alturise; Abstract; Export,2025,"Computers, Materials and Continua",https://www.sciencedirect.com/science/article/pii/S1546221825009725,Review articleOpen access,ScienceDirect,SD-Q3,02_search_exports/repaired/W4-20260930-ScienceDirect-Q3-offset-0.json,,
SD-RAW-0636,Design and experimental validation of an artificial intelligence driven network security situation awareness system,Xiaopeng Wu; View PDF; Abstract; Export,2027,Kuwait Journal of Science,https://www.sciencedirect.com/science/article/pii/S2307410826001483,Research articleOpen access,ScienceDirect,SD-Q3,02_search_exports/repaired/W4-20260930-ScienceDirect-Q3-offset-0.json,,
SD-RAW-0637,Blockchain-enabled 6G wireless network securities using multi-relational graph attention disentangled cascaded graph convolution networks,Gunavathie M A; A. Arivarasi; Krishna Prakash Arunachalam; Abstract; Export,2025,Computers and Electrical Engineering,https://www.sciencedirect.com/science/article/pii/S0045790625005609,Research article,ScienceDirect,SD-Q3,02_search_exports/repaired/W4-20260930-ScienceDirect-Q3-offset-0.json,,
SD-RAW-0638,AI for cyber-security risk: harnessing AI for automatic generation of company-specific cybersecurity risk profiles,Amir Schreiber; Ilan Schreiber; Abstract; Export,2025,Information and Computer Security,https://www.sciencedirect.com/science/article/pii/S2056496125000066,Research article,ScienceDirect,SD-Q3,02_search_exports/repaired/W4-20260930-ScienceDirect-Q3-offset-0.json,,
SD-RAW-0639,Cyber risk management among tax and customs officials: the pilot study in Estonia,Kate-Riin Kont; Denis Horenženko; Abstract; Export,2026,Information and Computer Security,https://www.sciencedirect.com/science/article/pii/S2056496126000425,Research article,ScienceDirect,SD-Q3,02_search_exports/repaired/W4-20260930-ScienceDirect-Q3-offset-0.json,,
SD-RAW-0640,Security verification against covert learning attackers,Ruochen Tai; Liyong Lin; Rong Su; Abstract; Export,2025,Automatica,https://www.sciencedirect.com/science/article/pii/S0005109825002377,,ScienceDirect,SD-Q3,02_search_exports/repaired/W4-20260930-ScienceDirect-Q3-offset-0.json,,
SD-RAW-0641,Water resources security assessment and trend prediction: An integrated approach using entropy-mutation theory and explainable machine learning,Qiong Chen; Shaowu Li; Ye Liu; Abstract; Export,2026,Journal of Cleaner Production,https://www.sciencedirect.com/science/article/pii/S0959652626008772,Research article,ScienceDirect,SD-Q3,02_search_exports/repaired/W4-20260930-ScienceDirect-Q3-offset-100.json,,
SD-RAW-0642,Green AI architectures: Navigating the security–sustainability paradox in critical infrastructure protection,JungMin Lee; Amir Saman Tayerani Charmchi; Myeong In Kim; View PDF; Abstract; Graphical Abstract; Export,2026,Environmental Science and Ecotechnology,https://www.sciencedirect.com/science/article/pii/S2666498426000426,Research articleOpen access,ScienceDirect,SD-Q3,02_search_exports/repaired/W4-20260930-ScienceDirect-Q3-offset-100.json,,
SD-RAW-0643,Development of fragility models for process equipment affected by physical security attacks,Giulia Marroni; Leonardo Casini; Gabriele Landucci; Abstract; Export,2024,Reliability Engineering & System Safety,https://www.sciencedirect.com/science/article/pii/S0951832023007949,Research article,ScienceDirect,SD-Q3,02_search_exports/repaired/W4-20260930-ScienceDirect-Q3-offset-100.json,,
SD-RAW-0644,Robust policy analysis of social security insolvency under demographic aging: A system dynamics study of Iran,Seyyedeh Sara Moosavi; Mir Saman Pishvaee; Nima Taheri; View PDF; Abstract; Export,2026,Systems and Soft Computing,https://www.sciencedirect.com/science/article/pii/S2772941926000487,Research articleOpen access,ScienceDirect,SD-Q3,02_search_exports/repaired/W4-20260930-ScienceDirect-Q3-offset-100.json,,
SD-RAW-0645,How do energy security risk and ICT affect green investment?,Naif Alsagr; Ilhan Ozturk; Abstract; Export,2024,Economic Analysis and Policy,https://www.sciencedirect.com/science/article/pii/S0313592624001097,Research article,ScienceDirect,SD-Q3,02_search_exports/repaired/W4-20260930-ScienceDirect-Q3-offset-100.json,,
SD-RAW-0646,Modelling standoff distances to prevent escalation in shooting attacks to tanks storing hazardous materials,Matteo Iaiani; Riccardo Sorichetti; Valerio Cozzani; View PDF; Abstract; Export,2024,Reliability Engineering & System Safety,https://www.sciencedirect.com/science/article/pii/S0951832023006038,Research articleOpen access,ScienceDirect,SD-Q3,02_search_exports/repaired/W4-20260930-ScienceDirect-Q3-offset-100.json,,
SD-RAW-0647,Message Verification Protocol Based on Bilinear Pairings and Elliptic Curves for Enhanced Security in Vehicular Ad Hoc Networks,Vincent Omollo Nyangaresi; Arkan A. Ghaib; Husam A. Neamah; Abstract; Export,2024,"Computers, Materials and Continua",https://www.sciencedirect.com/science/article/pii/S1546221824007185,Research articleOpen access,ScienceDirect,SD-Q3,02_search_exports/repaired/W4-20260930-ScienceDirect-Q3-offset-100.json,,
SD-RAW-0648,Formal verification and security analysis of FastDFS using process algebra,Zhiru Hou; Huibiao Zhu; Abstract; Graphical Abstract; Export,2025,Internet of Things,https://www.sciencedirect.com/science/article/pii/S2542660525000563,Research article,ScienceDirect,SD-Q3,02_search_exports/repaired/W4-20260930-ScienceDirect-Q3-offset-100.json,,
SD-RAW-0649,SmartML: Enhancing security and reliability in smart contract development,Adele Veschetti; Richard Bubel; Reiner Hähnle; View PDF; Abstract; Export,2026,Blockchain: Research and Applications,https://www.sciencedirect.com/science/article/pii/S2096720925000892,Research articleOpen access,ScienceDirect,SD-Q3,02_search_exports/repaired/W4-20260930-ScienceDirect-Q3-offset-100.json,,
SD-RAW-0650,Intelligent graph-blockchain healthcare storage with AI-Driven anomaly detection and distributed threshold security,Shrabani Sutradhar; Rajesh Bose; Abdullah M. Albarrak; View PDF; Abstract; Export,2026,Ain Shams Engineering Journal,https://www.sciencedirect.com/science/article/pii/S2090447926003576,Research articleOpen access,ScienceDirect,SD-Q3,02_search_exports/repaired/W4-20260930-ScienceDirect-Q3-offset-100.json,,
SD-RAW-0651,Smart sensors for urban security and safety,Eliseu Amaro; Enrico Ronchi; View PDF; Abstract; Export,2026,Journal of Safety Science and Resilience,https://www.sciencedirect.com/science/article/pii/S2666449626000800,Review articleOpen access,ScienceDirect,SD-Q3,02_search_exports/repaired/W4-20260930-ScienceDirect-Q3-offset-100.json,,
SD-RAW-0652,ICT-driven urbanization and energy security risk: Empirical evidence from Group 7 and Emerging 7 economies,Ahmed Usman; Syed Muhammad Muddassir Abbas Naqvi; Asma Arif; Abstract; Export,2025,Environmental Impact Assessment Review,https://www.sciencedirect.com/science/article/pii/S019592552500006X,Research article,ScienceDirect,SD-Q3,02_search_exports/repaired/W4-20260930-ScienceDirect-Q3-offset-100.json,,
SD-RAW-0653,Robust ECC-based scheme against side-channel attacks in Vehicular Ad-Hoc Networks (VANETs): Enhancing security and performance,Zeyad Ghaleb Al-Mekhlafi; Talal Naif S. Alharbi; View PDF; Abstract; Graphical Abstract; Export,2026,Alexandria Engineering Journal,https://www.sciencedirect.com/science/article/pii/S1110016826004606,Research articleOpen access,ScienceDirect,SD-Q3,02_search_exports/repaired/W4-20260930-ScienceDirect-Q3-offset-100.json,,
SD-RAW-0654,Identifying and mitigating cybersecurity risks in residential demand response for smart grids in Sub-Saharan Africa,Timothy King Avordeh; Daniel Ofori-Boateng; Abstract; Export,2026,Utilities Policy,https://www.sciencedirect.com/science/article/pii/S0957178726000822,Research article,ScienceDirect,SD-Q3,02_search_exports/repaired/W4-20260930-ScienceDirect-Q3-offset-100.json,,
SD-RAW-0655,Towards energy security: Could renewable energy endure uncertainties in the energy market?,Junyi Dou; Kun Li; Lucian Liviu Albu; Abstract; Export,2025,Economic Analysis and Policy,https://www.sciencedirect.com/science/article/pii/S0313592625001110,Research article,ScienceDirect,SD-Q3,02_search_exports/repaired/W4-20260930-ScienceDirect-Q3-offset-100.json,,
SD-RAW-0656,Protocol-aware SDN enforcement for trusted-path IEC-104 command abuse: Delivery-oriented evaluation in smart grid control networks,Stian Lillevik; Livinus Obiora Nweke; Abstract; Graphical Abstract; Export,2026,Computer Networks,https://www.sciencedirect.com/science/article/pii/S1389128626007796,Research article,ScienceDirect,SD-Q3,02_search_exports/repaired/W4-20260930-ScienceDirect-Q3-offset-100.json,,
SD-RAW-0657,"Unveiling the escalating impact of human activities on groundwater storage in ecologically fragile steppe, Northern China",Xiao Zhang; Xiong Wu; Wenping Mu; Abstract; Graphical Abstract; Export,2025,Journal of Hydrology,https://www.sciencedirect.com/science/article/pii/S0022169425006341,Research article,ScienceDirect,SD-Q3,02_search_exports/repaired/W4-20260930-ScienceDirect-Q3-offset-100.json,,
SD-RAW-0658,Identification of hierarchical causation networks for power system security incidents: a feedback-driven multi-agent framework,Yuexiang Yang; Xinyu Tu; Xinghao Zhao; Abstract; Export,2026,Safety Science,https://www.sciencedirect.com/science/article/pii/S0925753526001700,Research article,ScienceDirect,SD-Q3,02_search_exports/repaired/W4-20260930-ScienceDirect-Q3-offset-100.json,,
SD-RAW-0659,"Blockchain as a service for enhancing security in education: Application, challenges and case studies",Anshit Mittal; Rohit Jha; Pawan Singh Mehra; Abstract; Graphical Abstract; Export,2026,Computers and Electrical Engineering,https://www.sciencedirect.com/science/article/pii/S0045790626005021,Review article,ScienceDirect,SD-Q3,02_search_exports/repaired/W4-20260930-ScienceDirect-Q3-offset-100.json,,
SD-RAW-0660,Stress and Trauma Symptoms in Young Palestine Refugee Children Following the May 2021 Escalation in Gaza,Nina Schöler; Gilad Gal; Akihiro Seita; View PDF; Abstract; Export,2021,JAACAP Open,https://www.sciencedirect.com/science/article/pii/S2949732924000565,Research articleOpen access,ScienceDirect,SD-Q3,02_search_exports/repaired/W4-20260930-ScienceDirect-Q3-offset-100.json,,
SD-RAW-0661,Data-driven integrated method for frequency security assessment and control in power systems,Junyong Wu; Jiaxu Li; Zhenyuan Zhang; View PDF; Abstract; Export,2026,International Journal of Electrical Power & Energy Systems,https://www.sciencedirect.com/science/article/pii/S0142061526001298,Research articleOpen access,ScienceDirect,SD-Q3,02_search_exports/repaired/W4-20260930-ScienceDirect-Q3-offset-100.json,,
SD-RAW-0662,"Attacks, defenses and perspectives for the runtime security of RISC-V IoT devices: A review",Wei Wang; Weike Wang; Xiang Wang; Abstract; Export,2026,Computers & Security,https://www.sciencedirect.com/science/article/pii/S0167404825005061,Review article,ScienceDirect,SD-Q3,02_search_exports/repaired/W4-20260930-ScienceDirect-Q3-offset-100.json,,
SD-RAW-0663,A formal approach for security pattern enforcement in software architecture,Quentin Rouland; Kamel Adi; Luigi Logrippo; View PDF; Abstract; Export,2026,Computers & Security,https://www.sciencedirect.com/science/article/pii/S0167404825004389,Research articleOpen access,ScienceDirect,SD-Q3,02_search_exports/repaired/W4-20260930-ScienceDirect-Q3-offset-100.json,,
SD-RAW-0664,Fascioliasis and anisakidosis highlight the need for integrated One Health approaches to food safety and security,Anand Chakroborty; Shokoofeh Shamsi; Abstract; Graphical Abstract; Export,2026,The Journal of Nutrition,https://www.sciencedirect.com/science/article/pii/S0022316626004840,Research article,ScienceDirect,SD-Q3,02_search_exports/repaired/W4-20260930-ScienceDirect-Q3-offset-100.json,,
SD-RAW-0665,Enhancing security in the ISO 15118–20 ​EV charging system,Ross Porter; Morteza Biglari-Abhari; Duleepa Thrimawithana; View PDF; Abstract; Graphical Abstract; Export,2025,Green Energy and Intelligent Transportation,https://www.sciencedirect.com/science/article/pii/S277315372500012X,Research articleOpen access,ScienceDirect,SD-Q3,02_search_exports/repaired/W4-20260930-ScienceDirect-Q3-offset-100.json,,
SD-RAW-0666,"Environmental higher education, formal finance, energy security risk, and renewable energy investment in China: An aggregate and disaggregate analysis",Qingrui Zeng; Muhammad Hafeez; Sana Ullah; Abstract; Export,2024,Renewable Energy,https://www.sciencedirect.com/science/article/pii/S0960148124011704,Research article,ScienceDirect,SD-Q3,02_search_exports/repaired/W4-20260930-ScienceDirect-Q3-offset-100.json,,
SD-RAW-0667,Incentive design in gamified cyber security training: the roles of loss aversion and fixed rewards,Nicole Carle; Jacques Ophoff; Lynsay Shepherd; View PDF; Abstract; Export,2027,Computers & Security,https://www.sciencedirect.com/science/article/pii/S0167404826003639,Research articleOpen access,ScienceDirect,SD-Q3,02_search_exports/repaired/W4-20260930-ScienceDirect-Q3-offset-100.json,,
SD-RAW-0668,"Rethinking preparedness for re-emerging filovirus diseases in Africa: Integrating governance, policy, and health security innovation",Jean de Dieu Harelimana; Pierre Gashema; Claude Mambo Muvunyi; View PDF; Abstract; Export,2026,International Journal of Infectious Diseases,https://www.sciencedirect.com/science/article/pii/S1201971226002948,Mini reviewOpen access,ScienceDirect,SD-Q3,02_search_exports/repaired/W4-20260930-ScienceDirect-Q3-offset-100.json,,
SD-RAW-0669,Intelligent computational neuro predictive structure for nonlinear computer virus transmission dynamic model in information security,Nabeela Anwar; Aqsa Saddiq; Adiqa Kausar Kiani; Abstract; Export,2026,Simulation Modelling Practice and Theory,https://www.sciencedirect.com/science/article/pii/S1569190X26000584,Research article,ScienceDirect,SD-Q3,02_search_exports/repaired/W4-20260930-ScienceDirect-Q3-offset-100.json,,
SD-RAW-0670,"Network Security and Cryptography: Threats, Obstacles and Solutions -  A Bibliometric Analysis",Purushottam Singh; Sandip Dutta; Prashant Pranav; Abstract; Export,,Recent Advances in Computer Science and Communications,https://www.sciencedirect.com/science/article/pii/S2666256625000182,Research article,ScienceDirect,SD-Q3,02_search_exports/repaired/W4-20260930-ScienceDirect-Q3-offset-100.json,,
SD-RAW-0671,MsFE-MLP: A multi-scale feature enhancement method for network security situation prediction based on multi-layer perceptron,Shengcai Zhang; Fanchang Zeng; Dezhi An; Abstract; Export,2026,Computer Networks,https://www.sciencedirect.com/science/article/pii/S1389128626004937,Research article,ScienceDirect,SD-Q3,02_search_exports/repaired/W4-20260930-ScienceDirect-Q3-offset-100.json,,
SD-RAW-0672,Optimal scheduling of renewable energy system based on probabilistic power balance under dynamic frequency security,Zhiwei Li; Jiakai Wang; Yuze Zhao; View PDF; Abstract; Export,2026,Global Energy Interconnection,https://www.sciencedirect.com/science/article/pii/S2096511725001446,Research articleOpen access,ScienceDirect,SD-Q3,02_search_exports/repaired/W4-20260930-ScienceDirect-Q3-offset-100.json,,
SD-RAW-0673,Zero-trust node security for KubeEdge: A policy-as-service architecture and reliability evaluation,HengJun Lu; Abstract; Export,2027,Future Generation Computer Systems,https://www.sciencedirect.com/science/article/pii/S0167739X26004401,Research article,ScienceDirect,SD-Q3,02_search_exports/repaired/W4-20260930-ScienceDirect-Q3-offset-100.json,,
SD-RAW-0674,Quiet power: How security interests shape offshore wind and marine spatial planning in Sweden,Karina Barquet; Frans Sjölander; View PDF; Abstract; Export,2025,Energy Research & Social Science,https://www.sciencedirect.com/science/article/pii/S2214629625005328,Research articleOpen access,ScienceDirect,SD-Q3,02_search_exports/repaired/W4-20260930-ScienceDirect-Q3-offset-100.json,,
SD-RAW-0675,Advances in CRISPR/Cas9 genome editing for crop improvement and global food security,Saba Haider; Aditya Pratap Singh; Mehdi Rahimi; View PDF; Abstract; Export,2026,Current Plant Biology,https://www.sciencedirect.com/science/article/pii/S2214662826000150,Review articleOpen access,ScienceDirect,SD-Q3,02_search_exports/repaired/W4-20260930-ScienceDirect-Q3-offset-100.json,,
SD-RAW-0676,Chapter 3: Security considerations in an energy-efficient super-smart city,Hossein Abdi; Hamed Nozari; Abstract; Export,,Energy-Efficient Transformative Technologies for Data-Driven Smart Cities,https://www.sciencedirect.com/science/article/pii/B9780443276187000108,Book chapter,ScienceDirect,SD-Q3,02_search_exports/repaired/W4-20260930-ScienceDirect-Q3-offset-100.json,,
SD-RAW-0677,Enhancing security and trust using efficient privacy-preserving authentication in vehicular edge computing networks,Anwar Ghani; Saeed Ullah Jan; Do Hyeun Kim; Abstract; Graphical Abstract; Export,2025,Vehicular Communications,https://www.sciencedirect.com/science/article/pii/S2214209625000488,Research article,ScienceDirect,SD-Q3,02_search_exports/repaired/W4-20260930-ScienceDirect-Q3-offset-100.json,,
SD-RAW-0678,"Performance analysis and prediction of reliability and security for UAV-NOMA systems over 
κ
−
μ
 shadowed channels",Jiangfeng Sun; Jialiang Li; Xingwang Li; Abstract; Graphical Abstract; Export,2026,Physical Communication,https://www.sciencedirect.com/science/article/pii/S1874490726003344,Research article,ScienceDirect,SD-Q3,02_search_exports/repaired/W4-20260930-ScienceDirect-Q3-offset-100.json,,
SD-RAW-0679,Robust Network Security: A Deep Learning Approach to Intrusion Detection in IoT,Ammar Odeh; Anas Abu Taleb; Abstract; Export,2024,"Computers, Materials and Continua",https://www.sciencedirect.com/science/article/pii/S1546221824008622,Research articleOpen access,ScienceDirect,SD-Q3,02_search_exports/repaired/W4-20260930-ScienceDirect-Q3-offset-100.json,,
SD-RAW-0680,A deep fake detection approach for cyber security threat based on deep learning and diffusion-osmosis model,Basim Najim Al-din Abed; J. Karimpour; Farnaz Mahan; View PDF; Abstract; Export,2025,Egyptian Informatics Journal,https://www.sciencedirect.com/science/article/pii/S1110866525001410,Research articleOpen access,ScienceDirect,SD-Q3,02_search_exports/repaired/W4-20260930-ScienceDirect-Q3-offset-100.json,,
SD-RAW-0681,BERE: Ensuring immutability and transparency with blockchain in real estate appraisal industry,Muruvvet Kalkan; Murat Karakus; Abstract; Export,2026,Computer Standards & Interfaces,https://www.sciencedirect.com/science/article/pii/S0920548925001242,Research article,ScienceDirect,SD-Q3,02_search_exports/repaired/W4-20260930-ScienceDirect-Q3-offset-100.json,,
SD-RAW-0682,"Climate Change Impacts on Water Security in Ethiopia: A systematic Review of Hydroclimatic Trends, Resilience Strategies, and Governance in Major River Basins",Abebe M. Legass; Tena Alamirew; Lewoye Tsegaye; View PDF; Abstract; Export,2026,Progress in Disaster Science,https://www.sciencedirect.com/science/article/pii/S2590061726000487,Review articleOpen access,ScienceDirect,SD-Q3,02_search_exports/repaired/W4-20260930-ScienceDirect-Q3-offset-100.json,,
SD-RAW-0683,Assessment of attack likelihood to support security risk assessment studies for chemical facilities,Gabriele Landucci; Francesca Argenti; Genserik Reniers; Abstract; Export,2017,Process Safety and Environmental Protection,https://www.sciencedirect.com/science/article/pii/S0957582017302100,Research article,ScienceDirect,SD-Q3,02_search_exports/repaired/W4-20260930-ScienceDirect-Q3-offset-100.json,,
SD-RAW-0684,Blockchain-enabled wireless body area networks security from DDoS attacks using soft computing algorithms,Poonam Sharma; Meenakshi; Prabhjot Kaur; View PDF; Abstract; Export,2026,Franklin Open,https://www.sciencedirect.com/science/article/pii/S2773186326002926,Research articleOpen access,ScienceDirect,SD-Q3,02_search_exports/repaired/W4-20260930-ScienceDirect-Q3-offset-100.json,,
SD-RAW-0685,Reconfiguring security: India's act east policy and its impact on Manipur,Atchareeya Saisin; Siriporn Somboonboorana; Rajen Singh Laishram; View PDF; Abstract; Export,,Social Sciences & Humanities Open,https://www.sciencedirect.com/science/article/pii/S2590291125006084,Research articleOpen access,ScienceDirect,SD-Q3,02_search_exports/repaired/W4-20260930-ScienceDirect-Q3-offset-100.json,,
SD-RAW-0686,"Geopolitical fractures in energy markets: Cross-dimensional analysis of security, socioeconomic, and policy landscapes under Russia-Ukraine conflict",Mingsong Sun; Yutong Song; Fei Ren; Abstract; Export,2026,Energy Policy,https://www.sciencedirect.com/science/article/pii/S0301421525004379,Research article,ScienceDirect,SD-Q3,02_search_exports/repaired/W4-20260930-ScienceDirect-Q3-offset-100.json,,
SD-RAW-0687,Hash-Based Signature Authentication for Scalable and Security-Consistent QKD Post-Processing,Chaokun Wang; Sijiang Xie; Hong Zhao; Abstract; Export,,"Computers, Materials and Continua",https://www.sciencedirect.com/science/article/pii/S1546221826004212,Research articleOpen access,ScienceDirect,SD-Q3,02_search_exports/repaired/W4-20260930-ScienceDirect-Q3-offset-100.json,,
SD-RAW-0688,Smart PSS integration and data security supervision in digital servitization supply chains: a network equilibrium perspective,Yongtao Peng; Zhan Shi; Yaya Li; Abstract; Export,2026,Industrial Management & Data Systems,https://www.sciencedirect.com/science/article/pii/S0263557726000886,,ScienceDirect,SD-Q3,02_search_exports/repaired/W4-20260930-ScienceDirect-Q3-offset-100.json,,
SD-RAW-0689,Adaptive lightweight authentication (ALA): An efficient paradigm for IoT devices security,Sundas Asghar; Adnan Ahmad; Jehangir Arshad; View PDF; Abstract; Export,2026,"Engineering Science and Technology, an International Journal",https://www.sciencedirect.com/science/article/pii/S2215098626001679,Research articleOpen access,ScienceDirect,SD-Q3,02_search_exports/repaired/W4-20260930-ScienceDirect-Q3-offset-100.json,,
SD-RAW-0690,SCLLS: Security CertificateLess Lattice-based Signature in SAGIN,Weizhi Wang; Chenxi Sun; Huiyan Chen; Abstract; Export,2026,Computer Networks,https://www.sciencedirect.com/science/article/pii/S1389128626006511,Research article,ScienceDirect,SD-Q3,02_search_exports/repaired/W4-20260930-ScienceDirect-Q3-offset-100.json,,
SD-RAW-0691,An improved smart contract-based bring your own device (BYOD) security control framework,Khalid A. Almarhabi; View PDF; Abstract; Export,2024,Alexandria Engineering Journal,https://www.sciencedirect.com/science/article/pii/S1110016824009116,Research articleOpen access,ScienceDirect,SD-Q3,02_search_exports/repaired/W4-20260930-ScienceDirect-Q3-offset-100.json,,
SD-RAW-0692,Enhanced security framework for medical data embedding based on octonionic steganographic transforms and FPGA-accelerated integrity verification,Mohamed Amine Tahiri; Ilham Karmouni; Mohamed Abouhawwash; View PDF; Abstract; Export,2025,Alexandria Engineering Journal,https://www.sciencedirect.com/science/article/pii/S1110016825005149,Research articleOpen access,ScienceDirect,SD-Q3,02_search_exports/repaired/W4-20260930-ScienceDirect-Q3-offset-100.json,,
SD-RAW-0693,Improving security in cloud by formal modeling of IaaS resources,Flora Amato; Francesco Moscato; Francesco Colace; Abstract; Export,2018,Future Generation Computer Systems,https://www.sciencedirect.com/science/article/pii/S0167739X17305964,Research article,ScienceDirect,SD-Q3,02_search_exports/repaired/W4-20260930-ScienceDirect-Q3-offset-100.json,,
SD-RAW-0694,RootAsRole: a security module to manage the administrative privileges for Linux,Ahmad Samer Wazan; David W Chadwick; Mustafa Kaiiali; View PDF; Abstract; Export,2022,Computers & Security,https://www.sciencedirect.com/science/article/pii/S0167404822003753,Research articleOpen access,ScienceDirect,SD-Q3,02_search_exports/repaired/W4-20260930-ScienceDirect-Q3-offset-100.json,,
SD-RAW-0695,SAND5G – Strengthening 5G with security assessments for networks and services,Dionysia Varvarigou; Kostas Lampropoulos; Paris Kitsos; View PDF; Abstract; Export,2026,Microprocessors and Microsystems,https://www.sciencedirect.com/science/article/pii/S0141933126000372,Research articleOpen access,ScienceDirect,SD-Q3,02_search_exports/repaired/W4-20260930-ScienceDirect-Q3-offset-100.json,,
SD-RAW-0696,How Can the Balance of Green Infrastructure Supply and Demand Build an Ecological Security Pattern,Haixia Zhao; Binjie Gu; Yijiang Chen; Abstract; Export,,Ecosystem Health and Sustainability,https://www.sciencedirect.com/science/article/pii/S2332887824000308,Research articleOpen access,ScienceDirect,SD-Q3,02_search_exports/repaired/W4-20260930-ScienceDirect-Q3-offset-100.json,,
SD-RAW-0697,A model-driven formal methods approach to software architectural security vulnerabilities specification and verification,Quentin Rouland; Brahim Hamid; Jason Jaskolka; Abstract; Export,2025,Journal of Systems and Software,https://www.sciencedirect.com/science/article/pii/S0164121224002632,Research article,ScienceDirect,SD-Q3,02_search_exports/repaired/W4-20260930-ScienceDirect-Q3-offset-100.json,,
SD-RAW-0698,Assessment and strategies for water supply security risks in the estuarine city Shanghai under normalized extreme climate conditions,Heshan Fan; Heqin Cheng; Xianlin Zhang; Abstract; Export,2024,Journal of Cleaner Production,https://www.sciencedirect.com/science/article/pii/S0959652624027483,Research article,ScienceDirect,SD-Q3,02_search_exports/repaired/W4-20260930-ScienceDirect-Q3-offset-100.json,,
SD-RAW-0699,"Mesenchymal stromal cell infusions of umbilical cord-derived mesenchymal stromal cells in children with recessive dystrophic epidermolysis bullosa (MissionEB): a randomised, double-blind, placebo controlled, crossover, phase 3 trial with an internal phase 1 dose de-escalation phase",Maria L. Bageta; Pablo Lopez-Balboa; Anna E. Martinez; View PDF; Abstract; Export,2025,eClinicalMedicine,https://www.sciencedirect.com/science/article/pii/S2589537025003499,Research articleOpen access,ScienceDirect,SD-Q3,02_search_exports/repaired/W4-20260930-ScienceDirect-Q3-offset-100.json,,
SD-RAW-0700,Mitigating climate change impacts on food security via climate-smart agriculture,Temesgen Begna; Rusha Begna Wakweya; View PDF; Abstract; Export,2026,Plant Stress,https://www.sciencedirect.com/science/article/pii/S2667064X25004191,Review articleOpen access,ScienceDirect,SD-Q3,02_search_exports/repaired/W4-20260930-ScienceDirect-Q3-offset-100.json,,
SD-RAW-0701,An effective E-voting enhancement system through multi secret image sharing security system,Venkata Chinnaiah Gupta Samayamanthula; Satya Prasad Kodati; Abstract; Export,2025,Knowledge-Based Systems,https://www.sciencedirect.com/science/article/pii/S0950705125002862,Research article,ScienceDirect,SD-Q3,02_search_exports/repaired/W4-20260930-ScienceDirect-Q3-offset-100.json,,
SD-RAW-0702,Research on cloud computing network security mechanism and optimization in university education management informatization based on OpenFlow,Xiufang Dong; Yun Xie; View PDF; Abstract; Export,2025,Systems and Soft Computing,https://www.sciencedirect.com/science/article/pii/S2772941925000432,Research articleOpen access,ScienceDirect,SD-Q3,02_search_exports/repaired/W4-20260930-ScienceDirect-Q3-offset-100.json,,
SD-RAW-0703,A TEE-based approach for preserving data secrecy in process mining with decentralized sources,Davide Basile; Valerio Goretti; Claudio Di Ciccio; Abstract; Export,2026,Journal of Information Security and Applications,https://www.sciencedirect.com/science/article/pii/S2214212626000116,Research article,ScienceDirect,SD-Q3,02_search_exports/repaired/W4-20260930-ScienceDirect-Q3-offset-100.json,,
SD-RAW-0704,EPUV: A lightweight protocol for enhancing security and performance in UAV-assisted IoV systems,Haradhan Ghosh; Ayanabha Ghosh; Satya Bagchi; Abstract; Export,2026,Pervasive and Mobile Computing,https://www.sciencedirect.com/science/article/pii/S1574119226000477,Research article,ScienceDirect,SD-Q3,02_search_exports/repaired/W4-20260930-ScienceDirect-Q3-offset-100.json,,
SD-RAW-0705,A high-security batch message authentication protocol assisted by edge servers in industrial Internet of Things,Han Yu; Jianhong Zhou; Maode Ma; Abstract; Export,2025,Journal of Information Security and Applications,https://www.sciencedirect.com/science/article/pii/S2214212625001127,Research article,ScienceDirect,SD-Q3,02_search_exports/repaired/W4-20260930-ScienceDirect-Q3-offset-100.json,,
SD-RAW-0706,"Unfolding the relationship between data privacy and security, users’ trust and satisfaction in smart cities using the IS model",Charu Sharma; Shivali Choudhary; Santap Sanhari Mishra; Abstract; Export,2025,"Transforming Government: People, Process and Policy",https://www.sciencedirect.com/science/article/pii/S1750616625000216,Research article,ScienceDirect,SD-Q3,02_search_exports/repaired/W4-20260930-ScienceDirect-Q3-offset-100.json,,
SD-RAW-0707,Cybersecurity for smart and resilient manufacturing and supply chains: A systematic review of the evolving knowledge base,Krystel K. Castillo-Villar; Huijuan Dai; Hamed Mehrzadi; View PDF; Abstract; Graphical Abstract; Export,2026,Computers & Industrial Engineering,https://www.sciencedirect.com/science/article/pii/S0360835226004456,Research articleOpen access,ScienceDirect,SD-Q3,02_search_exports/repaired/W4-20260930-ScienceDirect-Q3-offset-100.json,,
SD-RAW-0708,Security script arrangement based on enhanced BERT for cooperative defense in networked control systems,Ming Wan; Xueqing Liu; Chuan Sheng; Abstract; Export,2026,Expert Systems with Applications,https://www.sciencedirect.com/science/article/pii/S0957417425033688,Research article,ScienceDirect,SD-Q3,02_search_exports/repaired/W4-20260930-ScienceDirect-Q3-offset-100.json,,
SD-RAW-0709,Web 3.0 security: Backdoor attacks in federated learning-based automatic speaker verification systems in the 6G era,Yi Wu; Jiayi Chen; M. Shamim Hossain; Abstract; Export,2024,Future Generation Computer Systems,https://www.sciencedirect.com/science/article/pii/S0167739X24003224,Research article,ScienceDirect,SD-Q3,02_search_exports/repaired/W4-20260930-ScienceDirect-Q3-offset-100.json,,
SD-RAW-0710,A domain-specific knowledge graph for reasoning over AI security threats and defenses,Samaneh Shamshiri; Danial Javaheri; Junbeom Hur; Abstract; Export,2026,Knowledge-Based Systems,https://www.sciencedirect.com/science/article/pii/S0950705126012189,Research article,ScienceDirect,SD-Q3,02_search_exports/repaired/W4-20260930-ScienceDirect-Q3-offset-100.json,,
SD-RAW-0711,"Safer to hold, easier to trade: Data security governance and stock liquidity",Weizhong Chen; Yunxi Tang; Weiyue Zhang; Abstract; Export,2027,Pacific-Basin Finance Journal,https://www.sciencedirect.com/science/article/pii/S0927538X26003264,Research article,ScienceDirect,SD-Q3,02_search_exports/repaired/W4-20260930-ScienceDirect-Q3-offset-100.json,,
SD-RAW-0712,Cultural relevance of food security initiatives and the associated impacts on the cultural identity of immigrants in Canada: A scoping review of food insecurity literature,Elizabeth Onyango; Keji Mori; Dayirai Kapfunde; View PDF; Abstract; Export,2025,"Wellbeing, Space and Society",https://www.sciencedirect.com/science/article/pii/S2666558125000351,Review articleOpen access,ScienceDirect,SD-Q3,02_search_exports/repaired/W4-20260930-ScienceDirect-Q3-offset-100.json,,
SD-RAW-0713,Formally verifying security protocols built on watermarking and jamming,Gabriele Costa; Pierpaolo Degano; Simone Soderi; View PDF; Abstract; Export,2023,Computers & Security,https://www.sciencedirect.com/science/article/pii/S0167404823000433,Research articleOpen access,ScienceDirect,SD-Q3,02_search_exports/repaired/W4-20260930-ScienceDirect-Q3-offset-100.json,,
SD-RAW-0714,Behavioral equivalences for AbU: Verifying security and safety in distributed IoT systems,Michele Pasqua; Marino Miculan; View PDF; Abstract; Export,2024,Theoretical Computer Science,https://www.sciencedirect.com/science/article/pii/S030439752400152X,Research articleOpen access,ScienceDirect,SD-Q3,02_search_exports/repaired/W4-20260930-ScienceDirect-Q3-offset-100.json,,
SD-RAW-0715,RAVE-Code: A Risk-Aware Verification Engine for AI-Generated Code Security Using Composite Risk Scoring and CWE-Conditioned Model Checking,Maher Alharby; Ali Alssaiari; Abstract; Export,,"Computers, Materials and Continua",https://www.sciencedirect.com/science/article/pii/S1546221826007186,,ScienceDirect,SD-Q3,02_search_exports/repaired/W4-20260930-ScienceDirect-Q3-offset-100.json,,
SD-RAW-0716,The impact of introducing a (nearly) redundant security: Evidence from Malaysian corporate bonds,Antje Berndt; Jean Helwege; Frank Packer; Abstract; Export,2026,Journal of Financial Economics,https://www.sciencedirect.com/science/article/pii/S0304405X26000814,Research article,ScienceDirect,SD-Q3,02_search_exports/repaired/W4-20260930-ScienceDirect-Q3-offset-100.json,,
SD-RAW-0717,A quantitative security evaluation and analysis model for web applications based on OWASP application security verification standard,Shao-Fang Wen; Basel Katt; View PDF; Abstract; Export,2023,Computers & Security,https://www.sciencedirect.com/science/article/pii/S016740482300442X,Research articleOpen access,ScienceDirect,SD-Q3,02_search_exports/repaired/W4-20260930-ScienceDirect-Q3-offset-100.json,,
SD-RAW-0718,IoT-based smart protection system to address agro-farm security challenges in Bangladesh,Nafis Sadique Sayem; Sagor Chowdhury; Chayan Kumer Saha; View PDF; Abstract; Export,2023,Smart Agricultural Technology,https://www.sciencedirect.com/science/article/pii/S2772375523001867,Research articleOpen access,ScienceDirect,SD-Q3,02_search_exports/repaired/W4-20260930-ScienceDirect-Q3-offset-100.json,,
SD-RAW-0719,Robust deep learning-based key generation for medical image security with usability through thumbnail-preserving encryption,Soniya Rohhila; Kedar Nath Singh; Brij B. Gupta; Abstract; Graphical Abstract; Export,2026,Image and Vision Computing,https://www.sciencedirect.com/science/article/pii/S0262885626001587,Research article,ScienceDirect,SD-Q3,02_search_exports/repaired/W4-20260930-ScienceDirect-Q3-offset-100.json,,
SD-RAW-0720,A model checking-based security analysis framework for IoT systems,Zheng Fang; Hao Fu; Prasant Mohapatra; View PDF; Abstract; Export,2021,High-Confidence Computing,https://www.sciencedirect.com/science/article/pii/S2667295221000052,Research articleOpen access,ScienceDirect,SD-Q3,02_search_exports/repaired/W4-20260930-ScienceDirect-Q3-offset-100.json,,
SD-RAW-0721,Acceptance of integrated rice–fish farming in Iran: a sustainable strategy for the future of food security,Moslem Savari; Maryam Karimi Malekabadi; Mohammad Jalali; View PDF; Abstract; Export,2026,Results in Engineering,https://www.sciencedirect.com/science/article/pii/S2590123026027106,Research articleOpen access,ScienceDirect,SD-Q3,02_search_exports/repaired/W4-20260930-ScienceDirect-Q3-offset-100.json,,
SD-RAW-0722,Physical layer security analysis and resource optimization for satellite-terrestrial multi-antenna systems,Kexin Wang; Jian Zhang; Yan Li; Abstract; Export,2026,Digital Signal Processing,https://www.sciencedirect.com/science/article/pii/S1051200426000692,Research article,ScienceDirect,SD-Q3,02_search_exports/repaired/W4-20260930-ScienceDirect-Q3-offset-100.json,,
SD-RAW-0723,SharAcc: Enhancing scalability and security in Attribute-Based Access Control with sharding-based blockchain and full decentralization,Yuqing Ding; Zhongcheng Wu; Manyu Ding; Abstract; Export,2025,Computer Networks,https://www.sciencedirect.com/science/article/pii/S1389128624008247,Research article,ScienceDirect,SD-Q3,02_search_exports/repaired/W4-20260930-ScienceDirect-Q3-offset-100.json,,
SD-RAW-0724,On the security of aggregate signature–based conditional privacy-preserving authentication schemes for VANETs,Kyung-Ah Shim; Hyeokdong Kwon; View PDF; Abstract; Export,2026,ICT Express,https://www.sciencedirect.com/science/article/pii/S2405959526000330,Research articleOpen access,ScienceDirect,SD-Q3,02_search_exports/repaired/W4-20260930-ScienceDirect-Q3-offset-100.json,,
SD-RAW-0725,Integrating the AE-AM model and the SMI-P framework for water environmental security assessment: A case study of the Chushandian Reservoir basin,Xinyu Guo; Lianhai Cao; Haodong Ji; View PDF; Abstract; Export,2025,Ecological Indicators,https://www.sciencedirect.com/science/article/pii/S1470160X25012075,Research articleOpen access,ScienceDirect,SD-Q3,02_search_exports/repaired/W4-20260930-ScienceDirect-Q3-offset-100.json,,
SD-RAW-0726,Structural vulnerability and operational adaptation: Insights from ecological network analysis of China's chromium supply chain security,Yihang Xiang; Xin Li; Chunxu Gong; Abstract; Export,2026,Journal of Cleaner Production,https://www.sciencedirect.com/science/article/pii/S095965262601927X,Research article,ScienceDirect,SD-Q3,02_search_exports/repaired/W4-20260930-ScienceDirect-Q3-offset-100.json,,
SD-RAW-0727,Blockchain-enabled EHR access auditing: Enhancing healthcare data security,Faheem Ullah; Jingsha He; Soumyabrata Dev; View PDF; Abstract; Export,2024,Heliyon,https://www.sciencedirect.com/science/article/pii/S2405844024104380,Research articleOpen access,ScienceDirect,SD-Q3,02_search_exports/repaired/W4-20260930-ScienceDirect-Q3-offset-100.json,,
SD-RAW-0728,The vigilance paradox: automation reliance inside the modern SOC,Jack Tilbury; Stephen V. Flowerday; Abstract; Export,2026,Information and Computer Security,https://www.sciencedirect.com/science/article/pii/S2056496126000383,Research article,ScienceDirect,SD-Q3,02_search_exports/repaired/W4-20260930-ScienceDirect-Q3-offset-100.json,,
SD-RAW-0729,Achieving sustainable development with the application of artificial intelligence: Effects on global green energy security amid geopolitical risk,Muhammad Zubair Chishti; Asif Ali; Oktay Özkan; Abstract; Export,2026,Technology in Society,https://www.sciencedirect.com/science/article/pii/S0160791X25003914,Research article,ScienceDirect,SD-Q3,02_search_exports/repaired/W4-20260930-ScienceDirect-Q3-offset-100.json,,
SD-RAW-0730,A security modeling and verification method of embedded software based on Z and MARTE,Xinwen Hu; Yi Zhuang; Fuyuan Zhang; Abstract; Export,2020,Computers & Security,https://www.sciencedirect.com/science/article/pii/S0167404818304358,Research article,ScienceDirect,SD-Q3,02_search_exports/repaired/W4-20260930-ScienceDirect-Q3-offset-100.json,,
SD-RAW-0731,Impacts of resilience on food security in rural households of Iran under drought conditions using an extended sustainable livelihood framework,Mahsa Rajab-Kalantarzadeh; Moslem Savari; View PDF; Abstract; Export,2025,Results in Engineering,https://www.sciencedirect.com/science/article/pii/S2590123025012204,Research articleOpen access,ScienceDirect,SD-Q3,02_search_exports/repaired/W4-20260930-ScienceDirect-Q3-offset-100.json,,
SD-RAW-0732,Raiju: Reinforcement learning-guided post-exploitation for automating security assessment of network systems,Van-Hau Pham; Hien Do Hoang; Phan The Duy; Abstract; Export,2024,Computer Networks,https://www.sciencedirect.com/science/article/pii/S1389128624005383,Research article,ScienceDirect,SD-Q3,02_search_exports/repaired/W4-20260930-ScienceDirect-Q3-offset-100.json,,
SD-RAW-0733,Modeling food security risk propagation: A hybrid static-dynamic analytical framework,Lipeng Fu; Jiarui Yan; Shengsheng Fu; Abstract; Export,2026,Journal of Cleaner Production,https://www.sciencedirect.com/science/article/pii/S0959652626011807,Research article,ScienceDirect,SD-Q3,02_search_exports/repaired/W4-20260930-ScienceDirect-Q3-offset-100.json,,
SD-RAW-0734,Organizational law as asset partitioning,Henry Hansmann; Reinier Kraakman; View PDF; Abstract; Export,2000,European Economic Review,https://www.sciencedirect.com/science/article/pii/S0014292100000465,Research articleOpen archive,ScienceDirect,SD-Q3,02_search_exports/repaired/W4-20260930-ScienceDirect-Q3-offset-100.json,,
SD-RAW-0735,Revised control strategy for coal-fired power plants during transient processes considering heat transfer deterioration of cooling wall: Flexibility enhancement and security operation,Dengliang Wang; Yongliang Zhao; Junjie Yan; Abstract; Export,2025,International Journal of Heat and Mass Transfer,https://www.sciencedirect.com/science/article/pii/S0017931025007112,Research article,ScienceDirect,SD-Q3,02_search_exports/repaired/W4-20260930-ScienceDirect-Q3-offset-100.json,,
SD-RAW-0736,Harnessing the power of cinnamon oil: A review of its potential as natural biopesticide and its implications for food security,Yursida Yursida; Frederick Andrew; Nicky Rahmana Putra; View PDF; Abstract; Export,2025,Heliyon,https://www.sciencedirect.com/science/article/pii/S2405844025002075,Review articleOpen access,ScienceDirect,SD-Q3,02_search_exports/repaired/W4-20260930-ScienceDirect-Q3-offset-100.json,,
SD-RAW-0737,The knowing-doing gap in generative AI security: Unpacking the divergent roles of two-dimensional FoMO,Hung Yu Chen; Abstract; Export,2026,Computers & Security,https://www.sciencedirect.com/science/article/pii/S0167404826001604,Research article,ScienceDirect,SD-Q3,02_search_exports/repaired/W4-20260930-ScienceDirect-Q3-offset-100.json,,
SD-RAW-0738,Analysis of past accidents triggered by physical security attacks to dangerous goods transportation systems,Valeria Casson Moreno; Michela Guarguaglini; Gabriele Landucci; Abstract; Export,2026,Journal of Loss Prevention in the Process Industries,https://www.sciencedirect.com/science/article/pii/S0950423026000586,Research article,ScienceDirect,SD-Q3,02_search_exports/repaired/W4-20260930-ScienceDirect-Q3-offset-100.json,,
SD-RAW-0739,"Engineering drought resilience in plants: integrating multi-omics, machine learning, and single-cell technologies for future food security",Muhammad Umair Hassan; Waqas Mushtaq; Lixian Wang; View PDF; Abstract; Export,2026,Horticultural Plant Journal,https://www.sciencedirect.com/science/article/pii/S2468014126001779,Review articleOpen access,ScienceDirect,SD-Q3,02_search_exports/repaired/W4-20260930-ScienceDirect-Q3-offset-100.json,,
SD-RAW-0740,Enhancing vehicular communication security: A two-factor authentication protocol for V2V communications in IoV,Yan Li; Yuhan Zhang; Xiang Gong; Abstract; Export,2025,Journal of Information Security and Applications,https://www.sciencedirect.com/science/article/pii/S2214212625001516,Research article,ScienceDirect,SD-Q3,02_search_exports/repaired/W4-20260930-ScienceDirect-Q3-offset-100.json,,
